clave,lat,lon,estacion,edo,abr-23
ABAYC,-89.681111,20.649444,Abalá,YUC,0
ABSGJ,-101.536667,20.446944,Abasolo,GTO,0
ABSTP,-98.39,24.065556,Abasolo,TAMPS,60.6
ACACP,-92.804167,16.552778,Acala,CHIS,0
ACAGR,-99.906667,16.849722,Acapulco,GRO,0
ACANR,-105.354167,22.49,Acaponeta,NAY,0
ACAVC,-96.843889,19.695833,Acatlán,VER,61.55
ACHPB,-97.418056,19.45,Alchichilca,PUE,11.709
ACHZC,-103.225278,22.327222,Achimec,JAL,0
ACJPB,-97.934167,19.0625,Acajete,PUE,62.4
ACNGJ,-100.712222,20.0325,Acámbaro,GTO,0.03
ACNSO,-110.226111,29.825,Aconchi,SON,0
ACTHD,-98.941667,20.268056,Actopan,HGO,0
ACTSI,-106.654167,24.047222,Acatitán,SIN,0
ACTVC,-96.5875,19.495,Actopan,VER,20.53
ADOPB,-98.055,18.277222,Acatlán de Osorio,PUE,24.301
AEGGJ,-100.683333,20.533333,Apaseo el Grande,GTO,0
AERGR,-99.516944,17.576389,Observatorio de Chilpancingo Aeropuerto,GRO,9.7
AFIGR,-100.5175,18.075833,Andrés Figueroa,GRO,0.01
AFRPB,-98.135833,18.9425,Africam,PUE,37.8
AGDVC,-94.144444,18.141667,Agua Dulce,VER,23
AGMNR,-104.802222,21.839167,Aguamilpa Solidaridad,NAY,0
AGOMC,-100.608889,19.579722,Agostitlán,MICH,0.7
AGZCH,-107.482778,28.481667,Abraham González,CHIH,0
AHAPB,-97.920833,18.854167,Ahuatepec,PUE,43
AHUGR,-98.975278,17.719722,Ahuacuotzingo,GRO,7.4
AHUPB,-98.148056,20.033056,Ahuazontepec,PUE,34.3
AJJJL,-102.436944,21.599444,Ajojúcar,JAL,0
AJTSL,-98.558333,21.972222,Las Adjuntas,SLP,32.1
ALAVC,-97.68,20.93,Álamo Temapache,VER,112.01
ALMSI,-107.388333,25.101389,Adolfo López Mateos,SIN,0
ALRBN,-116.908333,32.444722,Abelardo L. Rodríguez,BC,0
ALTAMIRANO,-92.034722,16.737778,Altamirano SGT,CHIS,43.2
ALTSO,-111.733333,30.716667,Observatorio de Altar,SON,0
ALTVC,-97.234722,19.7625,Altotonga,VER,158.23
ALUMR,-99.258056,18.734722,Alpuyeca,MOR,7.3
AMCGJ,-100.5825,20.553889,Ameche,GTO,0
AMCMR,-99.376944,18.596111,Amacuzac,MOR,18.2
AMSCL,-101.057222,29.446944,Internacional La Amistad,COAH,1.5
ANGCP,-92.778889,16.401389,Doctor Belisario Domínguez,CHIS,0.1
APAPB,-97.845,20.406944,Apapantilla,PUE,268
APITL,-98.131111,19.428611,Apizaco,TLAX,36
APSGJ,-100.620833,20.454167,Apaseo el Alto,GTO,2
APTMC,-102.371111,19.083056,Apatzingán,MICH,0
ARCSO,-109.106667,27.226111,Adolfo Ruíz Cortines,SON,0
ARCVC,-95.4375,18.583333,Ángel Rosario Cabada,VER,5.72
ARISO,-109.088611,30.07,Aribabi,SON,0
ARLSO,-110.92,29.076667,Abelardo Rodríguez Luján,SON,0
AROCP,-93.8975,16.241111,Observatorio de Arriaga,CHIS,0
ARZSO,-110.1675,30.335833,Arizpe,SON,0
ATBGJ,-101.625556,20.499167,Agua Tibia,GTO,0
ATCHD,-98.348056,21.019444,Atlapexco,HGO,156.5
ATGZC,-103.459167,21.811389,Atolinga,ZAC,0
ATLMR,-98.928056,18.948889,Atlatlahucan,MOR,6.7
ATQJL,-103.091944,20.397222,Atequiza,JAL,0
ATXPB,-98.420833,18.921111,Atlixco,PUE,89.3
ATYGR,-100.433333,17.210278,Atoyac,GRO,1.3
AVCPB,-97.881111,20.385833,Ávila Camacho,PUE,289.01
AWSSI,-107.466667,25.033333,Andrew Weiss,SIN,0
AYUGR,-99.1,16.949444,Ayutla,GRO,0.3
AYUOX,-96.1,17.016667,Ayutla,OAX,38.7
BAABN,-113.560278,28.896389,Bahía de los Ángeles SMN,BC,0
BALTP,-97.926944,22.386111,Bombas Altamira,TAMPS,23.81
BANVC,-96.944444,19.588889,Banderillas,VER,182
BATQT,-100.412222,20.504167,El Batán,QRO,0
BBAJL,-104.061111,19.913611,Basilio Vadillo,JAL,0
BCNSO,-110.238611,30.598889,Bacanuchi,SON,0
BCSJL,-103.724444,22.406111,Bocas,JAL,0.7
BDCTB,-91.483333,17.433333,Boca del Cerro,TAB,5.4
BDDPB,-98.108611,18.9125,Manuel Ávila Camacho,PUE,26.011
BDRSI,-107.5375,25.333333,Badiraguato,SIN,0
BEGGJ,-100.816667,20.833333,La Begońa hidrométrica,GTO,0.01
BIBMC,-102.419167,20.183889,Barraje de Ibarra,MICH,0
BLMSL,-98.955833,21.748889,Ballesmi,SLP,88.3
BLNJL,-103.782778,21.831667,Bolańos,JAL,0
BNMSO,-110.215,30.003611,Banamichi,SON,0
BOQCP,-93.15,16.641944,Boquerón,CHIS,1
BOQOX,-95.929167,16.647222,Boquilla 1,OAX,11.7
BR1TP,-99.123056,24.080556,El Barretal 1,TAMPS,124.6
BRIVC,-96.933333,19.483333,Briones,VER,117.91
BRRGJ,-101.838333,21.048611,El Barrial,GTO,0
BRRTP,-99.215,24.1025,El Barretal,TAMPS,103.2
BSSCH,-108.206389,28.208889,Basaseachi,CHIH,0
BTCHAIREL,-97.876111,22.238333,Boca Toma Chairel SGT,TAMPS,18.7
BTEZC,-102.953333,22.824167,Ramón López Velarde,ZAC,0
BVSCM,-103.613056,19.2475,Buenavista,COL,0
BVSGR,-99.400833,18.459444,Buenavista,GRO,16
CACCP,-92.716667,15.35,Cacaluta,CHIS,3.6
CAGCH,-107.930833,30.376667,Casas Grandes,CHIH,0
CALGR,-100.664444,18.359444,Ciudad Altamirano,GRO,1.5
CALVILLO,-102.712222,21.849167,Calvillo SMN,AGS,0
CANCA,-90.575556,19.295,Canasayab,CAMP,0
CANQR,-86.820278,21.156667,Cancún,QROO,0
CANYC,-89.081667,20.463056,Cantamayec,YUC,0
CARCA,-91.761389,18.654167,El Carmen,CAMP,8.4
CARQT,-100.435556,20.604167,Carrillo,QRO,0
CARTB,-93.376389,18.001111,Cárdenas,TAB,14.6
CASCAJAL,-92.4875,16.308333,Cascajal SGT,CHIS,3.2
CASCP,-92.479167,16.308333,Cascajal,CHIS,16.4
CATARINITAS,-92.483056,15.969167,Catarinitas SGT,CHIS,4.4
CB2VC,-94.253889,17.954444,Planta de Bombeo 2 de La Cangrejera,VER,39
CBIDF,-99.171667,19.453333,Escuela Nacional de Ciencias Biológicas IPN SMN,DF,3.29
CBLMC,-101.461389,20.324167,Casa Blanca,MICH,0.8
CBRDR,-104.810278,24.538333,Caboraca,DGO,5.7
CCHGR,-99.701111,17.672222,Chichihualco,GRO,4
CCLVC,-95.8,18.3,Chacaltianguis,VER,91.2
CCRSO,-109.625,27.416667,Cocoraque,SON,0
CDACL,-100.950278,29.327778,Ciudad Acuńa,COAH,0.01
CDBGR,-100.089444,17.008889,Coyuca de Benítez,GRO,0
CDCUAUHTEMOC,-106.84,28.396667,Ciudad Cuauhtémoc SMN,CHIH,0.6
CDCVC,-96.994444,19.332778,Cosautlán de Carvajal,VER,148.5
CDLCH,-105.446944,28.210833,Ciudad Delicias,CHIH,0
CDOCM,-103.725556,18.758611,Cerro de Ortega,COL,0
CDOOX,-96.263611,17.999167,Miguel de la Madrid Hurtado,OAX,141.9
CDOTP,-98.5975,26.238056,S-J-2-18 Ciudad Díaz Ordaz,TAMPS,162.6
CDRAG,-102.676944,21.9975,La Codorniz,AGS,0
CDSPB,-97.441667,18.987222,Ciudad Serdán,PUE,50.5
CDVSL,-99.016667,21.983333,Ciudad Valles,SLP,118
CEGVC,-96.697778,19.433056,Cerro Gordo,VER,38.8
CEMPB,-97.958333,18.968889,Cemex,PUE,115
CENTRO2APTE,-93.117222,16.757778,Centro Segunda Poniente SGT,CHIS,0
CGCMX,-99.511667,19.205,Gerencia Conagua CODAGEM,MÉX,39
CGZJL,-103.465278,19.697778,Observatorio de Ciudad Guzmán,JAL,0
CHICH,-108.535556,27.392222,Chínipas SMN,CHIH,0
CHICOMUSELO,-92.281389,15.750278,Chicomuselo SGT,CHIS,0
CHICP,-93.100556,16.941667,Manuel Moreno Torres,CHIS,0.1
CHIGR,-99.5,17.545278,Chilpancingo,GRO,14.3
CHIMC,-100.55,19.7,Ciudad Hidalgo,MICH,0
CHIOX,-94.816667,16.583333,Chicapa,OAX,0
CHIPB,-98.579167,18.516111,Chietla,PUE,7.503
CHIZC,-102.896111,21.997222,El Chique,ZAC,0
CHLGR,-99.175833,17.608611,Chilapa,GRO,6.3
CHLMC,-102.774167,19.287778,Constitución de Apatzingán,JAL,0
CHLPB,-98.318056,19.068611,Cholula,PUE,22.5
CHMCA,-90.72,19.361667,Champotón,CAMP,0
CHMCP,-92.283333,15.75,Chicomuselo,CHIS,0
CHMVC,-96.853611,18.563333,Chicomapa,VER,36.1
CHNCH,-106.770556,26.229444,Chinatú SMN,CHIH,0
CHNCM,-103.702778,19.295,El Chanal,COL,0
CHOQR,-88.3275,18.500556,Observatorio de Chetumal,QROO,43.12
CHOYC,-89.829444,20.752778,Chocholá,YUC,0
CHSPB,-98.567778,18.109722,Chila de la Sal,PUE,0.1
CHTSO,-111.516389,30.873333,Cuauhtémoc,SON,0
CHUCH,-106.167778,28.570556,Chihuahua,CHIH,0
CHXSI,-108.329167,26.736111,Observatorio de Choix,SIN,0
CHYVC,-98.155833,21.7375,Paso de Piedras,VER,35.1
CICYC,-89.638056,21.03,Centro de Investigacion Científica,YUC,0
CIHJL,-104.566667,19.233333,Cihuatlán,JAL,0
CJZCH,-106.400278,31.736667,Ciudad Juárez,CHIH,0
CLCSI,-107.4,24.816667,Culiacán,SIN,0
CLLCM,-103.626111,18.826389,Callejones,COL,0
CLNCH,-105.382222,27.576389,Ing. Andrew Weiss,CHIH,1
CLRDR,-103.521667,25.533333,Ciudad Lerdo,DGO,0
CLYGJ,-100.816667,20.536389,Celaya,GTO,0
CMLCM,-103.757222,19.3175,Comala,COL,0
CMNMC,-100.9,18.5,Caimanera,MICH,0.01
CMPCA,-90.544167,19.838333,Campeche,CAMP,0
CMRTP,-99.148611,26.430556,Mier,TAMPS,45.72
CNAPB,-98.198611,19.022778,Conagua,PUE,47.5
CNCDR,-103.698889,24.871944,Cuencamé,DGO,0
CNDCA,-91.046111,18.183056,Candelaria,CAMP,2.7
CNDCH,-108.541667,27.416667,Chínipas,CHIH,0
CNGPB,-98.049722,19.743333,Chignahuapan,PUE,23.903
CNLGR,-98.411944,16.47,Cuajinicuilapa,GRO,0
CNPMX,-99.304444,19.695,La Concepción,MÉX,24.8
CNSQT,-100.080278,20.418611,Constitución de 1917,QRO,12.7
CNTCL,-100.95,29.213611,El Centenario,COAH,0
COAPB,-98.164722,18.612778,Coatzingo,PUE,8.201
COAVC,-96.939444,19.453889,Coatepec,VER,147.4
COBCA,-90.507222,19.838611,Observatorio de Campeche,CAMP,0.01
COBMX,-99.631667,19.292222,Observatorio de Toluca,MÉX,18.61
COIMC,-101.259167,19.629722,Coíntzio,MICH,6.3
COMGJ,-101.474722,21.068056,Comanjilla,GTO,0
CONTP,-97.817778,25.966389,Control,TAMPS,127.52
CONYC,-89.501111,21.078889,Conkal,YUC,0
COOCP,-92.1,16.2,Observatorio de Comitán,CHIS,13.1
CORGJ,-100.363333,20.198333,Coroneo,GTO,0.5
CORMC,-101.861667,20.207222,Corrales,MICH,0
CORTP,-98.935833,23.939167,Corona,TAMPS,79.7
CORZC,-101.389167,24.621389,Concepción del Oro,ZAC,3
COTVC,-94.4,18.1,Observatorio de Coatzacoalcos,VER,35.16
COZQR,-86.946111,20.51,Cozumel,QROO,21.6
CPEJL,-105.129722,19.9975,Cajón de Peńa,JAL,0
CPLPB,-98.059444,19.092778,Capulac,PUE,59
CPPTL,-98.563889,19.586111,Calpulalpan,TLAX,22.61
CQMCM,-103.804167,19.2125,Coquimatlán,COL,0
CRDVC,-96.374444,19.364722,Cardel,VER,4.55
CRMGJ,-101.666667,20.616667,Cuerámaro,GTO,0
CRRBN,-116.696944,32.479444,El Carrizo,BC,0
CRRSI,-109.333333,26.1,El Carrizo,SIN,0
CRTGJ,-100.962778,20.487778,Cortázar,GTO,0
CRTJL,-101.7375,21.497778,El Cuarenta,JAL,0
CSPOX,-96.658333,18.492778,Cosolapa,OAX,9.24
CSRGJ,-100.9,20.95,Cinco Seńores,GTO,0.03
CSTGJ,-101.6675,21.195556,Los Castillos,GTO,0
CTTVC,-95.295833,18.144444,Coatotolapan,VER,33.51
CTZPB,-97.516667,20.033333,Cuetzalan del Progreso,PUE,438.012
CUACM,-103.6,19.325,Cuauhtémoc,COL,0
CUAMR,-98.948889,18.808611,Cuautla,MOR,0.03
CUATL,-97.769722,19.298889,Cuapiaxtla,TLAX,25.5
CUAZC,-102.347222,22.453056,Ciudad Cuauhtémoc,ZAC,0
CUEMR,-99.2,18.9,Cuernavaca,MOR,3.54
CULJL,-105.05,20.583333,Cuale,JAL,0
CUTMR,-99.375556,18.701667,Cuautlita,MOR,6.02
CVCTP,-99.166667,23.716667,Observatorio de Ciudad Victoria,TAMPS,174.9
CVTTP,-99.1875,23.730278,Ciudad Victoria,TAMPS,133.5
CXTJL,-103.45,21.066667,Cuixtla,JAL,0
CYOYC,-87.676667,21.5125,El Cuyo,YUC,0
CYQGR,-101.054444,17.376944,Coyuquilla,GRO,0
CYTCL,-103.469167,25.542222,Coyote,COAH,0.01
DBOMC,-100.421111,19.387778,El Bosque,MICH,0
DESCP,-92.575,15.204167,Despoblado,CHIS,1.7
DHGGJ,-100.933333,21.15,Dolores Hidalgo,GTO,0
DJLCM,-103.884444,19.111389,Presa derivadora Jala,COL,0
DNXMX,-99.559722,19.884722,Danxhó,MÉX,23
DORBS,-113.457778,27.643611,Díaz Ordaz,BCS,0
DPSOX,-96.388889,18.1525,Dique Pescaditos,OAX,3.5
ECAGR,-99.995556,17.947778,Ing. Carlos Ramírez Ulloa,GRO,0
ECBGJ,-100.9,20.279722,El Cubo,GTO,0.01
ECBSO,-109.233333,29.2,El Cubil,SON,0
ECHGJ,-101.244444,20.872222,El Chapín,GTO,0.01
ECHPB,-98.275556,18.966111,Echeverría,PUE,44
ECNGJ,-101.37,20.715833,El Conejo,GTO,0
ECTTL,-97.6475,19.318056,El Carmen Tequexquitla,TLAX,19.02
EFLBN,-116.828333,32.468056,El Florido,BC,0
EFTSI,-108.616667,26.433333,El Fuerte,SIN,0
EGIMC,-100.45,19.966667,El Gigante,MICH,14.3
ELAGUAJE,-92.590833,16.686111,El Aguaje SGT,CHIS,27.4
ELCZC,-103.098333,23.693333,El Cazadero,ZAC,8.92
ELNCP,-92.95,15.495833,El Novillero,CHIS,0
ELPMR,-98.786667,18.690556,El Peńón,MOR,24
ELSALADOmar,-95.970833,19.040833,El Salado SEMAR,VER,4.826
ELSZC,-102.040833,22.673056,El Saladillo,ZAC,0.03
ELTRIUNFO,-92.808056,15.656667,El Triunfo SMN,CHIS,0.8
ELZBN,-116.6025,31.890278,Emilio López Zamora,BC,0.01
EMUTB,-92.916667,17.98,Villahermosa Muelle,TAB,4.8
ENBBN,-115.931389,30.517222,San Quintín,BC,0
ENDHD,-99.36,20.163889,Endhó,HGO,4.03
ENLBN,-115.15,32.411111,Observatorio de Ejido Nuevo León,BC,0
ENNTP,-99.078611,23.384444,La Encantada,TAMPS,23.5
ENRVC,-96.36,19.405833,El Naranjillo,VER,34
EOCGR,-99.516667,17.233333,El Ocotito,GRO,1.1
EPLGJ,-101.678889,21.173611,El Palote,GTO,0
EPLSO,-110.8,27.95,Observatorio de Empalme,SON,0
EPOTB,-92.814722,18.043611,El Porvenir,TAB,1
EPUQT,-100.453333,20.535,El Pueblito,QRO,0
ERCTP,-98.691667,22.605,Estudiante Ramiro Caballero Dorantes,TAMPS,27.7
ERECH,-106.119444,28.614722,El Rejón,CHIH,0
ESCCA,-90.741111,18.604444,Escárcega,CAMP,0
ESCCP,-92.666667,15.316667,Escuintla,CHIS,0
ESPVC,-97.399167,20.2575,El Espinal,VER,154.11
ETEVC,-96.158333,19.068889,El Tejar,VER,10.21
EXCZC,-103.35,21.645833,Miguel Alemán,ZAC,0
EXPJL,-103.333333,20.733333,La Experiencia,JAL,0
FCRQR,-88.045,19.575556,Observatorio de Felipe Carrillo Puerto,QROO,25
FHACP,-92.325278,15.173889,Finca Hamburgo,CHIS,18.9
FIMCH,-105.628889,28.166111,Francisco I. Madero,CHIH,0
FREZC,-102.890833,23.173889,Fresnillo,ZAC,2.5
FVLDR,-103.960833,24.001667,Francisco Villa,DGO,0
FZRDR,-103.773611,25.270833,Francisco Zarco,DGO,0
GANSL,-99.239444,21.906944,Gallinas,SLP,75.4
GARVC,-95.556944,18.270556,Garro,VER,88.5
GAVNR,-105.136667,20.889722,Gaviotas,NAY,0
GCCCH,-107.073056,26.813611,Guachochi SMN,CHIH,1.4
GD2SI,-107.911944,25.855278,Bacurato hidrométrica de Gustavo Díaz Ordaz,SIN,0
GHQQT,-100.366667,20.566667,Gerencia Hidalgo,QRO,0
GJAZC,-103.093333,22.933333,General Joaquín Amaro,ZAC,0
GLNGJ,-101.7425,20.439167,La Golondrina,GTO,0.01
GMCSI,-108.091667,25.469444,Guamúchil,SIN,0
GNCDR,-105.955556,25.934722,Guanaceví,DGO,0
GNGBS,-114.051944,27.963056,Guerrero Negro,BCS,0
GONTB,-93,17.975,González,TAB,1.1
GPCCH,-108.3,29.2,Guapoca,CHIH,0
GPEZC,-102.506667,22.746667,Guadalupe,ZAC,0.01
GRICP,-93.125,16.975,Grijalva,CHIS,0
GSVSI,-108.466667,25.716667,Guasave,SIN,0
GTOGJ,-101.266111,21.014167,Observatorio de Guanajuato,GTO,1.02
GUAJL,-103.373889,20.672778,Guadalajara Centro,JAL,0
GUAMC,-102.541389,19.979167,Guaracha,MICH,0
GUCJL,-103.392778,20.706667,Observatorio de Guadalajara,JAL,0
GVCDR,-104.753056,23.961111,Presidente Guadalupe Victoria,DGO,0
GYMSO,-110.85,27.95,Guaymas,SON,0
HDLOX,-97.776111,17.806667,Huajuapan de León,OAX,53.91
HECCA,-90.105556,20.184167,Hecelchakán,CAMP,20
HGOVC,-98.459167,21.773611,El Higo,VER,143.8
HIGMR,-99.180278,18.573889,Higuerón,MOR,3
HITZC,-103.605556,21.223889,Huitzila,ZAC,0
HJTHD,-98.416667,21.15,Huejutla,HGO,174.4
HJTPB,-98.456111,19.101111,Huejotzingo,PUE,5.204
HLOOX,-97.776111,17.806667,Observatorio de Huajuapan de León,OAX,19.3
HLSVC,-98.2875,21.194444,Los Hules,VER,63.6
HMNSO,-110.925833,29.073056,Hermosillo,SON,0
HNGBN,-116.302778,32.516389,El Hongo,BC,0
HPNMX,-99.696944,20.046389,Huapango,MÉX,14.2
HPOCA,-89.848333,19.751944,Hopelchén,CAMP,68
HQCPB,-98.540278,18.772222,Huaquechula,PUE,25.201
HRTJL,-103.651111,20.466944,Hurtado,JAL,0
HSHSO,-108.957222,30.210556,Huachinera,SON,0
HTSVC,-96.950833,19.181667,Huatusco,VER,23.5
HTZGR,-99.332778,18.3025,Huitzuco,GRO,14
HUAJL,-102.25,20.483333,Huascato,JAL,0
HUAMR,-99.424167,18.608333,Huajintlán,MOR,4
HUAPB,-98.050833,20.176389,Huauchinango,PUE,105.502
HUECP,-92.402778,14.997222,Huehuetán,CHIS,2.6
HUEMR,-98.75,18.883333,Hueyapan,MOR,7.11
HUICP,-92.472222,15.133333,Huixtla,CHIS,4.6
HUIMR,-99.265,19.028889,Huitzilac,MOR,28.32
HUIXTAN,-92.454167,16.712778,Huixtán SGT,CHIS,15.8
HUTMR,-99.025,18.441389,Huautla,MOR,2.5
HUXMR,-98.781667,18.936667,Huecahuaxco,MOR,0.02
HUYVC,-98.483333,20.533333,Huayacocotla,VER,18.5
IALGJ,-100.825833,20.848056,Ignacio Allende,GTO,0.01
IDFQT,-99.9625,20.198611,San Ildefonso,QRO,6.9
IDOVC,-96.554167,19.404167,ĂŤdolos,VER,2.63
IGLGR,-99.55,18.349722,Iguala,GRO,21.6
IGNCH,-107.879167,26.870833,San Ignacio,CHIH,0
IGUALA,-99.524167,18.360278,Iguala SMN,GRO,0
IMRSO,-110.886944,30.761667,Imuris,SON,0
INFMC,-101.883333,18.266667,Infiernillo,MICH,0
IRASO,-110.396944,28.426389,Ignacio R. Alatorre,SON,0
IRPGJ,-101.35,20.683333,Irapuato,GTO,0.01
ISLALOBOSmar,-97.2175,21.471667,Isla Lobos SEMAR,VER,144.8
IXMHD,-99.220833,20.481944,Ixmiquilpan,HGO,17.8
IXPSI,-106.595833,23.955556,Ixpalino,SIN,0
IXTOX,-95.1,16.583333,Ixtepec,OAX,0
IXTPB,-97.815833,19.621667,Ixtacamaxtitlán,PUE,27.14
IZMPB,-98.466389,18.610833,Izúcar de Matamoros,PUE,7.001
JACOX,-96.2,17.866667,Jacatepec,OAX,214.5
JALTENANGO,-92.72,15.886111,Jaltenango SGT,CHIS,0
JALVC,-94.666667,17.95,Jáltipan,VER,31.9
JALZC,-103.397778,24.281667,Juan Aldama,ZAC,8.8
JANOS,-108.427222,30.838889,Janos SMN,CHIH,0
JAPCP,-92.725,15.866667,Jaltenango,CHIS,15
JARMC,-102.601944,19.958333,Jaripo,MICH,0
JCHZC,-103.114167,21.404722,Juchipila,ZAC,0
JCQAG,-102.356944,22.121667,Jocoque,AGS,0
JCRVC,-95.033333,17.433333,Jesús Carranza,VER,74
JDCVC,-94.088889,17.873611,San José del Carmen,VER,33.5
JDMOX,-95.397778,16.445556,Presidente Benito Juárez,OAX,0
JERZC,-103.001944,22.642778,Jerez,ZAC,0
JLPQT,-99.479722,21.230278,Jalpan,QRO,0
JLPSI,-106.807222,24.571667,José López Portillo,SIN,0
JMANR,-104.516944,22.250833,Jesús Maria,NAY,0
JMYJL,-102.705833,20.293889,Jamay,JAL,0
JNASI,-108.013889,25.9,Jaina,SIN,0
JNCMR,-98.8,18.7,Jonacatepec,MOR,27.01
JOJMR,-99.2,18.6,Jojutla,MOR,1
JORSI,-108.7025,26.426944,Josefa Ortíz de Domínguez,SIN,0
JOYVC,-97.021111,19.603611,La Joya,VER,59.53
JRQQT,-100.45,20.7,Juriquilla,QRO,0
JSBCP,-92.898611,15.996389,Juan Sabines,CHIS,0
KM1OX,-95.2,16.6,km 33+190,OAX,0
KM2OX,-95.716667,16.416667,km 51+740,OAX,0
LACCP,-90.702222,16.580833,Lacantún,CHIS,1.1
LADGJ,-101.844167,20.675278,Las Adjuntas,GTO,0
LAECM,-103.866389,19.17,La Esperanza,COL,0
LAFLOR,-103.983333,26.549722,La Flor de Jimulco SMN,DGO,0
LAFLORIDA,-103.6025,22.686111,La Florida SMN,ZAC,0
LAUVC,-95.35,18.25,Lauchapan,VER,54.31
LBABS,-109.697222,23.680556,Los Barriles,BCS,0
LBQCH,-105.414167,27.544722,La Boquilla,CHIH,0
LBUZC,-102.566944,22.778889,Observatorio de Zacatecas,ZAC,0
LCAVC,-94.330833,18.109444,La Cangrejera,VER,57.52
LCDSO,-109.378889,30.437778,Lázaro Cárdenas,SON,0
LCRDR,-105.015833,25.594167,Lázaro Cárdenas,DGO,0.02
LCRSI,-106.9,23.916667,La Cruz,SIN,0
LCUMR,-98.914444,18.683611,La Cuera,MOR,7.41
LDACM,-103.774167,18.809167,Laguna de Amela,COL,0
LDCGR,-100.018056,16.958333,Laguna de Coyuca,GRO,0
LDCJL,-103.201667,20.290556,Lago de Chapala,JAL,0
LDCSI,-108.367778,26.844722,Luis Donaldo Colosio,SIN,0
LDCVC,-95.118333,18.415833,Canseco,VER,8.11
LDGGR,-99.235,16.76,Las Vigas,GRO,0
LDMJL,-101.919722,21.359722,Lagos de Moreno,JAL,0
LDYGJ,-101.073056,20.286944,Laguna de Yuriria,GTO,0
LENGJ,-101.693333,21.136389,León,GTO,0
LFLDR,-103.283889,25.068056,La Flor,DGO,0
LFLZC,-103.603056,22.686944,La Florida,ZAC,0.01
LGRVC,-97.231944,18.922778,Loma Grande,VER,1
LGVGJ,-100.883611,20.398333,Puente la Gavia,GTO,0
LIBPB,-97.691111,19.457222,Libres,PUE,19.005
LIBVC,-96.978333,20.051944,Libertad,VER,287.07
LJIGJ,-101.358889,20.276111,Las Jícamas,GTO,10.45
LJSCH,-107.025833,29.88,Las Lajas,CHIH,0
LLBZC,-102.660556,22.996944,Llano Blanco,ZAC,0
LLNCH,-105.28,28.984444,Ing. Luis L. León,CHIH,0
LOBZC,-103.382778,22.845278,Manuel Felgueres,ZAC,0
LOFVC,-96.411111,19.261389,Loma Fina,VER,11.01
LOLMC,-102.865556,19.210833,Los Olivos,MICH,0
LORZC,-101.985556,22.264722,Loreto,ZAC,0
LPDMC,-102.004444,20.354444,La Piedad,MICH,0
LPEVC,-94.916667,17.416667,Las Perlas,VER,57
LPSCM,-103.725278,19.223333,La Posta,COL,0
LPSMC,-102.2,18.8,La Pastoría ,MICH,0
LPZBS,-110.366667,24.15,Observatorio de La Paz,BCS,0
LQMGJ,-101.107778,21.324167,La Quemada,GTO,2.5
LREZC,-103.216944,23.18,Gobernador Leobardo Reynoso,ZAC,9.6
LRTBS,-111.349167,26.011667,Observatorio de Loreto,BCS,0
LSRTP,-99.120556,22.852778,La Servilleta,TAMPS,33.71
LVRVC,-97.1,19.65,Las Vigas de Ramírez,VER,67
MABGJ,-101.931111,20.507222,Mariano Abasolo,GTO,0
MACTB,-92.6,17.766667,Macuspana,TAB,0
MAGTP,-99.551111,24.566667,Magueyes,TAMPS,113.81
MAJALCA,-106.486111,28.803333,Cumbres de Majalca SMN,CHIH,3
MALCP,-93.598889,17.178611,Nezahualcóyotl,CHIS,0.37
MAPCP,-92.883333,15.45,Mapastepec,CHIS,10.1
MAPIMI,-103.7475,26.686389,Mapimí SMN,DGO,0
MAROX,-95.483333,17.45,María Lombardo,OAX,54.44
MATTP,-97.522778,25.833333,Matamoros,TAMPS,67.81
MAYPB,-98.231111,19.010556,Mayorazgo 21 Poniente,PUE,29.501
MCEMC,-101.1,19.7,Morelia Centro,MICH,3.5
MCHGR,-99.369167,17.471111,Mochitlán,GRO,11.5
MCHSI,-109,25.8,Los Mochis,SIN,0
MDRTP,-97.844167,22.283889,Madero,TAMPS,21.4
MDTVC,-97.048333,20.0675,Martínez de la Torre,VER,360.4
MEOYC,-89.651111,20.946389,Observatorio de Mérida,YUC,0
MFAVC,-96.333333,19.15,Manlio Fabio Altamirano,VER,15.53
MGATP,-99.040833,26.374167,S-J-1-2 Miguel Alemán,TAMPS,91.41
MGAZC,-103.443056,24.287222,Miguel Auza,ZAC,4
MGSTP,-98.705556,22.795833,Magiscatzín Dos,TAMPS,74.91
MHGTP,-99.434444,24.2525,Miguel Hidalgo,TAMPS,68.5
MIAMR,-99.4,18.7,Miacatlán,MOR,3.7
MICHILIA,-104.246944,23.387778,La Michilia SMN,DGO,0.2
MICSL,-99.159444,22.12,Micos,SLP,96.41
MLGBS,-111.983056,26.896111,Mulegé,BCS,0
MLPDF,-99.026944,19.187222,Milpa Alta,DF,19.63
MLPMC,-100.873611,19.829167,Malpaís,MICH,0.01
MNLAG,-102.788333,21.8075,Media Luna,AGS,0
MNOMC,-101.2,19.7,Morelia Norte,MICH,0.4
MNZCM,-104.318611,19.044444,Observatorio de Manzanillo,COL,0
MOCMC,-101.724444,20.127222,Melchor Ocampo,MICH,0
MOCYC,-89.4375,21.105556,Mocochá,YUC,0
MORMC,-101.176111,19.688611,Observatorio de Morelia,MICH,0.01
MPMDR,-103.85,25.816667,Mapimí,DGO,0
MRGTP,-98.925556,26.204722,Marte Rodolfo Gómez,TAMPS,41.6
MRVMC,-100.439167,19.890833,Maravatío,MICH,0
MTOYC,-89.291667,21.094167,Motul,YUC,0
MUNYC,-89.711667,20.493333,Muná,YUC,0
MXCBN,-115.27,32.39,Mexicali,BC,0
MXQHD,-99.218611,20.2375,Mixquiahuala,HGO,7.03
MYOMR,-99.004722,18.727222,Moyotepec,MOR,0.01
MZNVC,-96.833333,19.933333,Misantla,VER,252.16
MZTSI,-106.4,23.233333,Observatorio de Mazatlán,SIN,0
MZTSO,-110.137778,29.003611,Mazatán,SON,0
NAOVC,-96.872222,19.65,Naolinco,VER,33.44
NCTZC,-102.845556,21.3575,Nochistlán,ZAC,0
NCZSO,-109.6875,30.374444,Observatorio de Nacozari,SON,0
NEVADOCOLIMA,-103.590833,19.592222,Nevado de Colima SMN,JAL,0
NEVMX,-99.683333,19.116667,Nevado de Toluca SMN,MÉX,24.11
NEXMR,-99.140833,18.519444,Nexpa,MOR,8.1
NGLSO,-110.947222,31.318889,Nogales,SON,0
NGRAG,-102.371667,21.78,El Niágara,AGS,0
NNEPB,-98.000556,20.216667,Necaxa,PUE,84.6
NRJSL,-99.32,22.523333,Naranjos,SLP,48.7
NVJSO,-109.443333,27.071944,Navojoa,SON,0
NYNSO,-112.85,31.866667,Sonoyta,SON,0
NYXCA,-90.221389,19.605833,Noh-Yaxché,CAMP,4.3
OACMR,-99.031389,18.923333,Oacalco,MOR,2.03
OACOX,-96.733333,17.066667,Oaxaca Centro,OAX,39.91
OAOOX,-96.7,17.001389,Observatorio de Aeropuerto Oaxaca,OAX,0.5
OAXMR,-98.901389,18.900556,Oaxtepec,MOR,18
OBSMR,-99.219167,18.908889,Observatorio de Cuernavaca,MOR,10.03
OBSQT,-100.366667,20.566667,Observatorio de Querétaro,QRO,0
OBSSI,-107.440556,24.634722,Observatorio de Culiacán,SIN,0
OBSTL,-98.246944,19.324722,Observatorio de Tlaxcala,TLAX,18.8
OCAZC,-102.269444,22.577778,Ojo Caliente,ZAC,0
OCMGJ,-101.48,21.65,Ocampo,GTO,0
OCTMR,-98.758611,18.8825,Ocuituco,MOR,5
ODAGR,-99.799722,16.8,Observatorio de Acapulco,GRO,0
ODZGR,-99.5,17.6,Observatorio de Zumpango,GRO,5.3
OJNCH,-104.410833,29.565,Ojinaga,CHIH,0
OLMJL,-101.916667,21.366667,Observatorio de Lagos de Moreno,JAL,0.4
OLNGR,-98.735,17.777222,Olinalá,GRO,4.01
OLVVC,-98.5125,21.840278,El Olivo,VER,64.3
OMEGR,-98.433333,16.683333,Ometepec,GRO,0
ORZHD,-98.6,21.166667,San Felipe Orizatlán,HGO,21
ORZVC,-97.1,18.85,Observatorio de Orizaba,VER,93.83
OSTOX,-94.4,16.5,Ostuta,OAX,0
OTIVC,-96.97,19.55,Otilpan,VER,93.7
OXKYC,-89.394722,20.290556,Oxkutzcab,YUC,1
OXOTB,-92.75,17.380556,Oxolotán,TAB,56.3
OYAPB,-97.533333,19.7,Oyameles,PUE,9.019
P50ANIV,-102.465,22.189167,Presa Cincuenta Aniversario SMN,AGS,7.4
PADTP,-98.9,24.05,Padilla,TAMPS,72.8
PAGCH,-105.254167,26.546389,Pico del Águila,CHIH,3
PAGDR,-104.656667,24.203889,Peńa del Águila,DGO,0.01
PALZC,-102.798056,22.347778,Palomas,ZAC,3.5
PANTP,-97.8,25.8,Pueblo Anáhuac,TAMPS,84.92
PAPMR,-99.433333,18.8675,Palpan,MOR,4
PAPOX,-96.083333,18.166667,Papaloapan,OAX,71.24
PAREDON,-93.390278,17.769167,Paredón HC SGT,TAB,1.2
PARQUEOTE,-93.087778,16.760278,Parque Oriente SGT,CHIS,0
PB3VC,-94.3775,18.103611,Planta de Bombeo 3 de La Cangrejera,VER,66.5
PCNVC,-94.193611,17.872778,Planta de Bombeo 1 de La Cangrejera,VER,32.01
PCOHD,-98.7475,20.123333,Observatorio de Pachuca,HGO,8.61
PCRPB,-97.251389,18.918056,Paso Carretas,PUE,39
PDBMC,-101.05,19.49,Planta de Bombeo,MICH,0
PDCQR,-87.077778,20.634444,Playa del Carmen,QROO,98.5
PDMBN,-114.729444,32.703889,Presa derivadora Morelos,BC,0
PDMTP,-98.745833,23.726667,Paso de Molina,TAMPS,58.5
PDNSO,-109.083333,29.433333,Paso Nácori,SON,0
PECAG,-102.417222,22.141111,Plutarco Elías Calles,AGS,4.5
PECSO,-109.642222,28.976667,Plutarco Elías Calles,SON,0
PEMVC,-97.814444,21.184444,El Moralillo,VER,175.8
PENCP,-93.458611,17.446111,Ángel Albino Corzo,CHIS,0
PERGJ,-101.111389,20.5225,Pericos,GTO,0
PERHD,-98.334722,20.0575,La Esperanza,HGO,17.3
PETGR,-99.45,17.483333,Petaquillas,GRO,24.5
PETYC,-88.930833,20.1325,Peto,YUC,0.01
PFBMX,-99.790278,19.829167,Francisco José Trinidad Fabela,MÉX,24.9
PILTP,-99.019167,24.208056,Pilón,TAMPS,52.7
PINZC,-101.399167,22.1175,Pino Suárez,ZAC,5.5
PIRMX,-99.775,19.461667,Ignacio Ramírez,MÉX,24.01
PIXMR,-99.322778,18.633333,Puente de Ixtla,MOR,6.53
PIXPB,-98.264722,18.2,Piaxtla,PUE,0.003
PJMTP,-99.555833,24.2475,Pedro José Méndez,TAMPS,77.1
PLNBS,-109.934167,23.9675,Los Planes,BCS,0
PLZCA,-92.086944,18.253056,Palizada,CAMP,9.5
PMDMX,-99.260833,19.526944,Madín,MÉX,8.8
PMHSI,-108.58,26.509722,Miguel Hidalgo,SIN,0
PMLQT,-99.815,21.055833,Peńamiller,QRO,16.31
PMNMX,-99.739722,20.124167,El Molino,MÉX,11.2
PMOSO,-110.725556,29.2125,Ing. Rodolfo Félix Valdés,SON,0
PMOZC,-102.903611,21.711111,Los Moraleńos,ZAC,0
PNCVC,-98.176667,22.06,Pánuco,VER,51.81
PNDMX,-99.864444,20.038611,Ńadó,MÉX,20.35
PNTCM,-103.8125,19.3275,Peńitas,COL,0
PNVTB,-92.879167,17.854167,Pueblo Nuevo,TAB,15.9
POLJL,-102.231944,20.491111,Ing. Guillermo Lugo Sanabria,JAL,0
PORMC,-101.6,20.3,Pastor Ortíz,MICH,0
POZARICA,-97.475,20.543333,Poza Rica SGT,VER,136.2
POZGJ,-100.496111,21.22,Pozos,GTO,12
PPJMENDEZ,-99.554444,24.236667,Presa Pedro José Mendez SGT,TAMPS,6.82
PPNVC,-97.316667,20.45,Papantla,VER,188.42
PRCVC,-97.478333,20.540833,Poza Rica,VER,149.72
PREMX,-99.268056,19.524444,Presa Madín SMN,MÉX,0
PRGHD,-99.329444,20.359722,Javier Rojo Gómez,HGO,21.02
PROMR,-99.156944,18.771111,Progreso,MOR,10.61
PROYC,-89.653889,21.275833,Observatorio de Progreso,YUC,0
PRQHD,-99.310833,19.963056,Requeńa,HGO,18.01
PRRCH,-105.675556,26.917778,Observatorio de Parral,CHIH,17.4
PRSGJ,-101.287778,20.867222,La Purísima,GTO,0
PSNVC,-98.356667,21.297778,Platón Sánchez,VER,152.8
PT2SO,-113.550833,31.352778,Observatorio de Puerto Peńasco,SON,0
PTAOX,-96.483333,15.666667,Observatorio de Puerto Ángel,OAX,0
PTASO,-110.308333,28.472222,Punta de Agua 2,SON,0
PTE4CAMINOS,-96.665,19.043333,Puente Cuatro Caminos SGT,VER,6.2
PTEMORELOS,-92.649167,16.725278,Puente Morelos SGT,CHIS,10.4
PTLPB,-97.883333,20.233333,Patla,PUE,110.5
PTRAG,-102.4375,22.235,Derivadora Pabellón,AGS,0.5
PUCMC,-100.684167,19.621389,Pucuato,MICH,0
PUJSL,-98.939722,21.847222,El Pujal,SLP,68.2
PUOPB,-98.166667,19.05,Observatorio de Puebla,PUE,29.9
PUREPETIRO,-102.136944,19.961389,Presa Urepetiro SGT,MICH,0
PUYTB,-92.9375,17.566667,Puyacatengo,TAB,22.4
PVAHD,-99.375833,20.435556,Vicente Aguirre,HGO,3.02
PVLTP,-99.583333,24.183333,Puerto de Valles,TAMPS,52.4
QIJCH,-106.085556,28.656944,Observatorio de Chihuahua,CHIH,0
QLTSI,-106.466667,23.5625,Quelite,SIN,0
QRBSO,-111.021389,30.050556,Querobabi,SON,0
QTZGR,-98.500556,16.655833,Quetzala,GRO,0
QUIOSCO,-92.618056,16.7475,Quiosco SGT,CHIS,8.4
QUIPB,-97.616667,19.25,Quimixtlán,PUE,50.1
RALVC,-95.627778,18.716667,Radar Alvarado,VER,30.41
RAMJL,-104.05,20.55,Río Ameca,JAL,0
RBRBS,-109.591389,23.593056,La Ribera,BCS,0
RDRCM,-104.100556,18.938611,Radar,COL,0
REFCP,-92.666667,15.916667,Reforma,CHIS,8.9
REFUGIOCP,-93.030278,17.413333,El Refugio SGT,CHIS,24.2
REVCP,-93.079167,16.158333,Revolución Mexicana,CHIS,7.1
RFRTP,-99.026111,22.843056,Río Frío,TAMPS,82
RGRZC,-103.025833,23.816944,Río Grande,ZAC,3.3
RIBTP,-98,25.966667,Río Bravo,TAMPS,76.21
RILYC,-88.160278,21.571111,Río Lagartos SMN,YUC,0.2
RMEGR,-99.166111,16.823611,Revolución Mexicana,GRO,0
RMLOX,-95.916667,17.733333,Río Manso Lalana,OAX,203.4
RNAPB,-97.401667,20.116111,Rancho Nuevo,PUE,402.5
RODMR,-99.331389,18.765278,El Rodeo,MOR,8.52
ROMNR,-105.211667,22.119722,Rosamorada,NAY,0
RQTSL,-98.888611,21.425,Requetemu,SLP,143.2
RSPTP,-97.991944,23.259444,República Espańola,TAMPS,43.6
RSRNR,-104.8875,21.780833,San Rafael,NAY,0
RSRSI,-105.85,22.983333,Rosario,SIN,0
RUINR,-105.1425,21.958333,Ruiz,NAY,0
RVDSL,-99.995,21.931389,Observatorio de Río Verde,SLP,68.6
RVEOX,-97.725,16.102778,Río Verde,OAX,0
RYNTP,-98.883333,26.166667,S-J-2-9 Reynosa,TAMPS,113
SA1JL,-101.835556,21.359167,La Sauceda,JAL,0
SAACP,-92.35,17.566667,Salto de Agua,CHIS,13.5
SACDR,-105.443056,25.225,Salomé Acosta,DGO,0
SAMTB,-93.275556,17.996944,Samaria,TAB,41.1
SANBS,-110.059167,23.805,San Antonio,BCS,0
SANMIGUELCFE,-92.239167,15.776667,San Miguel CFE,CHIS,0
SAUJL,-101.85,21.35,La Sauceda,JAL,0
SAYCP,-93.383333,17.425,Sayula,CHIS,10.6
SBABS,-109.843889,23.738333,San Bartolo,BCS,0
SBBMX,-99.704722,19.465833,José Antonio Alzate,MÉX,3
SBNCA,-91.175833,18.972778,Sabancuy,CAMP,0
SBNSO,-108.876667,27.411944,San Bernardo,SON,0
SBNTP,-99.093056,23.031389,Sabinas,TAMPS,57.9
SBTVC,-97.809722,20.887222,Sombrerete,VER,141.88
SBYDR,-104.675833,23.874444,Santiago Bayacora,DGO,0
SCCASASCFE,-92.603056,16.727222,San Cristóbal de las Casas CFE,CHIS,11
SCHCM,-103.700833,19.408333,Suchitlán,COL,0
SCIOX,-96.55,17.266667,Ixtepeji,OAX,51.5
SCOCP,-92.633333,16.733333,Observatorio de San Cristóbal,CHIS,10.8
SCRCP,-92.616667,16.741667,Puente Morelos,CHIS,10.1
SCRMC,-102.464722,20.208333,San Cristóbal,MICH,0
SCROX,-95.2,16.183333,Observatorio de Salina Cruz,OAX,0
SCRPB,-98.22,19.113056,San Cristóbal Caleras,PUE,15.003
SCRSI,-106.952778,24.484722,Santa Cruz,SIN,0
SDATP,-98.869444,22.784444,Saca de Agua,TAMPS,85.2
SDOCP,-93.056389,16.4525,Santo Domingo,CHIS,0
SECTEC103,-93.1,16.786111,Secundaria Técnica 103 SGT,CHIS,0
SELDR,-103.079722,24.608333,Santa Elena,DGO,0
SFEGJ,-101.216667,21.483333,San Felipe,GTO,10.9
SFLBN,-114.85,31.033333,Observatorio de San Felipe,BC,0
SFOZC,-102.884444,24.322222,San Francisco,ZAC,3.63
SFRSI,-108.779167,26.073611,Sufragio,SIN,0
SFUOX,-96.533333,17.883333,San Felipe Usila,OAX,101
SGBDR,-105.560833,26.436667,San Gabriel,DGO,5
SGBTP,-98.787222,23.083611,San Gabriel,TAMPS,23.51
SGOZC,-103.506111,24.288611,Santiago,ZAC,2.01
SGRJL,-102.5,21.3,San Gaspar de los Reyes,JAL,0
SIHVC,-95.183333,18.45,Sihuapán,VER,121.6
SILTEPEC,-92.321944,15.558056,Siltepec SGT,CHIS,19.8
SJATL,-98.200556,19.556111,San José Atlanga,TLAX,29
SJCBS,-109.708333,23.118889,San José del Cabo,BCS,0
SJEGR,-100.472778,17.139444,San Jerónimo,GRO,0
SJEVC,-95.133333,17.883333,San Juan Evangelista,VER,35.72
SJGDR,-102.778056,24.630556,San Juan de Guadalupe,DGO,0.01
SJLGJ,-101.016667,20.4,Santa Julia,GTO,0
SJNSI,-107.8425,25.486667,San Juan,SIN,0
SJPSO,-110.239167,28.713333,San José de Pimas,SON,0
SJSQT,-100,20.3625,San José,QRO,20.31
SJUMC,-102.651389,19.839444,San Juanico,MICH,0
SLAGUNA,-109.998611,23.555556,Sierra La Laguna SMN,BCS,0
SLDMR,-99.190556,18.918333,Solidaridad,MOR,31.7
SLMGJ,-101.199444,20.565833,Salamanca,GTO,0.03
SLMTP,-98.208889,23.762222,Observatorio de Soto la Marina,TAMPS,86.9
SLRSI,-107.1,24.45,San Lorenzo,SIN,0
SLSGJ,-100.669722,20.055278,Solís,GTO,1.01
SLTSI,-106.695833,24.121944,Ing. Aurelio Benassini Vizcaíno,SIN,0
SLVGJ,-100.885833,20.216667,Salvatierra,GTO,3.15
SLZTP,-98.791389,22.943889,Lic. Emilio Portes Gil,TAMPS,125
SMAGJ,-101.016389,20.430833,San Miguel de Allende,GTO,0
SMANANTLANI,-103.9175,19.463611,Sierra Manatlán 1 SMN,JAL,0
SMAOX,-96.453611,17.1175,San Antonio Cuajimoloyas,OAX,61.8
SMCPB,-97.91,18.735,San Miguel Canoa,PUE,12.005
SMGCL,-100.953889,29.034167,San Miguel,COAH,0
SMOGJ,-100.745833,20.577778,San Miguel Octopan,GTO,0
SMORENACFE,-93.591111,16.152222,Sierra Morena CFE,CHIS,0.1
SNACP,-92.820833,16.938889,Santa María,CHIS,0
SNTBS,-109.713611,23.490278,Santiago,BCS,0
SOLPB,-97.446667,19.960833,La Soledad,PUE,142.22
SOMZC,-103.636667,23.638889,Observatorio de Sombrerete,ZAC,3.2
SONVC,-95.033333,18.516667,Sontecomapan,VER,215.51
SPECL,-102.979444,25.7575,San Pedro,COAH,0
SPGDR,-104.2925,25.564167,San Pedro del Gallo,DGO,0
SPPDR,-105.422222,25.0375,Santiago Papasquiaro,DGO,0
SPTTB,-91.158333,17.791667,San Pedro,TAB,0
SQNBN,-115.9375,30.531111,San Quintín SMN,BC,0
SQRSI,-106.25,23.35,Siqueros,SIN,0
SRDDR,-105.566667,26.084444,Sardinas,DGO,0.01
SRLBS,-112.272778,27.337778,Santa Rosalía,BCS,0
SRSJL,-103.705556,20.908889,Manuel M. Diéguez,JAL,0
SRSSO,-111.445278,30.394722,Santa Rosa 2,SON,0
SRTGJ,-101.066944,20.298333,Santa Rita,GTO,0
SRTPB,-98.582222,19.330278,Santa Rita Tlahuapan,PUE,36.5
STDOX,-96.55,18.05,Santo Domingo,OAX,52.11
STETP,-99.274167,24.0225,Santa Engracia,TAMPS,71.74
STEZC,-103.495833,22.326667,Independencia Nacional,ZAC,0
STRSL,-99.055833,22.02,Santa Rosa,SLP,46.2
STRZC,-103.108889,22.923611,Santa Rosa,ZAC,0.01
SUCHIATE,-92.148889,14.698611,Suchiate SMN,CHIS,0.5
SUMIDEROCFE,-93.034167,16.742778,Cańón del Sumidero CFE,CHIS,4.5
SVTSL,-98.617222,21.692778,San Vicente,SLP,61.31
TAMVC,-96.488889,19.338889,Tamarindo,VER,95
TAPTB,-92.778611,17.456944,Tapijulapa,TAB,0
TAPVC,-96.966667,19.45,Tapachapan,VER,176.6
TAXGR,-99.605278,18.554444,Taxco,GRO,39
TAYZC,-102.864167,22.120556,Ing. Julián Adame Alatorre,ZAC,0.01
TCAJL,-102.583333,21.45,Teocaltiche,JAL,0.01
TCHZC,-103.879722,23.471944,Chalchihuites,ZAC,0
TCMCM,-103.867778,18.911667,Tecomán,COL,0
TCOVC,-96.966667,19.383333,Teocelo,VER,186
TCTJL,-104.320278,20.036111,Tacotán,JAL,0
TDRDR,-106.538056,24.702222,El Tule del Real,DGO,0
TDRPB,-97.7925,20.004444,Tepango de Rodríguez,PUE,235.5
TEATB,-92.966667,17.566667,Teapa,TAB,30.7
TECPB,-97.7525,18.878889,Tecamachalco,PUE,92.8
TEHPB,-97.395556,18.479167,Tehuacán,PUE,9.1
TELPB,-98.777222,18.451944,Teotlalco,PUE,15
TEMGJ,-101.3,20.6,Temascatío,GTO,0
TEMMR,-99.223611,18.856944,Temixco,MOR,11.81
TEMOX,-96.412222,18.232222,Presidente Alemán,OAX,90.4
TENJL,-103.198611,22.171944,Tenasco,JAL,0
TEOPB,-97.805833,19.829444,Tetela de Ocampo,PUE,53.5
TEPMC,-100.229167,20.000278,Tepuxtepec,MICH,1.1
TEPNR,-104.891944,21.489444,Observatorio de Tepic,NAY,0
TEPPB,-97.9475,20.21,Tepexic,PUE,235.5
TEQOX,-95.6,16.416667,Tequisistlán,OAX,0
TEZDF,-99.098889,19.385556,Tezontle SMN,DF,5.08
TEZPB,-97.359722,19.815278,Teziutlán,PUE,83.503
TICMR,-99.103889,18.794167,Ticumán,MOR,5.6
TICYC,-89.558056,20.397778,Ticul,YUC,2.8
TIESL,-100.548333,21.629444,La Muńeca,SLP,0.01
TILMR,-99.306111,18.487778,Tilzapotla,MOR,17.92
TIZYC,-88.1725,21.158611,Tizimín,YUC,0
TLAGR,-99.976389,17.789722,Tlacotepec,GRO,0.01
TLAJL,-103.316667,20.583333,Tlaquepaque,JAL,0
TLAJOMULCO,-103.419444,20.4425,Tlajomulco SMN,JAL,0
TLAXCALALTON,-97.876111,20.315278,Tlaxcalaltongo SGT,PUE,167.6
TLCMR,-98.943611,19.038056,Tlacualera,MOR,0.01
TLGHD,-98.369444,20.083333,Observatorio de Tulancingo,HGO,20.24
TLLZC,-103.309444,21.773611,Tlaltenango,ZAC,0
TLOMR,-98.75,18.813333,Tlacotepec,MOR,22.41
TLPPB,-96.849722,18.405,Tlacotepec de Díaz,PUE,91.001
TMAMR,-99.241667,19.054167,Tres Marías,MOR,19.85
TMCCH,-107.85,28.95,Temósachic,CHIH,5.5
TMCMR,-98.786944,18.778056,Temoac,MOR,1.7
TMISL,-98.773333,22.003611,Observatorio de Tamuín,SLP,55.91
TMLJL,-104.370278,19.976111,General Ramón Corona Madrigal,JAL,0
TMOVC,-94.163333,17.571944,Tierra Morada,VER,12
TMPTP,-97.876111,22.238333,Tampico,TAMPS,19
TMPVC,-98.409444,21.499722,Tempoal,VER,154.2
TMSTP,-98.422778,22.423889,Tamesí,TAMPS,36.41
TMTSL,-98.758889,21.241111,Temamatla,SLP,212.6
TMUMC,-100.299167,19.766389,Tercer Mundo,MICH,0
TNCVC,-96.916667,19.811111,Tenochtitlán,VER,202.9
TOMVC,-97.2225,19.921944,Tomata,VER,115.31
TORCL,-103.45,25.541667,Observatorio de Torreón,COAH,0.01
TORSI,-105.846944,23.088333,Las Tortugas,SIN,0
TOTMR,-98.92,18.9875,Totoloapan,MOR,8.8
TOTVC,-96.950278,19.233611,Totutla,VER,193.12
TPCSO,-109.5,29.534722,Tepache,SON,0
TPICP,-93.529167,15.875,Tres Picos,CHIS,16.8
TPLMR,-98.843611,18.596389,Tepalcingo,MOR,9.3
TPTMX,-99.961389,19.660833,San Andrés Tepetitlán,MÉX,20.67
TPYPB,-97.491944,19.489167,Tepeyahualco,PUE,25.806
TPZMR,-99.072778,18.971389,Tepoztlán,MOR,2.03
TRJCM,-103.396667,18.967222,Solidaridad,JAL,0
TRPCM,-103.663333,19.2775,Trapiche,COL,0
TRRVC,-98.153056,21.039722,Terrerillos,VER,186
TSNBS,-110.210556,23.478889,Todos Santos,BCS,0
TSOSO,-109.2125,27.658333,Tesocoma,SON,0
TUXOX,-96.133333,18.083333,Tuxtepec,OAX,50.51
TUXTLACFE,-93.086111,16.761667,Tuxtla CFE,CHIS,7
TXMHD,-99.385278,19.834722,Taxhimay,HGO,14.01
TXPVC,-97.4,20.955556,Observatorio de Tuxpan,VER,93.72
TXTGR,-99.399444,17.568056,Tixtla,GRO,2.5
TZAVC,-95.416667,18.466667,Tres Zapotes,VER,9.01
TZIMBACCFE,-93.414167,17.231111,Tzimbac CFE,CHIS,23
UCFOX,-96.435278,17.933056,Usila CFE,OAX,34
UHGOX,-94.833333,16.45,Unión Hidalgo,OAX,0
UNICACH,-93.121944,16.778056,Universidad de Ciencias y Artes de Chiapas SGT,CHIS,0
URECH,-107.9125,27.216667,Urique,CHIH,0
UREMC,-102.137778,19.962222,Urepetiro,MICH,0
VALYC,-88.204167,20.69,Observatorio de Valladolid,YUC,0
VANOX,-96.3,17.776389,Valle Nacional,OAX,125.83
VBRMX,-100.18,19.2075,Valle de Bravo,MÉX,3
VCARRANZA,-100.95,27.519444,Venustiano Carranza SMN,COAH,5.6
VCATP,-97.804167,25.906111,Villa Cárdenas,TAMPS,108.51
VCMSO,-110.289722,27.643611,Vícam,SON,0
VCRCL,-100.616111,27.515,Venustiano Carranza,COAH,2.51
VDSGJ,-101.178889,20.382778,Valle de Santiago,GTO,0
VEGJL,-103.845833,20.596389,Ing. Santiago Camarena,JAL,0
VENPB,-97.675833,20.510278,Venustiano Carranza,PUE,102.7
VERVC,-96.111111,19.154167,Observatorio de Veracruz,VER,6.31
VGRGR,-100.265833,18.382778,Vicente Guerrero,GRO,0
VGRTP,-98.666389,23.959444,Vicente Guerrero,TAMPS,52.3
VHGDR,-104.928889,26.2425,Villa Hidalgo,DGO,4
VHGZC,-101.715833,22.3475,Villa Hidalgo,ZAC,2.01
VHMTP,-97.8,25.7,Valle Hermoso,TAMPS,113
VICCH,-105.16,26.738611,Villa Coronado,CHIH,3
VILMC,-102.180278,18.048333,José María Morelos y Pavón,MICH,0
VILZC,-103.3375,21.588889,José María Morelos,ZAC,0
VINSI,-107.059722,24.7475,Vinoramas,SIN,0
VJIMC,-101.45,19.55,Villa Jiménez ,MICH,0
VOCDR,-105.506111,26.447778,Villa Ocampo,DGO,5
VSMTP,-99.551111,24.566667,Victoria San Marcos,TAMPS,118.2
VTEVC,-96.613889,19.022222,Villa Tejeda,VER,76.03
VTRGR,-99.466111,18.295833,Valerio Trujano,GRO,16.7
VVCMX,-100.055556,19.461667,Villa Victoria,MÉX,9.4
XCFVC,-96.85,19.55,Xalapa CFE,VER,93.82
XCPCA,-89.860278,19.664444,Xcupil,CAMP,53.5
XDJPB,-97.956944,20.277222,Xicotepec de Juárez,PUE,142.713
XICGJ,-100.0925,21.298889,Xichú,GTO,8.12
XICMR,-99.190278,18.528889,Xicatlacotla,MOR,10.2
XOBVC,-96.916667,19.533333,Observatorio de Xalapa,VER,53.85
XXHGR,-98.488333,17.903889,Xochihuehuetlán,GRO,4
YAHMR,-99.050556,18.899167,Yautepec,MOR,8.93
YAMCP,-93.330556,17.116667,Yamonhó,CHIS,1
YAQUINTELA,-91.729722,16.909167,Yaquintela SGT,CHIS,13.6
YCRSO,-108.927778,28.371389,Yécora,SON,0
YEPCH,-108.166667,29.666667,Yepachic,CHIH,0
YOSOX,-97.826111,17.724444,Yosocuta,OAX,24.21
YURMC,-102.242222,20.339444,Yurécuaro,MICH,0
ZA2ZC,-102.506111,22.746667,Zacatecas SMN,ZAC,1.77
ZACOX,-95.93,17.15,Zacatepec,OAX,84.8
ZACTL,-98.243056,19.219444,Zacatelco,TLAX,31.6
ZACZC,-102.576667,22.761389,Zacatecas,ZAC,0.3
ZALVC,-97.388889,19.413889,Zalayeta,VER,13.5
ZANOX,-94.216111,16.4025,Zanatepec,OAX,0
ZCAMC,-101.795,19.805278,Zacapu,MICH,0
ZCPPB,-97.585,19.859722,Zacapoaxtla,PUE,80.5
ZCTMR,-99.196667,18.651389,Observatorio de Zacatepec,MOR,1.1
ZHTGR,-101.548889,17.645278,Zihuatanejo,GRO,0
ZICMC,-101.931944,18.921111,Zicuirán,MICH,0
ZINMC,-100.828611,19.860278,Zinapécuaro,MICH,0.01
ZITTL,-97.908056,19.200278,Zitlaltepec,TLAX,40.5
ZOPSI,-108.358611,25.739167,El Zopilote,SIN,0
ZOQPB,-97.011389,18.332222,Zoquitlán,PUE,44.003
ZRGPB,-97.832778,20.178611,Zaragoza,PUE,38.2
ZXTHD,-98.647222,20.652778,Zacualtipán,HGO,55
TANCHACHIN,-99.146111,21.822222,Tanchachín SGT,SLP,73.5
JDGCP,-93.381389,17.364167,Juan de Grijalva,CHIS,2.2
FARCP,-92.299167,15.126667,Finca Argovia,CHIS,26.6
PARAISO,-93.33,18.42,Paraíso SMN,TAB,5.5
AL2SI,-107.383333,25.090278,El Varejonal hidrométrica,SIN,0
BOLCA,-89.743889,20.003889,Bolonchén,CAMP,21.9
COZOX,-96.721944,15.812222,San Francisco Cozoaltepec,OAX,6.5
CRNJL,-104.780833,20.479722,Corrinchis,JAL,0
GB2SI,-108.316667,26.083333,El Sabinal hidrométrica,SIN,0
OCOCP,-93.150556,17.220556,Ocotepec,CHIS,15.8
RHOOX,-95.481389,16.585278,Río Hondo,OAX,0
SARBS,-109.995,24.083889,El Sargento,BCS,0
SPHMR,-99.042778,18.580278,San Pablo Hidalgo,MOR,9.2
XSUVC,-96.894444,19.555833,Xalapa Sumidero,VER,23.1
CHINCHORROmar,-87.300556,18.755556,Banco Chinchorro SEMAR,QROO,0
XPJCA,-89.396111,18.502222,Xpujil,CAMP,37
STTOX,-97.536667,17.726111,Santiago Teotongo,OAX,14.9
FOYOX,-97.819167,17.746389,San Francisco Yosocuta,OAX,24.52
AMTOX,-97.720556,17.533611,San Antonino Monte Verde,OAX,36.11
SLAOX,-98.1425,17.501389,Silacayoápam,OAX,81.7
TSLOX,-97.808333,17.654444,Heroica Villa Tezoatlán de Segura y Luna,OAX,32
GOMEZFARIAS,-99.154722,23.046667,Gómez Farías SGT,TAMPS,53.6
CALOX,-98.278333,17.532778,Calihualá,OAX,6.51
LPZMC,-101.2,18.8,Los Pinzanes,MICH,0
TEPOX,-97.424444,17.550556,San Juan Teposcolula,OAX,45.8
TETMR,-98.710278,18.876389,Tetela del Volcán,MOR,4
XMGVC,-96.935556,19.547222,Xalapa Magisterial,VER,33
XXOMR,-99.25,18.683333,Xoxocotla,MOR,1.1
ZALOX,-98.389444,17.755278,Zapotitlán Lagunas,OAX,8.21
PTECLUBCAMP,-93.186667,16.753889,Puente Club Campestre SGT,CHIS,0.1
APAMR,-99.463611,18.68,Apacingo,MOR,30.1
CL2CH,-105.381667,27.410278,Colina hidrométrica,CHIH,1
ESCUINTLA,-92.67,15.33,Escuintla SMN,CHIS,0
HUIXTLA,-92.471389,15.146944,Huixtla SGT,CHIS,11
MTLPB,-97.850278,20.733056,Metlaltoyuca,PUE,86.4
SANDIEGOC,-100.730833,29.071944,San Diego Jiménez CILA,COAH,2.25
NVAPALESTINA,-93.631667,16.493889,Nueva Palestina SGT,CHIS,0.2
LASVACASC,-100.954444,29.329167,"Las Vacas,  Ciudad Acuńa CILA",COAH,1
TQGMR,-99.250278,18.611111,Tequesquitengo,MOR,2.71
FPZCP,-92.476111,15.346667,Finca La Paz,CHIS,31.3
ESCALONCP,-92.829444,17.373056,El Escalón SGT,CHIS,90.3
PLAYAROSARITO,-117.071389,32.3775,Playa Rosarito SMN,BC,0
TECATE,-116.661667,32.568611,Tecate SMN,BC,0.4
CUXTEPEQUES,-92.965278,15.727778,Finca Cuxtepeques SGT,CHIS,1.2
GONZALEZTP,-98.405278,22.798611,González SGT,TAMPS,41.5
MONCLOVACAMP,-90.820833,18.056944,Monclova SMN,CAMP,0
RIOTOMATLAN,-105.133611,19.998611,Río Tomatlán SMN,JAL,0
LABARCA,-102.558333,20.275556,La Barca SGT,JAL,0
RioEscondidoC,-100.556944,28.667778,Río Escondido Villa De Fuentes CILA,COAH,0
LASTORTILLASC,-99.548333,26.816944,Las Tortillas Río Salado CILA,TAMPS,56.6
SANJUANGPE,-102.774444,24.631389,San Juan Guadalupe SMN,DGO,0.4
ZIHUATANEJO,-101.554167,17.645,Zihuatanejo SMN,GRO,0
BOCHIL,-92.905833,16.997222,Bochil SGT,CHIS,7.8
CUERNAVACAob,-99.233333,18.933333,Observatorio de Cuernavaca SMN,MOR,0.61
MOTOZINTLA,-92.2675,15.333333,Motozintla SGT,CHIS,0
MONTERREYCFE,-93.384444,16.0675,Monterrey CFE,CHIS,0.1
SANBARTOLO,-99.279444,19.326389,San Bartolo UNAM,DF,29.9
AJUSCO,-99.188889,19.214722,Ajusco UNAM,DF,36.83
MILPAALTA,-99.0175,19.196667,Milpa Alta UNAM,DF,19.63
BARRETALII,-99.214444,24.102778,Barretal Dos SGT,TAMPS,113.6
PTODEVALLES,-99.5975,24.184167,Puerto de Valles SGT,TAMPS,52.1
MAGUEYES,-99.546944,24.570278,Magueyes SGT,TAMPS,64.4
CANDIDOAG,-98.687222,25.118056,Cándido Aguilar SGT,TAMPS,1.2
TGRDR,-102.785,24.563056,El Tigre,DGO,0
PCONCORDIACFE,-91.967778,15.849444,Puente Concordia CFE,CHIS,0
MINERALPOZOS,-100.501944,21.223611,Mineral de Pozos Protección Civil,GTO,0.5
PIAOX,-96.716667,17.072778,Organismo de Cuenca Pacífico Sur PIAE,OAX,42
CUAUTEPEC,-99.140833,19.549444,Cuautepec UNAM,MÉX,15.83
UAMAZC,-99.189444,19.503333,UAM Azcapotzalco UNAM,DF,7.57
INDIOSVER,-99.119444,19.496389,Indios Verdes UNAM,DF,7.61
CCHVALLEJO,-99.140833,19.483333,CCH Vallejo UNAM,DF,11.46
NAUCALPAN,-99.243333,19.473889,Naucalpan UNAM,MÉX,13.24
BONDOJITO,-99.118056,19.469722,Bondojito UNAM,DF,8.241
TACUBA,-99.186389,19.455556,Tacuba UNAM,DF,10.698
BOSQUEREAL,-99.283333,19.436389,Bosque Real UNAM,MÉX,11.79
BALBUENA,-99.102778,19.423056,Balbuena UNAM,DF,8.755
HERRADURA,-99.250833,19.415833,Herradura UNAM,MÉX,10.85
PANTITLAN,-99.071667,19.415,Pantitlán UNAM,DF,7.11
CCHOTE,-99.059722,19.383889,CCH Oriente UNAM,DF,10.3
MEXICALTZI,-99.1175,19.356389,Mexicaltzingo UNAM,DF,8.982
CUAJIMALPA,-99.291667,19.355278,Memetla Cuajimalpa UNAM,DF,24.77
TAXQUENA,-99.141389,19.344444,Taxqueńa UNAM,DF,8.412
MEYEHUALCO,-99.043889,19.3375,Meyehualco UNAM,DF,11.8
CULHUACAN,-99.105,19.323333,Culhuacán UNAM,DF,7.709
PREPA5,-99.134722,19.307222,Prepa 5 UNAM,DF,5.61
SANBERNABE,-99.266111,19.306389,San Bernabé UNAM,DF,23.9
NOPALERA,-99.045,19.3025,Nopalera UNAM,DF,9.2
PADIERNA,-99.2275,19.294167,Padierna UNAM,DF,13.17
XOCHIMILCO,-99.106667,19.250278,Xochimilco UNAM,DF,15.66
AMC,-99.174167,19.240833,Academia Mexicana de Ciencias UNAM,DF,22.81
ABASOLO,-98.370556,24.046667,Abasolo SGT,TAMPS,53.7
BARRETALI,-99.215278,24.103333,Barretal Uno SGT,TAMPS,85.7
FORVC,-96.9975,18.897778,Fortín,VER,53.7
LAGUNA,-98.128333,20.135833,La Laguna FENIX,HGO,20.6
NECAXA,-98.002222,20.001667,Necaxa FENIX,PUE,65.8
NVAAPOLONIA,-98.633889,22.494444,Nueva Apolonia SGT,TAMPS,23.3
PABELARLRDGZ2,-116.908333,32.4475,Abelardo L. Rodríguez 2 SMN,BC,0
PADILLA,-98.901944,24.041389,Padilla SGT,TAMPS,49.3
PGRANERO,-105.280833,28.95,Presa el Granero SGT,CHIH,0
PLOPEZZAMORA,-116.603333,31.891667,Presa Emilio López Zamora SMN,BC,0.2
TEPUXTEPECF,-100.229167,20.000556,Tepuxtepec FENIX,MICH,14.2
SGORDAII,-99.831389,21.320833,Sierra Gorda 2 SMN,GTO,12.6
ELCHICO,-98.716111,20.185556,El Chico SMN,HGO,14
ALTZOMONI,-98.655278,19.118611,Altzomoni SMN,MÉX,19.59
VALLEDEBRAVO,-100.084722,19.375556,Valle de Bravo SGT,MÉX,23.4
SANBLASmar,-105.285556,21.531389,San Blas SEMAR,NAY,0
XCRVC,-96.903889,19.542222,Xalapa Cristal,VER,33.5
LASBAYAS2,-104.785,23.711389,Las Bayas 2 SGT,DGO,2.1
ELARCOTETE,-92.584722,16.725833,El Arcotete SGT,CHIS,2.2
LMONTEBELLO,-91.73,16.114444,Lagunas de Montebello SMN,CHIS,7.8
NICOLASBRAVO,-88.923889,18.455278,Nicolás Bravo SMN,QROO,17.5
PENITAS,-93.474444,17.463611,Peńitas SGT,CHIS,4.2
PLABOCA,-100.128889,25.429444,Presa La Boca SGT,NL,76.3
RAUVC,-96.713889,20.157778,El Raudal,VER,43.6
ZPTJL,-103.05,22.05,El Zapote,JAL,0
ISOCORROmar,-110.953611,18.726667,Isla Socorro SEMAR,COL,0
HHTHD,-98.076111,20.46,Huehuetla,HGO,147.5
CELYC,-90.3825,20.858056,Celestún SMN,YUC,0
TNTYC,-89.047222,20.030278,Tantaquín SMN,YUC,2.03
PILON,-98.867778,24.115,Pilón SGT,TAMPS,42.9
PTEPALOMAS,-97.702778,20.445833,Puente Palomas SGT,PUE,94.3
NOGALES,-110.913889,31.297778,Nogales SMN,SON,0
PAVVC,-96.918056,19.48,Pacho Viejo,VER,88.42
OXOLOTANCFE,-92.7425,17.404444,Oxolotán CFE,TAB,6.4
FRIAS,-101.996667,20.800556,Frías Protección Civil,GTO,0
MEZCALAPA,-93.316111,17.954444,Mezcalapa SGT,TAB,3.3
SEDVC,-96.921389,19.578611,Sedeńo,VER,43.81
SJNVC,-96.130556,19.085833,San José Novillero,VER,6.51
UDSPB,-98.050833,20.176389,Universidad de la Sierra,PUE,109.603
RUMOROSA,-116.205556,32.272222,La Rumorosa SMN B.C.,BC,0
PTBBN,-116.64,31.704444,Punta Banda,BC,0.01
PILVC,-96.979722,19.588611,Piletas,VER,34.6
CTMDF,-99.196111,19.406389,Observatorio de Tacubaya,DF,6.2
LAETP,-97.953333,23.166389,La Esperanza,TAMPS,74.4
TNCSL,-99.146111,21.8225,Tanchachín,SLP,69.5
MENTP,-98.586389,25.1175,Méndez,TAMPS,80.7
ATBMR,-98.891389,18.931111,Atlatlahuacan Bachillerato,MOR,3.5
SJAPB,-97.208333,20.131389,San José Acateno,PUE,203.002
CAYMR,-98.714444,18.583056,Cayehuacan,MOR,5.71
TLQVC,-97.125278,18.579722,Tlaquilpa,VER,15.7
EZAPATACFE,-93.342222,17.216667,Emiliano Zapata CFE,CHIS,20.5
MUCH,-93.091389,16.7225,Museo de Chiapas de Ciencia y Tecnología SGT,CHIS,0
K21GR,-99.783333,16.966667,km 21,GRO,0
TLYMR,-98.9,18.9,Tlayacapan,MOR,7.2
CREDARRIAGA,-93.906111,16.2425,Cred Arriaga PC,CHIS,0
VILLAFLORES,-93.248056,16.253889,Villaflores SGT,CHIS,0.6
AZAPACCFE,-93.427222,17.253611,Aza-Pac CFE,CHIS,2.6
TRESPICOSCFE,-93.577778,16.227222,Tres Picos CFE,CHIS,0
ISLAPEREZmar,-89.681944,22.384167,Isla Pérez SEMAR,YUC,0
CUMVC,-96.666389,19.361667,La Cumbre,VER,19
SMTPB,-98.4175,19.284167,San Martín Texmelucan,PUE,53.8
UNIVERSIDADLIND,-92.909722,17.178333,Universidad Lindavista SMN,CHIS,22.6
HDZSI,-109.333333,25.983333,Higuera de Zaragoza,SIN,0
LHRDR,-106.7,25.35,La Huerta,DGO,0
GDLMX,-99.252222,19.635556,Sierra de Guadalupe,MÉX,39
EGCJL,-102.976111,20.681389,Ing. Elías González Chávez,JAL,0
CHPNR,-104.5,21.944167,Chapalagana,NAY,0
LPIOX,-95.3,16.4,Las Pilas,OAX,0
MNZVC,-94.771111,18.135278,Minzapan,VER,38.65
LFLCP,-93.561111,16.695833,Las Flores,CHIS,0
FTEJL,-102.766667,20.298056,El Fuerte,JAL,0
CJNNR,-104.450833,21.428333,Leonardo Rodríguez Alcaine,NAY,0
BICSO,-108.860833,27.421667,Bicentenario SGT,SON,0
DORADOCFE,-92.925278,16.108333,El Dorado CFE,CHIS,1.8
IXTALTEPEC,-95.053889,16.503611,Ixtaltepec SGT,OAX,0.8
SAMARIA,-93.283333,18,Samaria SGT,TAB,48.6
TBLSL,-98.857222,21.246667,Tierra Blanca,SLP,131
CNCQR,-86.775833,21.074444,Cancún Radar SMN,QROO,2.03
LVEDR,-105.466111,24.185833,Las Vegas SMN,DGO,0
VILLAOCAMPO,-105.5025,26.440556,Villa Ocampo SMN,DGO,8
LLAHD,-98.128333,20.135556,La Laguna,HGO,16.37
JMORELOS,-88.703611,19.752222,José María Morelos SMN,QROO,0.4
TOPOLOBAMPOmar,-109.070278,25.590833,Topolobampo SEMAR,SIN,23.88
PORVENIR,-92.877222,18.010833,Porvenir SGT,TAB,0.9
YECVC,-96.777778,19.863889,Yecuatla,VER,149.5
PEROTESMN,-97.268333,19.545,Perote SMN,VER,2.03
PENITASCFE,-93.457778,17.445,Peńitas CFE,CHIS,0.6
TILA,-92.426389,17.300278,Tila SGT,CHIS,4.8
TEHOX,-95.2,16.3,Tehuantepec,OAX,0
GONZALEZ,-93.066667,17.966667,González SGT,TAB,3.2
ELDIENTE,-100.308333,25.576944,El Diente SMN,NL,35.59
IMTMR,-99.158611,18.883611,Instituto Mexicano de Tecnología del Agua SMN,MOR,4.53
SFRANCISCOII,-92.951389,15.872778,San Francisco 2 SGT,CHIS,25.7
JUCOX,-95.033333,16.433333,Juchitán,OAX,0
BOMBANA,-93.026389,16.9525,Bombana SGT,CHIS,0
RSACP,-93.989722,16.470833,Rosendo Salazar,CHIS,0
MEZCALA,-103.033333,20.316667,Mezcala Poncitlán SGT,JAL,0
CUXTEPEQUESHM,-92.938056,15.881944,Finca Cuxtepeques hidrométrica SGT,CHIS,15
PRUSIA,-92.794167,15.714444,Prusia SGT,CHIS,0
SPNICHTALUCUM,-92.731389,17.035556,San Pedro Nichtalucum SGT,CHIS,0
CHIAPILLA,-92.715556,16.578056,Villa de Chiapilla SGT,CHIS,1.6
ELBURRERO,-92.828611,16.787778,El Burrero SGT,CHIS,8.3
REFORMA,-93.356111,17.883056,Reforma SGT,CHIS,0
ACHAPALAGDL,-103.133333,20.316667,Acueducto Chapala Guadalajara SGT,JAL,0
RAYSO,-110.570556,29.707778,Rayón,SON,0
POBLADOC11,-93.622778,18.175,Poblado C11 SGT,TAB,11.1
CLHVC,-97.545,21.068333,Chalahuite,VER,55.51
CJNSO,-110.736389,29.472222,El Cajón,SON,0
ARCSI,-108.7,25.7,Adolfo Ruiz Cortines,SIN,0
YURECUARO,-102.283333,20.333333,Yurécuaro SGT,MICH,5.8
CABORCA,-112.435278,30.771944,Caborca SMN,SON,0
CCNBS,-111.663611,25.009722,Observatorio de Ciudad Constitución,BCS,0
GESDR,-105.25,25.5,General Escobedo,DGO,0.01
SLCDR,-104.276944,25.085,San Luis del Cordero,DGO,0.01
COBSO,-109.938056,27.5,Observatorio de Ciudad Obregón,SON,0
CSLBS,-109.925833,22.8975,Cabo San Lucas,BCS,0
PCORTESmar,-111.829444,24.481111,Puerto Cortés SEMAR,BCS,0
YEEMR,-98.858333,18.891667,Yecapixtla ETA 118,MOR,18.71
BCRSO,-108.931667,30.355278,Bacerac,SON,0
LMTHD,-98.757222,20.591667,Metztitlán,HGO,10.24
ACTOPANVER,-96.583333,19.495278,Actopan SGT,VER,3
COBREGONCFE,-93.466944,16.441389,Cristóbal Obregón CFE,CHIS,6.5
MAGCH,-107.994167,27.858611,Maguarichi SMN,CHIH,0
AOBSO,-109.8925,27.8225,Ălvaro Obregón,SON,0
SONOYTA,-112.846389,31.865278,Sonoyta SMN,SON,0.2
AGCSO,-109.887778,27.75,Agua Caliente,SON,0
TLPGR,-98.6,17.5,Tlapa,GRO,0
PTQSO,-112.116667,30.697778,Pitiquito,SON,0
PINACATE,-113.304722,31.68,El Pinacate SMN,SON,0
