LON,LAT,EDO,CLAVE,ESTACION,dic-23
-102.309722,21.895,AGS,AGSAG,"Aguascalientes, Ags.",48.82
-102.184167,21.738611,AGS,BRTAG,"San Bartolo, Ags.",47.6
-102.712222,21.849167,AGS,CALVILLO,"Calvillo, Ags. SMN*",42.52
-102.676944,21.9975,AGS,CDRAG,"La Codorniz, Ags.",36.3
-102.197222,22.007222,AGS,CHOAG,"Cañada Honda, Ags.",49.5
-102.189167,21.826667,AGS,CLVAG,"Calvillo, Ags.",56.46
-101.992222,21.897778,AGS,CNSAG,"Los Conos, Ags.",53.32
-102.296667,22.362778,AGS,CSOAG,"Cosío, Ags.",24.72
-102.356944,22.121667,AGS,JCQAG,"Jocoque, Ags.",31.8
-102.788333,21.8075,AGS,MNLAG,"Media Luna, Ags.",46.33
-102.371667,21.78,AGS,NGRAG,"El Niágara, Ags.",55.93
-102.001944,22.020556,AGS,NVLAG,"El Novillo, Ags.",50
-102.290556,21.850833,AGS,OBSAG,"Observatorio de Aguascalientes, Ags.",56.8
-102.465,22.189167,AGS,P50ANIV,"Presa Cincuenta Aniversario, Ags. SMN*",25.6
-101.966667,21.916667,AGS,PALAG,"Palo Alto, Ags.",56
-102.279167,22.147222,AGS,PBLAG,"Pabellón, Ags.",34.2
-102.417222,22.141111,AGS,PECAG,"Plutarco Elías Calles, Ags.",34.83
-102.135,22.202778,AGS,PTOAG,"Puerto de la Concepción, Ags.",34.12
-102.4375,22.235,AGS,PTRAG,"Derivadora Pabellón, Ags.",34.11
-102.608333,22.269444,AGS,SIERRAFRIA,"Sierra Fría, Ags. SMN*",48.6
-102.108889,21.885,AGS,SNVAG,"Sandovales, Ags.",51
-102.127778,21.807778,AGS,TNJAG,"La Tinaja 2, Ags.",59.1
-102.0675,22.097778,AGS,VJZAG,"Villa Juárez, Ags.",41.32
-116.908333,32.444722,BC,ALRBN,"Abelardo L. Rodríguez, B.C.",12
-114.719167,29.727222,BC,CATAVINA,"Cataviña, B.C. SMN*",12.41
-115.921667,32.042222,BC,CONST1857,"Constitución de 1857, B.C. SMN*",11.8
-116.696944,32.479444,BC,CRRBN,"El Carrizo, B.C.",19.1
-116.828333,32.468056,BC,EFLBN,"El Florido, B.C.",13.03
-116.6025,31.890278,BC,ELZBN,"Emilio López Zamora, B.C.",16.21
-115.931389,30.517222,BC,ENBBN,"San Quintín, B.C.",3.8
-115.15,32.411111,BC,ENLBN,"Observatorio de Ejido Nuevo León, B.C.",18.5
-116.302778,32.516389,BC,HNGBN,"El Hongo, B.C.",3
-115.1875,28.034444,BC,ISLACEDROSmar,"Isla Cedros, B.C. SEMAR*",1.02
-114.728056,32.705,BC,JMRBN,"Interconexión José María Morelos y Pavón, B.C.",26.2
-115.27,32.39,BC,MXCBN,"Mexicali, B.C.",4.2
-114.729444,32.703889,BC,PDMBN,"Presa derivadora Morelos, B.C.",26.2
-117.071389,32.3775,BC,PLAYAROSARITO,"Playa Rosarito, B.C. SMN*",3.2
-116.205556,32.272222,BC,RUMOROSA,"La Rumorosa, B.C. SMN*",0
-114.85,31.033333,BC,SFLBN,"Observatorio de San Felipe, B.C.",40.5
-116.661667,32.568611,BC,TECATE,"Tecate, B.C. SMN*",10.8
-111.353889,26.009722,BCS,BLORETO,"Bahía de Loreto, B.C.S. SMN*",0
-111.663611,25.009722,BCS,CCNBS,"Observatorio de Ciudad Constitución, B.C.S.",0
-109.424444,23.445278,BCS,CPULMO,"Cabo Pulmo, B.C.S. SMN*",0
-109.925833,22.8975,BCS,CSLBS,"Cabo San Lucas, B.C.S.",0
-113.457778,27.643611,BCS,DORBS,"Díaz Ordaz, B.C.S.",5.45
-114.051944,27.963056,BCS,GNGBS,"Guerrero Negro, B.C.S.",4.401
-109.697222,23.680556,BCS,LBABS,"Los Barriles, B.C.S.",0
-110.366667,24.15,BCS,LPZBS,"Observatorio de La Paz, B.C.S.",0.03
-111.349167,26.011667,BCS,LRTBS,"Observatorio de Loreto, B.C.S.",0
-111.983056,26.896111,BCS,MLGBS,"Mulegé, B.C.S.",0.001
-111.829444,24.481111,BCS,PCORTESmar,"Puerto Cortés, B.C.S. SEMAR*",0
-109.934167,23.9675,BCS,PLNBS,"Los Planes, B.C.S.",0
-109.591389,23.593056,BCS,RBRBS,"La Ribera, B.C.S.",0.02
-110.059167,23.805,BCS,SANBS,"San Antonio, B.C.S.",0.01
-109.995,24.083889,BCS,SARBS,"El Sargento, B.C.S.",0.01
-109.843889,23.738333,BCS,SBABS,"San Bartolo, B.C.S.",0.01
-109.708333,23.118889,BCS,SJCBS,"San José del Cabo, B.C.S.",0
-109.998611,23.555556,BCS,SLAGUNA,"Sierra La Laguna, B.C.S. SMN*",0
-109.713611,23.490278,BCS,SNTBS,"Santiago, B.C.S.",0
-112.272778,27.337778,BCS,SRLBS,"Observatorio de Santa Rosalía, B.C.S.",0
-110.210556,23.478889,BCS,TSNBS,"Todos Santos, B.C.S.",0
-89.743889,20.003889,CAMP,BOLCA,"Bolonchén, Camp.",49.53
-89.8925,18.365,CAMP,CALAKMUL,"Calakmul, Camp. SMN*",48.5
-90.575556,19.295,CAMP,CANCA,"Canasayab, Camp.",32.61
-91.761389,18.654167,CAMP,CARCA,"El Carmen, Camp.",56.1
-91.962778,20.203889,CAMP,CAYOARCASmar,"Cayo Arcas, Camp. SEMAR*",6.858
-90.72,19.361667,CAMP,CHMCA,"Champotón, Camp.",47
-90.544167,19.838333,CAMP,CMPCA,"Campeche, Camp.",36
-91.046111,18.183056,CAMP,CNDCA,"Candelaria, Camp.",145.61
-90.507222,19.838611,CAMP,COBCA,"Observatorio de Campeche, Camp.",45.91
-90.741111,18.604444,CAMP,ESCCA,"Escárcega, Camp.",40.6
-90.105556,20.184167,CAMP,HECCA,"Hecelchakán, Camp.",78
-89.848333,19.751944,CAMP,HPOCA,"Hopelchen, Camp.",61.6
-90.820833,18.056944,CAMP,MONCLOVACAMP,"Monclova, Camp. SMN*",116.6
-90.221389,19.605833,CAMP,NYXCA,"Noh-Yaxché, Camp.",68.2
-92.086944,18.253056,CAMP,PLZCA,"Palizada, Camp.",160
-91.175833,18.972778,CAMP,SBNCA,"Sabancuy, Camp.",23
-89.860278,19.664444,CAMP,XCPCA,"Xcupil, Camp.",32.53
-89.396111,18.502222,CAMP,XPJCA,"Xpujil, Camp.",91.5
-107.482778,28.481667,CHIH,AGZCH,"Abraham González, Chih.",0
-107.9,27.9,CHIH,BTVCH,"Batovira, Chih.",0
-107.930833,30.376667,CHIH,CAGCH,"Observatorio de Nuevo Casas Grandes, Chih.",6.3
-106.84,28.396667,CHIH,CDCUAUHTEMOC,"Ciudad Cuauhtémoc, Chih. SMN*",0.2
-105.446944,28.210833,CHIH,CDLCH,"Ciudad Delicias, Chih.",0
-106.770556,26.229444,CHIH,CHNCH,"Chinatú, Chih. SMN*",2.01
-107.633333,27.75,CHIH,CRLCH,"Creel, Chih.",7
-105.628889,28.166111,CHIH,FIMCH,"Francisco I. Madero, Chih.",0
-107.072222,26.816667,CHIH,GCCCH,"Guachochi, Chih. SMN*",2.6
-108.3,29.2,CHIH,GPCCH,"Guapoca, Chih.",0
-105.277778,28.994722,CHIH,HGRANERO,"El Granero hidrométrica, Chih. SGT*",0.25
-108.427222,30.838889,CHIH,JANOS,"Janos, Chih. SMN*",5.4
-105.414167,27.544722,CHIH,LBQCH,"La Boquilla, Chih.",0
-107.025833,29.88,CHIH,LJSCH,"Las Lajas, Chih.",5.6
-105.28,28.984444,CHIH,LLNCH,"Ing. Luis L. León, Chih.",0
-107.994167,27.858611,CHIH,MAGCH,"Maguarichi, Chih. SMN*",11.17
-106.486111,28.803333,CHIH,MAJALCA,"Cumbres de Majalca, Chih. SMN*",0
-104.43,29.583333,CHIH,OJINAGAC,"Ojinaga Río Conchos, Chih. CILA*",0.25
-104.410833,29.565,CHIH,OJNCH,"Ojinaga, Chih.",1
-105.254167,26.546389,CHIH,PAGCH,"Pico del Águila, Chih.",0
-104.74,29.5,CHIH,PEGUIS,"Peguis, Chih. SGT*",0
-105.675556,26.917778,CHIH,PRRCH,"Observatorio de Parral, Chih.",0.5
-107.85,28.95,CHIH,TMCCH,"Observatorio de Temósachic, Chih.",2.5
-107.384167,29.5625,CHIH,TNTCH,"El Tintero, Chih.",5.5
-107.9125,27.216667,CHIH,URECH,"Urique, Chih.",8.7
-92.804167,16.552778,CHIS,ACACP,"Acala, Chis.",0.1
-92.034722,16.737778,CHIS,ALTAMIRANO,"Altamirano, Chis. SGT*",76.6
-92.778889,16.401389,CHIS,ANGCP,"Doctor Belisario Domínguez, Chis.",0.6
-93.8975,16.241111,CHIS,AROCP,"Observatorio de Arriaga, Chis.",0
-93.427222,17.253611,CHIS,AZAPACCFE,"Aza-Pac, Chis. CFE*",320.6
-92.905833,16.997222,CHIS,BOCHIL,"Bochil, Chis. SGT*",16.5
-93.026389,16.9525,CHIS,BOMBANA,"Bombana, Chis. SGT*",14.3
-93.15,16.641944,CHIS,BOQCP,"Boquerón, Chis.",0
-92.716667,15.35,CHIS,CACCP,"Cacaluta, Chis.",0.1
-92.483056,15.969167,CHIS,CATARINITAS,"Catarinitas, Chis. SGT*",0
-93.100556,16.941667,CHIS,CHICP,"Manuel Moreno Torres, Chis.",2.1
-93.466944,16.441389,CHIS,COBREGONCFE,"Cristóbal Obregón, Chis. CFE*",5
-92.1,16.2,CHIS,COOCP,"Observatorio de Comitán, Chis.",14.7
-93.906111,16.2425,CHIS,CREDARRIAGA,"Cred Arriaga, Chis. SMN*",0
-92.135556,16.224444,CHIS,CREDCOMITAN,"Cred Comitan, Chis. SMN*",13.92
-92.113056,15.435833,CHIS,CUILCOCFE,"Cuilco, Chis. CFE*",10.3
-92.965278,15.727778,CHIS,CUXTEPEQUES,"Finca Cuxtepeques, Chis. SGT*",14.3
-92.925278,16.108333,CHIS,DORADOCFE,"El Dorado, Chis. CFE*",8.4
-92.590833,16.686111,CHIS,ELAGUAJE,"El Aguaje, Chis. SGT*",6
-92.808056,15.656667,CHIS,ELTRIUNFO,"El Triunfo, Chis. SMN*",79.2
-92.829444,17.373056,CHIS,ESCALONCP,"El Escalón, Chis. SGT*",114.5
-92.666667,15.316667,CHIS,ESCCP,"Escuintla, Chis.",0
-93.342222,17.216667,CHIS,EZAPATACFE,"Emiliano Zapata, Chis. CFE*",401.7
-92.299167,15.126667,CHIS,FARCP,"Finca Argovia, Chis.",52.3
-92.325278,15.173889,CHIS,FHACP,"Finca Hamburgo, Chis.",78.7
-93.125,16.975,CHIS,GRICP,"Grijalva, Chis.",6.1
-92.402778,14.997222,CHIS,HUECP,"Huehuetán, Chis.",9.8
-93.381389,17.364167,CHIS,JDGCP,"Juan de Grijalva, Chis.",503.9
-93.381389,17.364167,CHIS,JGRIJALVACFE,"Túneles Juan de Grijalva, Chis. CFE*",503.9
-92.898611,15.996389,CHIS,JSBCP,"Juan Sabines, Chis.",15.7
-90.702222,16.580833,CHIS,LACCP,"Lacantún, Chis.",91
-93.561111,16.695833,CHIS,LFLCP,"Las Flores, Chis.",2.5
-91.73,16.114444,CHIS,LMONTEBELLO,"Lagunas de Montebello, Chis. SMN*",133.6
-93.598889,17.178611,CHIS,MALCP,"Nezahualcóyotl, Chis.",143
-93.384444,16.0675,CHIS,MONTERREYCFE,"Monterrey, Chis. CFE*",0.6
-92.2675,15.333333,CHIS,MOTOZINTLA,"Motozintla, Chis. SGT*",0.1
-93.150556,17.220556,CHIS,OCOCP,"Ocotepec, Chis.",376.6
-93.458611,17.446111,CHIS,PENCP,"Ángel Albino Corzo, Chis.",296.6
-91.990278,17.525833,CHIS,PLQCP,"Palenque, Chis. SMN*",539.6
-92.794167,15.714444,CHIS,PRUSIA,"Prusia, Chis. SGT*",46.4
-92.649167,16.725278,CHIS,PTEMORELOS,"Puente Morelos, Chis. SGT*",10
-92.618056,16.7475,CHIS,QUIOSCO,"Quiosco, Chis. SGT*",14
-92.666667,15.916667,CHIS,REFCP,"Reforma, Chis.",3.3
-93.079167,16.158333,CHIS,REVCP,"Revolución Mexicana, Chis.",2.2
-92.35,17.566667,CHIS,SAACP,"Salto de Agua, Chis.",350.9
-93.383333,17.425,CHIS,SAYCP,"Sayula, Chis.",514.9
-92.603056,16.727222,CHIS,SCCASASCFE,"San Cristóbal de las Casas, Chis. CFE*",9.2
-92.633333,16.733333,CHIS,SCOCP,"Observatorio de San Cristóbal, Chis.",10.5
-93.056389,16.4525,CHIS,SDOCP,"Santo Domingo, Chis.",0
-92.951389,15.872778,CHIS,SFRANCISCOII,"San Francisco 2, Chis. SGT*",4.8
-93.085,17.561111,CHIS,SJOCP,"San Joaquín, Chis.",255.4
-93.591111,16.152222,CHIS,SMORENACFE,"Sierra Morena, Chis. CFE*",19.2
-92.820833,16.938889,CHIS,SNACP,"Santa María, Chis.",117.9
-92.731389,17.035556,CHIS,SPNICHTALUCUM,"San Pedro Nichtalucum, Chis. SGT*",125.8
-93.034167,16.742778,CHIS,SUMIDEROCFE,"Cañón del Sumidero, Chis. CFE*",0.1
-93.577778,16.227222,CHIS,TRESPICOSCFE,"Tres Picos, Chis. CFE*",14.7
-93.1,16.761944,CHIS,TUXCP,"Tuxtla Oriente, Chis.",0
-93.086111,16.761667,CHIS,TUXTLACFE,"Tuxtla, Chis. CFE*",0
-93.133333,16.75,CHIS,TXOCP,"Observatorio de Tuxtla Gutiérrez, Chis.",0.1
-93.5375,17.283333,CHIS,TZICP,"Tzimbac, Chis.",348.8
-92.909722,17.178333,CHIS,UNIVERSIDADLIND,"Universidad Lindavista, Chis. SMN*",73.17
-93.330556,17.116667,CHIS,YAMCP,"Yamonhó, Chis.",119.4
-100.837222,28.344444,COAH,ADLCL,"Allende, Coah.",57
-101.057222,29.446944,COAH,AMSCL,"Internacional La Amistad, Coah.",14.9
-100.929722,25.561111,COAH,ARACL,"Ramos Arizpe Aeropuerto, Coah.",0.1
-101.116667,29.15,COAH,CBRCL,"Cabeceras, Coah.",20
-102.064444,26.983333,COAH,CCGCL,"Cuatro Ciénegas, Coah.",0
-100.950278,29.327778,COAH,CDACL,"Ciudad Acuña, Coah.",22.01
-100.661111,26.844444,COAH,CDLCL,"Candela, Coah.",5
-100.95,29.213611,COAH,CNTCL,"El Centenario, Coah.",21
-103.469167,25.542222,COAH,CYTCL,"Coyote, Coah.",0
-100.920833,25.436111,COAH,ESLCL,"Secretaría de Agricultura Saltillo, Coah.",0.2
-100.954444,29.329167,COAH,LASVACASC,"Las Vacas. Ciudad Acuña, Coah. CILA*",17.6
-100.832222,28.82,COAH,LFGCL,"La Fragua, Coah.",0
-101.4225,26.908333,COAH,MCVCL,"Observatorio de Monclova, Coah.",2.32
-100.556944,28.667778,COAH,RIOESCONDIDOC,"Río Escondido Villa De Fuentes, Coah. CILA*",17
-100.634444,28.898611,COAH,RioSanRodrigoC,"Río San Rodrigo cerca El Moral, Piedras Negras Coah., CILA*",20.25
-101.016667,25.376389,COAH,SALCL,"Observatorio de Saltillo, Coah.",0.12
-100.730833,29.071944,COAH,SANDIEGOC,"San Diego Jimenez, Coah. CILA*",13.75
-101.213056,28.399444,COAH,SANTACECILIA,"Santa Cecilia, Coah. SMN*",50
-101.122778,27.846667,COAH,SBNCL,"Sabinas, Coah.",35
-100.953889,29.034167,COAH,SMGCL,"San Miguel, Coah.",27
-103.699722,27.285278,COAH,SMJCL,"Sierra Mojada, Coah.",3
-102.979444,25.7575,COAH,SPECL,"San Pedro, Coah.",0.51
-101.016667,25.376389,COAH,STOCL,"Saltillo, Coah.",0.2
-103.45,25.541667,COAH,TORCL,"Observatorio de Torreón, Coah.",0.03
-100.616111,27.515,COAH,VCRCL,"Venustiano Carranza, Coah.",29.52
-103.613056,19.2475,COL,BVSCM,"Buenavista, Col.",8
-103.725556,18.758611,COL,CDOCM,"Cerro de Ortega, Col.",2.6
-103.702778,19.295,COL,CHNCM,"El Chanal, Col.",18
-103.757222,19.3175,COL,CMLCM,"Comala, Col.",9.92
-103.804167,19.2125,COL,CQMCM,"Coquimatlán, Col.",4.82
-103.6,19.325,COL,CUACM,"Cuauhtémoc, Col.",13.01
-103.884444,19.111389,COL,DJLCM,"Presa derivadora Jala, Col.",4.15
-114.733611,18.348611,COL,ICLARIONmar,"Isla Clarión, Col. SEMAR*",0
-110.953611,18.726667,COL,ISOCORROmar,"Isla Socorro, Col. SEMAR*",10
-103.866389,19.17,COL,LAECM,"La Esperanza, Col.",2.6
-103.774167,18.809167,COL,LDACM,"Laguna de Amela, Col.",2.7
-103.725278,19.223333,COL,LPSCM,"La Posta, Col.",8.31
-104.318611,19.044444,COL,MNZCM,"Observatorio de Manzanillo, Col.",1.1
-103.8125,19.3275,COL,PNTCM,"Peñitas, Col.",10.3
-104.100556,18.938611,COL,RDRCM,"Radar, Col.",1.5
-103.700833,19.408333,COL,SCHCM,"Suchitlán, Col.",13.72
-103.867778,18.911667,COL,TCMCM,"Tecomán, Col.",2
-103.663333,19.2775,COL,TRPCM,"Trapiche, Col.",9.5
-99.210278,19.218611,DF,AJSDF,"Ajusco, Cd. de Méx.",9.15
-99.174167,19.240833,DF,AMC,"Academia Mexicana de Ciencias, Cd. de Méx. UNAM*",6.01
-99.102778,19.423056,DF,BALBUENA,"Balbuena, Cd. de Méx. UNAM*",5.692
-99.140833,19.483333,DF,CCHVALLEJO,"CCH Vallejo, Cd. de Méx. UNAM*",4.56
-99.180556,19.346667,DF,CCUDF,"Universidad, Cd. de Méx.",10.01
-98.999444,19.357222,DF,CDMDF,"Cárcel de Mujeres, Cd. de Méx.",2.29
-99.1125,19.407778,DF,CDVDF,"Ciudad Deportiva, Cd. de Méx.",1.25
-99.1375,19.516667,DF,CEADF,"Campamento Amealco, Cd. de Méx.",6.02
-99.208333,19.155556,DF,CFSDF,"Caseta Forestal, Cd. de Méx.",0
-99.1375,19.469722,DF,CMTDF,"Avenida Cien Metros, Cd. de Méx.",0
-99.183333,19.486389,DF,CMYDF,"Campamento Mecoaya, Cd. de Méx.",18.27
-99.196111,19.406389,DF,CTMDF,"Observatorio de Tacubaya, Cd. de Méx.",2.11
-99.09,19.190278,DF,CTNDF,"San Salvador Cuauhtenco, Cd. de Méx.",5.56
-99.291667,19.355278,DF,CUAJIMALPA,"Memetla Cuajimalpa, Cd. de Méx. UNAM*",12.26
-99.140833,19.549444,DF,CUAUTEPEC,"Cuautepec, Cd. de Méx. UNAM*",32.95
-99.105,19.323333,DF,CULHUACAN,"Culhuacán, Cd. de Méx. UNAM*",7.113
-99.09,19.484167,DF,CYLDF,"Coyol, Cd. de Méx.",0
-99.205,19.3,DF,DATDF,"Desviación Alta, Cd. de Méx.",0
-99.131389,19.431111,DF,DDFDF,"Gobierno de la Ciudad de México, Cd. de Méx.",2.25
-99.309167,19.313333,DF,DTLDF,"Desierto de los Leones, Cd. de Méx.",16.49
-99.151944,19.300556,DF,EAZDF,"Estadio Azteca, Cd. de Méx.",7.79
-99.066667,19.377778,DF,EMRDF,"El Moral SACM, Cd. de Méx.",6.1
-99.286389,19.3625,DF,EYQDF,"El Yaqui, Cd. de Méx.",3.04
-99.352222,19.295,DF,EZCDF,"El Zarco, Méx.",1.75
-99.091667,19.478056,DF,GCNDF,"km 6+250, Cd. de Méx.",4.1
-99.119444,19.496389,DF,INDIOSVER,"Indios Verdes, Cd. de Méx. UNAM*",4.12
-99.066667,19.377778,DF,LU4DF,"Lumbrera Cuatro Ríos (El Moral), Cd. de Méx.",7.01
-99.3,19.340556,DF,LVNDF,"La Venta, Cd. de Méx.",0
-99.133889,19.403333,DF,MCRDF,"Marcos Carrillo, Cd. de Méx.",5.54
-99.043889,19.3375,DF,MEYEHUALCO,"Meyehualco, Cd. de Méx. UNAM*",2.15
-99.026944,19.187222,DF,MLPDF,"Milpa Alta, Cd. de Méx.",4.42
-99.233056,19.187778,DF,MZTDF,"Planta Abasolo (Mezontepec), Cd. de Méx.",9.15
-99.096389,19.316389,DF,OCSDF,"Organismo de Cuenca Aguas del Valle de Mécico Sur, Cd. de Méx.",6.29
-99.2275,19.294167,DF,PADIERNA,"Padierna, Cd. de Méx. UNAM*",6.64
-99.100278,19.379167,DF,PBADF,"Planta de bombeo Aculco, Cd. de Méx.",0
-99.057778,19.433333,DF,PBCDF,"Planta de bombeo Churubusco Lago, Cd. de Méx.",17.62
-99.119444,19.486667,DF,PBLDF,"Planta de bombeo Lindavista, Cd. de Méx.",2.03
-99.037778,19.38,DF,PBODF,"Planta de bombeo U.H. Ejército de Oriente, Cd. de Méx.",4.57
-99.170556,19.435556,DF,PBTDF,"Planta de bombeo Tizoc, Cd. de Méx.",0
-99.2,19.413056,DF,PCHDF,"Planta Chapultepec, Cd. de Méx.",3.56
-99.097222,19.455833,DF,PGNDF,"Planta Generadora 101, Cd. de Méx.",3.79
-99.076389,19.336944,DF,PLEDF,"Planta de Tratamiento Cerro de La Estrella, Cd. de Méx.",4.31
-99.068333,19.420278,DF,PLMDF,"Planta de bombeo López Mateos, Cd. de Méx.",8.32
-99.126389,19.365278,DF,PMLDF,"Planta de bombeo Municipio Libre, Cd. de Méx.",6.76
-99.090833,19.246389,DF,PNTDF,"Planta Nativitas, Cd. de Méx.",0
-99.154444,19.513056,DF,PRMDF,"Planta de Tratamiento Río de La Magdalena, Cd. de Méx.",0.75
-99.154444,19.513056,DF,PRRDF,"Planta de Tratamiento Río Remedios, Cd. de Méx.",15.74
-99.023056,19.299167,DF,PSCDF,"Planta de Tratamiento Santa Catarina, Cd. de Méx.",7.56
-99.05,19.233333,DF,PSLDF,"Planta San Luis, Cd. de Méx.",1.01
-99.163889,19.468889,DF,PSNDF,"Planta de bombeo Nueva Santa María, Cd. de Méx.",7.36
-99.171111,19.263056,DF,PSPDF,"Pueblo San Pedro Mártir, Cd. de Méx.",0
-99.190278,19.509167,DF,PTRDF,"Planta de Tratamiento Rosario, Cd. de Méx.",21.53
-99.126111,19.285833,DF,PVCDF,"Planta de bombeo Villa Coapa, Cd. de Méx.",4.57
-99.143056,19.331944,DF,PXTDF,"Planta de bombeo Xotepingo, Cd. de Méx.",2.29
-99.194167,19.296111,DF,RBTDF,"Rebombeo Bosque de Tlalpan, Cd. de Méx.",3.54
-99.17,19.4,DF,RCMDF,"Radio Comunicación, Cd. de Méx.",4.57
-99,19.166667,DF,SANDF,"Santa Ana, Cd. de Méx.",0.51
-99.028889,19.338333,DF,SCMDF,"Rebombeo La Quebradora (Santa Cruz Meyehualco), Cd. de Méx.",1.01
-99.122222,19.572222,DF,SGDDF,"Sierra Guadalupe, Cd. de Méx.",24.38
-99.079167,19.465278,DF,SJADF,"San Juan de Aragón, Cd. de Méx.",6.82
-99.17,19.262778,DF,SPEDROMARTIR,"San Pedro Mártir, Cd. de Méx. SACMEX*",0
-99.009722,19.281389,DF,SPPDF,"San Pedro Tláhuac, Cd. de Méx.",0
-98.960556,19.320833,DF,SSCDF,"La Caldera Subestación eléctrica Santa Lucía, Méx.",0
-99.186389,19.455556,DF,TACUBA,"Tacuba, Cd. de Méx. UNAM*",7.992
-99.141389,19.344444,DF,TAXQUENA,"Taxqueña, Cd. de Méx. UNAM*",5.197
-99.1425,19.556111,DF,TCMDF,"Tanque Chalmita, Cd. de Méx.",33.27
-99.272222,19.373056,DF,TECDF,"Tanque el Cartero, Cd. de Méx.",11.65
-99.246389,19.333889,DF,TELDF,"Tanque el Lienzo, Cd. de Méx.",11.82
-99.098889,19.385556,DF,TEZDF,"Tezontle, Cd. de Méx. SMN*",1.52
-99.211667,19.399167,DF,TNGDF,"Triángulo, Cd. de Méx.",3.03
-99.135833,19.199444,DF,TPJDF,"Topilejo, Cd. de Méx.",2.02
-99.084722,19.440833,DF,TPNDF,"Tanque Peñón, Cd. de Méx.",6.07
-99.2125,19.361944,DF,TRGDF,"Tarango, Cd. de Méx.",0
-99.248611,19.316667,DF,TSFDF,"Tanque San Francisco, Cd. de Méx.",6.05
-99.228611,19.436389,DF,TSJDF,"Tanque San Joaquín, Cd. de Méx.",0
-99.264444,19.359722,DF,TSLDF,"Santa Fe (Santa Lucía), Cd. de Méx.",9.63
-104.810278,24.538333,DGO,CBRDR,"Caboraca, Dgo.",5.51
-104.121111,24.4375,DGO,CGVDR,"Ciudad Guadalupe Victoria, Dgo.",0.01
-103.521667,25.533333,DGO,CLRDR,"Ciudad Lerdo, Dgo.",1.5
-103.698889,24.871944,DGO,CNCDR,"Cuencamé, Dgo.",5
-104.75,24.5,DGO,CNTDR,"Canatlán, Dgo.",17.1
-104.666667,24.033333,DGO,DRGDR,"Durango, Dgo.",3.6
-103.960833,24.001667,DGO,FVLDR,"Francisco Villa, Dgo.",6
-103.773611,25.270833,DGO,FZRDR,"Francisco Zarco, Dgo.",0.01
-105.955556,25.934722,DGO,GNCDR,"Guanaceví, Dgo.",1
-104.9225,24.803889,DGO,GUADR,"Guatimapé, Dgo.",5.7
-104.753056,23.961111,DGO,GVCDR,"Presidente Guadalupe Victoria, Dgo.",7.3
-103.983333,26.549722,DGO,LAFLOR,"La Flor de Jimulco, Dgo. SMN*",0
-104.75,23.516667,DGO,LBYDR,"Las Bayas, Dgo.",11.6
-105.015833,25.594167,DGO,LCRDR,"Lázaro Cárdenas, Dgo.",0
-106.7,25.35,DGO,LHRDR,"La Huerta, Dgo.",0
-105.466111,24.185833,DGO,LVEDR,"Las Vegas, Dgo. SMN*",1.75
-104.246944,23.387778,DGO,MICHILIA,"La Michilia, Dgo. SMN*",25.6
-103.85,25.816667,DGO,MPMDR,"Mapimí, Dgo.",0
-104.656667,24.203889,DGO,PAGDR,"Peña del Águila, Dgo.",1.3
-104.558333,25.181944,DGO,RDODR,"Rodeo, Dgo.",0.01
-105.443056,25.225,DGO,SACDR,"Salomé Acosta, Dgo.",2.5
-104.675833,23.874444,DGO,SBYDR,"Santiago Bayacora, Dgo.",2.01
-104.054444,23.623056,DGO,SELDR,"Santa Elena, Dgo.",56.01
-105.560833,26.436667,DGO,SGBDR,"San Gabriel, Dgo.",0
-102.778056,24.630556,DGO,SJGDR,"San Juan de Guadalupe, Dgo.",0
-104.276944,25.085,DGO,SLCDR,"San Luis del Cordero, Dgo.",2
-105.422222,25.0375,DGO,SPPDR,"Santiago Papasquiaro, Dgo.",0.01
-105.566667,26.084444,DGO,SRDDR,"Sardinas, Dgo.",0.01
-102.785,24.563056,DGO,TGRDR,"El Tigre, Dgo.",0
-105.725,25.341111,DGO,TLHDR,"Observatorio de Tepehuanes, Dgo.",0.6
-106.975,24.933333,DGO,TMZDR,"Tamazula, Dgo.",0
-103.979722,23.737778,DGO,VGCDR,"Vicente Guerrero, Dgo.",11.51
-104.928889,26.2425,DGO,VHGDR,"Villa Hidalgo, Dgo.",1.5
-99.906667,16.849722,GRO,ACAGR,"Acapulco, Gro.",23
-99.516944,17.576389,GRO,AERGR,"Observatorio de Chilpancingo Aeropuerto, Gro.",0.9
-100.5175,18.075833,GRO,AFIGR,"Andrés Figueroa, Gro.",0
-98.975278,17.719722,GRO,AHUGR,"Ahuacuotzingo, Gro.",6.8
-100.433333,17.210278,GRO,ATYGR,"Atoyac, Gro.",40.7
-99.400833,18.459444,GRO,BVSGR,"Buena Vista, Gro.",0
-100.664444,18.359444,GRO,CALGR,"Ciudad Altamirano, Gro.",0.3
-99.701111,17.672222,GRO,CCHGR,"Chichihualco, Gro.",3
-99.5,17.545278,GRO,CHIGR,"Chilpancingo, Gro.",0.1
-99.175833,17.608611,GRO,CHLGR,"Chilapa, Gro.",3.2
-98.411944,16.47,GRO,CNLGR,"Cuajinicuilapa, Gro.",0
-99.661944,18.245278,GRO,COCGR,"Cocula, Gro.",0
-98.970833,16.614722,GRO,COPGR,"Copala, Gro.",0
-101.054444,17.376944,GRO,CYQGR,"Coyuquilla, Gro.",10
-99.995556,17.947778,GRO,ECAGR,"Ing. Carlos Ramírez Ulloa, Gro.",0
-99.516667,17.233333,GRO,EOCGR,"El Ocotito, Gro.",1.3
-99.332778,18.3025,GRO,HTZGR,"Huitzuco, Gro.",0
-99.55,18.349722,GRO,IGLGR,"Iguala, Gro.",0.3
-98.513333,17.6225,GRO,IXTGR,"Ixcateopan de Tlapa, Gro.",4.6
-101.003056,18.418611,GRO,LCLGR,"La Calera, Gro.",0
-100.018056,16.958333,GRO,LDCGR,"Laguna de Coyuca, Gro.",15
-99.235,16.76,GRO,LDGGR,"Las Vigas, Gro.",5
-99.369167,17.471111,GRO,MCHGR,"Mochitlán, Gro.",1.5
-99.5,17.6,GRO,ODZGR,"Observatorio de Zumpango, Gro.",1.4
-98.735,17.777222,GRO,OLNGR,"Olinalá, Gro.",0
-98.433333,16.683333,GRO,OMEGR,"Ometepec, Gro.",0
-99.45,17.483333,GRO,PETGR,"Petaquillas, Gro.",0
-98.500556,16.655833,GRO,QTZGR,"Quetzala, Gro.",2
-99.166111,16.823611,GRO,RMEGR,"Revolución Mexicana, Gro.",5
-100.472778,17.139444,GRO,SJEGR,"San Jerónimo, Gro.",29.7
-99.605278,18.554444,GRO,TAXGR,"Taxco, Gro.",1.5
-99.526389,17.1675,GRO,TCOGR,"Tierra Colorada, Gro.",0
-99.976389,17.789722,GRO,TLAGR,"Tlacotepec, Gro.",3.9
-98.6,17.5,GRO,TLPGR,"Tlapa, Gro.",3
-99.399444,17.568056,GRO,TXTGR,"Tixtla, Gro.",1.1
-100.265833,18.382778,GRO,VGRGR,"Vicente Guerrero, Gro.",0
-99.466111,18.295833,GRO,VTRGR,"Valerio Trujano, Gro.",0
-98.488333,17.903889,GRO,XXHGR,"Xochihuehuetlán, Gro.",1.5
-99.933333,17.603333,GRO,YXTGR,"Yextla, Gro.",11.7
-101.536667,20.446944,GTO,ABSGJ,"Abasolo, Gto.",43.04
-100.712222,20.0325,GTO,ACNGJ,"Acámbaro, Gto.",36.02
-100.683333,20.533333,GTO,AEGGJ,"Apaseo el Grande, Gto.",47.5
-100.5825,20.553889,GTO,AMCGJ,"Ameche, Gto.",37.01
-101.370833,20.712778,GTO,ANSGJ,"Arandas, Gto.",39.71
-100.620833,20.454167,GTO,APSGJ,"Apaseo el Alto, Gto.",44.51
-101.625556,20.499167,GTO,ATBGJ,"Agua Tibia, Gto.",51
-100.816667,20.833333,GTO,BEGGJ,"La Begoña hidrométrica, Gto.",43.72
-101.838333,21.048611,GTO,BRRGJ,"El Barrial, Gto.",34.82
-100.816667,20.536389,GTO,CLYGJ,"Celaya, Gto.",50.7
-100.363333,20.198333,GTO,CORGJ,"Coroneo, Gto.",35.1
-101.666667,20.616667,GTO,CRMGJ,"Cuerámaro, Gto.",52.53
-100.962778,20.487778,GTO,CRTGJ,"Cortázar, Gto.",37.8
-100.9,20.95,GTO,CSRGJ,"Cinco Señores, Gto.",47.44
-101.666667,21.191667,GTO,CSSGJ,"Los Castillos, Gto.",31.42
-101.6675,21.195556,GTO,CSTGJ,"Los Castillos, Gto.",31.42
-100.933333,21.15,GTO,DHGGJ,"Dolores Hidalgo, Gto.",8.11
-101.835278,21.05,GTO,EBAGJ,"El Barrial, Gto.",34.82
-100.9,20.279722,GTO,ECBGJ,"El Cubo, Gto.",43.52
-101.244444,20.872222,GTO,ECHGJ,"El Chapín, Gto.",45.74
-101.37,20.715833,GTO,ECNGJ,"El Conejo, Gto.",39.71
-101.678889,21.173611,GTO,EPLGJ,"El Palote, Gto.",38.03
-101.996667,20.800556,GTO,FRIAS,"Frías, Gto. Protección Civil*",56.134
-101.266111,21.014167,GTO,GTOGJ,"Observatorio de Guanajuato, Gto.",34.82
-100.825833,20.848056,GTO,IALGJ,"Ignacio Allende, Gto.",48.81
-101.35,20.683333,GTO,IRPGJ,"Irapuato, Gto.",43.74
-100.518333,20.145556,GTO,JCRGJ,"Jerécuaro, Gto.",38.82
-101.844167,20.675278,GTO,LADGJ,"Las Adjuntas, Gto.",58.71
-101.073056,20.286944,GTO,LDYGJ,"Laguna de Yuriria, Gto.",33.1
-101.693333,21.136389,GTO,LENGJ,"León, Gto.",30.02
-100.883611,20.398333,GTO,LGVGJ,"Presa la Gavia, Gto.",7
-101.358889,20.276111,GTO,LJIGJ,"Las Jícamas, Gto.",41
-101.107778,21.324167,GTO,LQMGJ,"La Quemada, Gto.",34.3
-100.501944,21.223611,GTO,MINERALPOZOS,"Mineral de Pozos, Gto. Protección Civil*",35.58
-101.48,21.65,GTO,OCMGJ,"Ocampo, Gto.",73
-101.111389,20.5225,GTO,PERGJ,"Pericos, Gto.",56.16
-100.878333,21.105,GTO,PNLGJ,"Peñuelitas, Gto.",12.41
-100.496111,21.22,GTO,POZGJ,"Pozos, Gto.",53.08
-101.287778,20.867222,GTO,PRSGJ,"La Purísima, Gto.",45.43
-101.216667,21.483333,GTO,SFEGJ,"San Felipe, Gto.",29.6
-99.831389,21.320833,GTO,SGORDAII,"Sierra Gorda 2, Gto. SMN*",35
-101.016667,20.4,GTO,SJLGJ,"Santa Julia, Gto.",46.7
-100.666667,20.05,GTO,SL2GJ,"Solis, Gto.",32.54
-101.199444,20.565833,GTO,SLMGJ,"Salamanca, Gto.",42.85
-100.669722,20.055278,GTO,SLSGJ,"Solís, Gto.",32.53
-100.885833,20.216667,GTO,SLVGJ,"Salvatierra, Gto.",41.02
-101.016389,20.430833,GTO,SMAGJ,"San Miguel de Allende, Gto.",51.72
-101.066944,20.298333,GTO,SRTGJ,"Santa Rita, Gto.",44.76
-101.3,20.6,GTO,TEMGJ,"Temascatío, Gto.",39.54
-100.0925,21.298889,GTO,XICGJ,"Xichú, Gto.",38.33
-98.941667,20.268056,HGO,ACTHD,"Actopan, Hgo.",16.5
-98.716111,20.185556,HGO,ELCHICO,"El Chico, Hgo. SMN*",53.6
-99.36,20.163889,HGO,ENDHD,"Endhó, Hgo.",58.51
-98.076111,20.46,HGO,HHTHD,"Huehuetla, Hgo.",93.2
-98.416667,21.15,HGO,HJTHD,"Huejutla, Hgo.",72.3
-98.466111,19.728611,HGO,ITESAAPAN,"ITESA Apan, Hgo. SMN*",24.2
-99.220833,20.481944,HGO,IXMHD,"Ixmiquilpan, Hgo.",9.7
-98.128333,20.135833,HGO,LAGUNA,"La Laguna, Hgo. FENIX*",100.8
-98.128333,20.135556,HGO,LLAHD,"La Laguna, Hgo.",7.63
-98.757222,20.591667,HGO,LMTHD,"Metztitlán, Hgo.",17.03
-99.218611,20.2375,HGO,MXQHD,"Mixquiahuala, Hgo.",22
-98.7475,20.123333,HGO,PCOHD,"Observatorio de Pachuca, Hgo.",28.1
-99.329444,20.359722,HGO,PRGHD,"Javier Rojo Gómez, Hgo.",2.02
-99.310833,19.963056,HGO,PRQHD,"Requena, Hgo.",33
-99.375833,20.435556,HGO,PVAHD,"Vicente Aguirre, Hgo.",2.02
-98.369444,20.083333,HGO,TLGHD,"Observatorio de Tulancingo, Hgo.",28.81
-99.501111,20.663333,HGO,ZMPHD,"Ing. Fernando Hiriart Balderrama, Hgo.",21.8
-98.647222,20.652778,HGO,ZXTHD,"Zacualtipán, Hgo.",81
-103.133333,20.316667,JAL,ACHAPALAGDL,"Acueducto Chapala Guadalajara, Jal. SGT*",37.2
-103.225278,22.327222,JAL,ACHZC,"Achimec, Jal.",22.31
-102.436944,21.599444,JAL,AJJJL,"Ajojúcar, Jal.",60.5
-103.446389,20.746667,JAL,BAZJL,"Base Aérea Zapopan, Jal.",49.32
-104.061111,19.913611,JAL,BBAJL,"Basilio Vadillo, Jal.",49
-103.724444,22.406111,JAL,BCSJL,"Bocas, Jal.",17.3
-103.782778,21.831667,JAL,BLNJL,"Bolaños, Jal.",31.8
-103.465278,19.697778,JAL,CGZJL,"Observatorio de Ciudad Guzmán, Jal.",24.6
-103.201944,20.290556,JAL,CHAJL,"Chapala 1, Jal. SMN*",52.83
-102.774167,19.287778,JAL,CHLMC,"Constitución de Apatzingán, Jal.",7
-104.566667,19.233333,JAL,CIHJL,"Cihuatlán, Jal.",6
-105.129722,19.9975,JAL,CPEJL,"Cajón de Peña, Jal.",7
-101.7375,21.497778,JAL,CRTJL,"El Cuarenta, Jal.",84.7
-105.218333,20.593333,JAL,CULJL,"Cuale, Jal.",27.8
-102.976111,20.681389,JAL,EGCJL,"Ing. Elías González Chávez, Jal.",54.91
-103.354444,20.680556,JAL,GUAJL,"Guadalajara Centro, Jal.",48.96
-103.392778,20.706667,JAL,GUCJL,"Observatorio de Guadalajara, Jal.",52.6
-103.651111,20.466944,JAL,HRTJL,"Hurtado, Jal.",64.5
-102.705833,20.293889,JAL,JMYJL,"Jamay, Jal.",100
-102.558333,20.275556,JAL,LABARCA,"La Barca, Jal. SGT*",86.4
-103.201667,20.290556,JAL,LDCJL,"Lago de Chapala, Jal.",47.4
-103.033333,20.316667,JAL,MEZCALA,"Mezcala Poncitlán, Jal. SGT*",42.4
-103.590833,19.592222,JAL,NEVADOCOLIMA,"Nevado de Colima, Jal. SMN*",80.2
-103.361667,20.583889,JAL,PITJL,"Protección a Infraestructura y Atención a Emergencias, Jal.",35.15
-104.105833,21.196944,JAL,PLYJL,"Ing. Alfredo Elías Ayub, Jal.",13.8
-104.05,20.55,JAL,RAMJL,"Río Ameca, Jal.",26.4
-105.133611,19.998611,JAL,RIOTOMATLAN,"Río Tomatlán, Jal. SMN*",5.58
-101.85,21.35,JAL,SAUJL,"La Sauceda, Jal.",58.1
-103.9175,19.463611,JAL,SMANANTLANI,"Sierra Manatlán 1, Jal. SMN*",47.4
-104.148056,19.554444,JAL,SMANANTLANII,"Sierra Manatlán 2, Jal. SMN*",0
-103.705556,20.908889,JAL,SRSJL,"Manuel M. Diéguez, Jal.",24.4
-102.583333,21.45,JAL,TCAJL,"Teocaltiche, Jal.",46.03
-104.320278,20.036111,JAL,TCTJL,"Tacotán, Jal.",15.8
-103.198611,22.171944,JAL,TENJL,"Tenasco, Jal.",16
-103.316667,20.583333,JAL,TLAJL,"Tlaquepaque, Jal.",48.52
-103.419444,20.4425,JAL,TLAJOMULCO,"Tlajomulco, Jal. SMN*",52.8
-104.370278,19.976111,JAL,TMLJL,"Ramón Corona Madrigal General, Jal.",36.4
-103.396667,18.967222,JAL,TRJCM,"Solidaridad, Jal.",6.02
-103.183333,20.15,JAL,TUXCUECA,"Tuxcueca, Jal. SGT*",49.4
-98.655278,19.118611,MEX,ALTZOMONI,"Altzomoni, Méx SMN*",2.4
-98.912222,19.543611,MEX,ATEMX,"Atenco, Méx.",16.5
-99.283333,19.436389,MEX,BOSQUEREAL,"Bosque Real, Méx. UNAM*",7.04
-99.52,19.566389,MEX,CCAMX,"Cerro Catedral, Méx. SMN*",24.63
-99.298611,19.406667,MEX,CDBMX,"Caída del Borracho, Méx.",6.34
-99.041667,19.593889,MEX,CHICONAUTLAI,"Chiconautla 1, Méx. SACMEX*",6
-99.108333,19.515556,MEX,CHICONAUTLAII,"Chiconautla 2, Méx. SACMEX*",4.3
-100.152778,19.350556,MEX,CHIMX,"Chilesdo, Méx.",16.4
-98.884722,19.483333,MEX,CHPMX,"Chapingo, Méx.",51.1
-99.304444,19.695,MEX,CNPMX,"La Concepción, Méx.",20
-100.225,19.178889,MEX,COLMX,"Colorines, Méx.",9.1
-99.238333,19.453611,MEX,EMOMX,"El Molinito Río Hondo, Méx.",6.5
-99.252222,19.635556,MEX,GDLMX,"Sierra de Guadalupe, Méx.",13
-98.917222,19.578889,MEX,GRDMX,"La Grande, Méx.",1.02
-99.250833,19.415833,MEX,HERRADURA,"Herradura, Méx. UNAM*",4.73
-99.05,19.633333,MEX,K27MX,"km 27+250, Méx.",21.31
-100.075833,19.383333,MEX,LBEMX,"Los Berros, Méx.",22.3
-99.220833,19.477778,MEX,MBLMX,"Molino Blanco, Méx.",5.03
-99.243333,19.473889,MEX,NAUCALPAN,"Naucalpan, Méx. UNAM*",8.26
-99.683333,19.116667,MEX,NEVMX,"Nevado de Toluca, Méx. SMN*",9.4
-99.184722,19.580833,MEX,PBTMX,"Planta de bombeo Barrientos, Méx.",4.58
-99.025,19.65,MEX,PCCMX,"Planta Chiconautla 2, Méx.",4.3
-99.181944,19.743056,MEX,PCGMX,"Puente Colgante, Méx.",5.04
-99.010278,19.636944,MEX,PCTMX,"Planta Chiconautla 1, Méx.",6
-99.248889,19.429444,MEX,PLMMX,"Palmas, Méx.",3.8
-99.260833,19.526944,MEX,PMDMX,"Madín, Méx.",12.4
-99.283333,19.453611,MEX,PTLMX,"Presa Totolica, Méx.",8.12
-98.911111,19.530556,MEX,SADMX,"San Andrés, Méx.",13.62
-98.870833,19.190278,MEX,SLAMX,"San Luis Ameca, Méx.",1.51
-99.285,19.574444,MEX,SNJMX,"San Juan, Méx",31.5
-98.858611,19.644722,MEX,SNLMX,"San Lucas, Méx",6.3
-99.283333,19.453889,MEX,TOTMX,"Totolica, Méx",8.21
-99.283056,19.4525,MEX,TTLMX,"Totolica hidrométrica, Méx.",5.5
-99.123889,19.904722,MEX,TTQMX,"Tajo de Tequixquiac, Méx",28.83
-99.385278,19.834722,MEX,TXMHD,"Taxhimay, Méx.",39.05
-100.18,19.2075,MEX,VBRMX,"Valle de Bravo, Méx.",7.02
-99.211667,19.510278,MEX,VDCDF,"Vaso de Cristo, Méx.",7.25
-99.334167,19.382222,MEX,VNDMX,"El Venado, Méx.",7.62
-100.055556,19.461667,MEX,VVCMX,"Villa Victoria, Méx.",29
-101.99,20.231389,MICH,ADUMC,"Adjuntas, Mich.",26.8
-100.608889,19.579722,MICH,AGOMC,"Agostitlán, Mich.",75.6
-102.371111,19.083056,MICH,APTMC,"Apatzingán, Mich.",3.51
-102.419167,20.183889,MICH,BIBMC,"Barraje de Ibarra, Mich.",110
-101.461389,20.324167,MICH,CBLMC,"Casa Blanca, Mich.",33.12
-100.55,19.7,MICH,CHIMC,"Ciudad Hidalgo, Mich.",43.3
-100.9,18.5,MICH,CMNMC,"Caimanera, Mich.",4.91
-101.259167,19.629722,MICH,COIMC,"Coíntzio, Mich.",19.13
-101.861667,20.207222,MICH,CORMC,"Corrales, Mich.",31.13
-100.421111,19.387778,MICH,DBOMC,"El Bosque, Mich.",14
-102.436944,20.304444,MICH,DGNMC,"De Gonzalo, Mich.",23.4
-102.541389,19.979167,MICH,GUAMC,"Guaracha, Mich.",51.3
-101.883333,18.266667,MICH,INFMC,"Infiernillo, Mich.",1.9
-102.601944,19.958333,MICH,JARMC,"Jaripo, Mich.",56
-102.865556,19.210833,MICH,LOLMC,"Los Olivos, Mich.",13.6
-102.133333,18.848611,MICH,LPNMC,"Los Panches, Mich.",9.31
-102.2,18.8,MICH,LPSMC,"La Pastoría, Mich.",3.42
-100.873611,19.829167,MICH,MLPMC,"Malpaís, Mich.",55.6
-101.724444,20.127222,MICH,MOCMC,"Melchor Ocampo, Mich.",24.57
-102.136944,19.961389,MICH,PUREPETIRO,"Presa Urepetiro, Mich. SGT*",32.2
-102.464722,20.208333,MICH,SCRMC,"San Cristóbal, Mich.",43
-102.651389,19.839444,MICH,SJUMC,"San Juanico, Mich.",46.01
-100.229167,20.000278,MICH,TEPMC,"Tepuxtepec, Mich.",21.3
-102.137778,19.962222,MICH,UREMC,"Urepetiro, Mich.",45.31
-102.180278,18.048333,MICH,VILMC,"José María Morelos y Pavón, Mich.",0.01
-101.45,19.55,MICH,VJIMC,"Villa Jiménez, Mich.",69.1
-101.931944,18.921111,MICH,ZICMC,"Zicuirán, Mich.",0
-98.829167,18.947222,MOR,ACHMR,"Achichipico, Mor.",5.3
-99.258056,18.734722,MOR,ALUMR,"Alpuyeca, Mor.",3.5
-99.376944,18.596111,MOR,AMCMR,"Amacuzac, Mor.",1.1
-99.463611,18.68,MOR,APAMR,"Apacingo, Mor.",0
-98.928056,18.948889,MOR,ATLMR,"Atlatlahucan, Mor.",4.5
-98.955278,18.850556,MOR,CASMR,"Casasano, Mor.",1.51
-98.948889,18.808611,MOR,CUAMR,"Cuautla, Mor.",0.01
-99.2,18.9,MOR,CUEMR,"Cuernavaca, Mor.",5.2
-99.375556,18.701667,MOR,CUTMR,"Cuautlita, Mor.",0
-98.786667,18.690556,MOR,ELPMR,"El Peñón, Mor.",0
-99.180278,18.573889,MOR,HIGMR,"Higuerón, Mor.",0
-99.424167,18.608333,MOR,HUAMR,"Huajintlán, Mor.",0
-99.267222,19.045,MOR,HUCMR,"C.B.T.A.154 Huitzilac, Mor.",9
-98.75,18.883333,MOR,HUEMR,"Hueyapan, Mor.",6.55
-99.265,19.028889,MOR,HUIMR,"Huitzilac, Mor.",6.12
-99.025,18.441389,MOR,HUTMR,"Huautla, Mor.",9.52
-99.158611,18.883611,MOR,IMTMR,"Instituto Mexicano de Tecnología del Agua, Mor. SMN*",7.88
-98.8,18.7,MOR,JNCMR,"Jonacatepec, Mor.",0.6
-99.2,18.6,MOR,JOJMR,"Jojutla, Mor.",0.2
-98.914444,18.683611,MOR,LCUMR,"La Cuera, Mor.",0.02
-99.004722,18.727222,MOR,MYOMR,"Moyotepec, Mor.",1
-99.031389,18.923333,MOR,OACMR,"Oacalco, Mor.",1.5
-98.901389,18.900556,MOR,OAXMR,"Oaxtepec, Mor.",3
-99.219167,18.908889,MOR,OBSMR,"Observatorio de Cuernavaca, Mor.",5
-98.758611,18.8825,MOR,OCTMR,"Ocuituco, Mor.",9
-99.433333,18.8675,MOR,PAPMR,"Palpan, Mor.",0.5
-99.322778,18.633333,MOR,PIXMR,"Puente de Ixtla, Mor.",0.01
-99.156944,18.771111,MOR,PROMR,"Progreso, Mor.",12.3
-99.331389,18.765278,MOR,RODMR,"El Rodeo, Mor.",0.01
-99.042778,18.580278,MOR,SPHMR,"San Pablo Hidalgo, Mor.",0
-98.83,18.638333,MOR,TEBMR,"Tepalcingo Bachillerato, Mor.",0.4
-99.223611,18.856944,MOR,TEMMR,"Temixco, Mor.",0.02
-98.710278,18.876389,MOR,TETMR,"Tetela del Volcán, Mor.",1
-99.103889,18.794167,MOR,TICMR,"Ticumán, Mor.",0.6
-99.306111,18.487778,MOR,TILMR,"Tilzapotla, Mor.",0.01
-98.75,18.813333,MOR,TLOMR,"Tlacotepec, Mor.",1
-99.241667,19.054167,MOR,TMAMR,"Tres Marías, Mor.",1.03
-98.786944,18.778056,MOR,TMCMR,"Temoac, Mor.",0.5
-99.093889,18.705833,MOR,TMPMR,"Temilpa, Mor.",0.01
-98.843611,18.596389,MOR,TPLMR,"Tepalcingo, Mor.",0.5
-99.072778,18.971389,MOR,TPZMR,"Tepoztlán, Mor.",7.01
-99.250278,18.611111,MOR,TQGMR,"Tequesquitengo, Mor.",0.01
-99.190278,18.528889,MOR,XICMR,"Xicatlacotla, Mor.",0.2
-99.25,18.683333,MOR,XXOMR,"Xoxocotla, Mor.",0.4
-99.050556,18.899167,MOR,YAHMR,"Yautepec, Mor.",3.6
-99.196667,18.651389,MOR,ZCTMR,"Observatorio de Zacatepec, Mor.",0.3
-104.802222,21.839167,NAY,AGMNR,"Aguamilpa Solidaridad, Nay.",2.5
-104.5,21.944167,NAY,CHPNR,"Chapalagana, Nay.",1.5
-104.450833,21.428333,NAY,CJNNR,"Leonardo Rodríguez Alcaine, Nay.",2.9
-104.298056,21.038889,NAY,IXTLANRIO,"Ixtlán del Río, Nay. SMN*",8.25
-104.516944,22.250833,NAY,JMANR,"Jesús María, Nay.",2.8
-104.8875,21.780833,NAY,RSRNR,"San Rafael, Nay.",3.5
-105.1425,21.958333,NAY,RUINR,"Ruiz, Nay.",1.22
-105.285556,21.531389,NAY,SANBLASmar,"San Blas, Nay. SEMAR*",0.25
-104.891944,21.489444,NAY,TEPNR,"Observatorio de Tepic, Nay.",2
-99.680556,24.897222,NL,ADJUNTASHUALA,"Las Adjuntas, N.L. SGT*",17.7
-99.816667,24.1,NL,ARRNL,"Aramberri, N.L.",7.63
-99.911667,24.321944,NL,ASCNL,"La Ascensión, N.L.",9.1
-99.276944,25.711667,NL,CCHNL,"Cuchillo Solidaridad, N.L.",19.51
-99.975,25.590278,NL,CDRNL,"Cadereyta, N.L.",11.82
-99.746944,27.699167,NL,COLOMBIA,"Colombia, N.L. SGT*",5.3
-99.399722,24.9375,NL,CPRNL,"José López Portillo, N.L.",12.03
-99.6975,24.783611,NL,CRUNL,"Crucitas, N.L.",13.4
-99.614167,26.091389,NL,CRVNL,"Cerralvo, N.L.",33.4
-100.308333,25.576944,NL,ELDIENTE,"El Diente, N. L. SMN*",20.19
-100.083333,24.833333,NL,GALNL,"Galeana, N.L.",4.01
-100.128056,25.428056,NL,LBCNL,"Rodrigo Gómez, N.L.",16.3
-99.833333,25.174167,NL,MTMNL,"Montemorelos, N.L.",5.43
-100.271667,25.6825,NL,MTRNL,"Monterrey, N.L.",18.5
-100.304722,25.733611,NL,OBSNL,"Observatorio de Monterrey, N.L.",18.5
-100.551111,25.028333,NL,SRANL,"San Rafael, N.L.",2.53
-97.720556,17.533611,OAX,AMTOX,"San Antonino Monte Verde, Oax.",8.4
-96.1,17.016667,OAX,AYUOX,"Ayutla, Oax.",44.2
-95.929167,16.647222,OAX,BOQOX,"Boquilla 1, Oax.",0.5
-98.278333,17.532778,OAX,CALOX,"Calihualá, Oax.",5.5
-96.263611,17.999167,OAX,CDOOX,"Miguel de la Madrid Hurtado, Oax.",420.11
-94.816667,16.583333,OAX,CHIOX,"Chicapa, Oax.",0.11
-97.023056,17.459167,OAX,CMTOX,"Santiago Camotlán, Oax.",6.21
-96.658333,18.492778,OAX,CSPOX,"Cosolapa, Oax.",119.06
-96.388889,18.1525,OAX,DPSOX,"Dique Pescaditos, Oax.",205.93
-97.819167,17.746389,OAX,FOYOX,"San Francisco Yosocuta, Oax.",0
-97.776111,17.806667,OAX,HDLOX,"Huajuapan de León, Oax.",6.31
-97.776111,17.806667,OAX,HLOOX,"Observatorio de Huajuapan de León, Oax.",5.11
-96.133889,15.748889,OAX,HUATULCOmar,"Huatulco, Oax. SEMAR*",0
-95.869722,17.024722,OAX,HUYOX,"Huayapam, Oax.",32.2
-95.053889,16.503611,OAX,IXTALTEPEC,"Ixtaltepec, Oax. SGT*",0
-95.1,16.583333,OAX,IXTOX,"Ixtepec, Oax.",0.21
-96.2,17.866667,OAX,JACOX,"Jacatepec, Oax.",204.5
-95.483333,17.45,OAX,MAROX,"María Lombardo, Oax.",166.86
-96.733333,17.066667,OAX,OACOX,"Oaxaca Centro, Oax.",0.3
-96.083333,18.166667,OAX,PAPOX,"Papaloapan, Oax.",94.64
-96.716667,17.072778,OAX,PIAOX,"Organismo de Cuenca Pacífico Sur PIAE, Oax.",0.02
-96.483333,15.666667,OAX,PTAOX,"Observatorio de Puerto Ángel, Oax.",0
-95.481389,16.585278,OAX,RHOOX,"Río Hondo, Oax.",0.5
-97.725,16.102778,OAX,RVEOX,"Río Verde, Oax.",0
-97.895,17.905833,OAX,SCHOX,"Santiago Chilixtlahuaca, Oax.",6.21
-96.55,17.266667,OAX,SCIOX,"Ixtepeji, Oax.",14
-96.533333,17.883333,OAX,SFUOX,"San Felipe Usila, Oax.",189
-98.1425,17.501389,OAX,SLAOX,"Silacayoápam, Oax.",4.22
-96.55,18.05,OAX,STDOX,"Santo Domingo, Oax.",98.14
-97.536667,17.726111,OAX,STTOX,"Santiago Teotongo, Oax.",5.9
-96.412222,18.232222,OAX,TEMOX,"Presidente Alemán, Oax.",132.6
-97.424444,17.550556,OAX,TEPOX,"San Juan Teposcolula, Oax.",20.12
-96.435278,17.933056,OAX,UCFOX,"Usila CFE, Oax.",353.1
-96.3,17.776389,OAX,VANOX,"Valle Nacional, Oax.",276.34
-97.826111,17.724444,OAX,YOSOX,"Yosocuta, Oax.",3.6
-95.93,17.15,OAX,ZACOX,"Zacatepec, Oax.",103.76
-98.389444,17.755278,OAX,ZALOX,"Zapotitlán Lagunas, Oax.",3.21
-97.818056,17.889722,OAX,ZAPOX,"Zapotitlán Palmas, Oax.",1.5
-98.285,19.016667,PUE,ACAPB,"Acatepec, Pue.",0
-97.418056,19.45,PUE,ACHPB,"Alchichilca, Pue.",6.43
-97.934167,19.0625,PUE,ACJPB,"Acajete, Pue.",12.8
-98.055,18.277222,PUE,ADOPB,"Acatlán de Osorio, Pue.",4.21
-98.135833,18.9425,PUE,AFRPB,"Áfricam, Pue.",8.3
-97.920833,18.854167,PUE,AHAPB,"Ahuatepec, Pue.",15
-97.845,20.406944,PUE,APAPB,"Apapantilla, Pue.",115.1
-98.420833,18.921111,PUE,ATXPB,"Atlixco, Pue.",16.5
-97.881111,20.385833,PUE,AVCPB,"Ávila Camacho, Pue.",109.11
-97.503333,19.961389,PUE,BAIPB,"Buenos Aires CFE, Pue.",178.2
-98.108611,18.9125,PUE,BDDPB,"Manuel Ávila Camacho, Pue.",7.11
-97.441667,18.987222,PUE,CDSPB,"Ciudad Serdán, Pue.",14
-97.958333,18.968889,PUE,CEMPB,"Cemex, Pue.",6
-97.360833,18.316389,PUE,CHCPB,"Chilac, Pue.",0
-98.579167,18.516111,PUE,CHIPB,"Chietla, Pue.",0.2
-98.318056,19.068611,PUE,CHLPB,"Cholula, Pue.",2.5
-98.567778,18.109722,PUE,CHSPB,"Chila de la Sal, Pue.",1.1
-98.198611,19.022778,PUE,CNAPB,"Conagua, Pue.",3
-98.049722,19.743333,PUE,CNGPB,"Chignahuapan, Pue.",52.9
-98.164722,18.612778,PUE,COAPB,"Coatzingo, Pue.",2.3
-98.059444,19.092778,PUE,CPLPB,"Capulac, Pue.",15
-97.516667,20.033333,PUE,CTZPB,"Cuetzalan del Progreso, Pue.",370.51
-98.275556,18.966111,PUE,ECHPB,"Echeverría, Pue.",16.01
-98.456111,19.101111,PUE,HJTPB,"Huejotzingo, Pue.",16.81
-98.540278,18.772222,PUE,HQCPB,"Huaquechula, Pue.",1
-98.050833,20.176389,PUE,HUAPB,"Huauchinango, Pue.",134.52
-98.466389,18.610833,PUE,IZMPB,"Izúcar de Matamoros, Pue.",1
-97.691111,19.457222,PUE,LIBPB,"Libres, Pue.",8.54
-98.231111,19.010556,PUE,MAYPB,"Mayorazgo 21 Poniente, Pue.",16.53
-97.850278,20.733056,PUE,MTLPB,"Metlaltoyuca, Pue.",101.8
-96.781389,18.360278,PUE,NARPB,"Naranjastitla, Pue.",199.71
-98.000556,20.216667,PUE,NNEPB,"Necaxa, Pue.",79.8
-97.533333,19.7,PUE,OYAPB,"Oyameles, Pue.",42.05
-98.156667,20.2775,PUE,PAHUATLAN,"Pahuatlán de Valle, Pue. SGT*",96.9
-97.251389,18.918056,PUE,PCRPB,"Paso Carretas, Pue.",35.02
-98.264722,18.2,PUE,PIXPB,"Piaxtla, Pue.",2.5
-97.702778,20.445833,PUE,PTEPALOMAS,"Puente Palomas, Pue. SGT*",57.9
-97.883333,20.233333,PUE,PTLPB,"Patla, Pue.",47.8
-98.166667,19.05,PUE,PUOPB,"Observatorio de Puebla, Pue.",14.9
-97.616667,19.25,PUE,QUIPB,"Quimixtlán, Pue.",84.8
-98.22,19.113056,PUE,SCRPB,"San Cristóbal Caleras, Pue.",4.21
-97.208333,20.131389,PUE,SJAPB,"San José Acateno, Pue.",83.32
-98.4175,19.284167,PUE,SMTPB,"San Martín Texmelucan, Pue.",26.5
-97.446667,19.960833,PUE,SOLPB,"La Soledad, Pue.",176.6
-98.582222,19.330278,PUE,SRTPB,"Santa Rita Tlahuapan, Pue.",20.51
-97.486389,19.952778,PUE,STLPB,"Sontalalco CFE, Pue.",183.8
-97.7925,20.004444,PUE,TDRPB,"Tepango de Rodríguez, Pue.",191.7
-97.7525,18.878889,PUE,TECPB,"Tecamachalco, Pue.",3
-97.395556,18.479167,PUE,TEHPB,"Tehuacán, Pue.",0
-97.805833,19.829444,PUE,TEOPB,"Tetela de Ocampo, Pue.",40.73
-97.9475,20.21,PUE,TEPPB,"Tepexic, Pue.",81.8
-97.430556,18.468889,PUE,TETPB,"Teotipilco, Pue.",1.8
-97.359722,19.815278,PUE,TEZPB,"Teziutlán, Pue.",138.03
-97.876111,20.315278,PUE,TLAXCALALTON,"Tlaxcalaltongo, Pue. SGT*",93.8
-96.849722,18.405,PUE,TLPPB,"Tlacotepec de Díaz, Pue.",280.31
-97.491944,19.489167,PUE,TPYPB,"Tepeyahualco, Pue.",12
-96.861389,18.483611,PUE,TYAPB,"Tepeyac, Pue.",195.02
-98.050833,20.176389,PUE,UDSPB,"Universidad de la Sierra, Pue.",132.22
-97.675833,20.510278,PUE,VENPB,"Venustiano Carranza, Pue.",56.9
-97.956944,20.277222,PUE,XDJPB,"Xicotepec de Juárez, Pue.",146.01
-97.585,19.859722,PUE,ZCPPB,"Zacapoaxtla, Pue.",141.12
-97.011389,18.332222,PUE,ZOQPB,"Zoquitlán, Pue.",129.02
-97.832778,20.178611,PUE,ZRGPB,"Zaragoza, Pue.",104.8
-100.080278,20.418611,QRO,CNSQT,"Constitución de 1917, Qro.",28.51
-99.9625,20.198611,QRO,IDFQT,"San Ildefonso, Qro.",15.6
-100,20.3625,QRO,SJSQT,"San José, Qro.",28
-86.820278,21.156667,QROO,CANQR,"Cancún, Q. Roo.",180.91
-87.300556,18.755556,QROO,CHINCHORROmar,"Banco Chinchorro, Q. Roo. SEMAR*",322.564
-88.3275,18.500556,QROO,CHOQR,"Observatorio de Chetumal, Q. Roo.",65.61
-86.775833,21.074444,QROO,CNCQR,"Cancún Radar, Q. Roo. SMN*",119.95
-86.946111,20.51,QROO,COZQR,"Cozumel, Q. Roo.",238
-88.045,19.575556,QROO,FCRQR,"Observatorio de Felipe Carrillo Puerto, Q. Roo.",65.1
-88.703611,19.752222,QROO,JMORELOS,"José María Morelos, Q. Roo. SMN*",63
-87.077778,20.634444,QROO,PDCQR,"Playa del Carmen, Q. Roo.",132.4
-87.465556,20.1275,QROO,SIAQR,"Sian Ka'an 2, Q. Roo. SMN*",9.25
-106.654167,24.047222,SIN,ACTSI,"Acatitán, Sin.",0
-107.383333,25.090278,SIN,AL2SI,"El Varejonal hidrométrica, Sin.",0
-107.388333,25.101389,SIN,ALMSI,"Adolfo López Mateos, Sin.",0
-108.7,25.7,SIN,ARCSI,"Adolfo Ruíz Cortínes, Sin.",1.5
-107.466667,25.033333,SIN,AWSSI,"Andrew Weiss, Sin.",0
-107.5375,25.333333,SIN,BDRSI,"Badiraguato, Sin.",0
-107.4,24.816667,SIN,CLCSI,"Culiacán, Sin.",0.02
-108.065556,25.484722,SIN,EBLSI,"Lic. Eustaquio Buelna, Sin.",0
-108.616667,26.433333,SIN,EFTSI,"El Fuerte, Sin.",0
-108.480833,25.806667,SIN,ENASI,"Estación Naranjo, Sin.",0.02
-108.316667,26.083333,SIN,GB2SI,"El Sabinal hidrométrica, Sin.",0.01
-107.911944,25.855278,SIN,GD2SI,"Bacurato hidrométrica de Gustavo Diaz Ordáz, Sin.",0
-107.911111,25.856667,SIN,GDOSI,"Gustavo Díaz Ordaz, Sin.",0
-108.091667,25.469444,SIN,GMCSI,"Guamúchil, Sin.",0
-108.466667,25.716667,SIN,GSVSI,"Guasave, Sin.",0
-107.225,25.344444,SIN,GTNSI,"Guatenipa, Sin.",0
-106.595833,23.955556,SIN,IXPSI,"Ixpalino, Sin.",0
-107.059444,24.753611,SIN,JGRSI,"Juan Guerrero Alcocer, Sin.",0
-106.807222,24.571667,SIN,JLPSI,"José López Portillo, Sin.",0
-108.712222,26.437222,SIN,JODSI,"El Sabino, Sin.",0
-108.7025,26.426944,SIN,JORSI,"Josefa Ortiz de Domínguez, Sin.",0
-106.9,23.916667,SIN,LCRSI,"La Cruz, Sin.",0
-108.35,26.904167,SIN,LD2SI,"Huites hidrométrica, Sin.",9
-108.367778,26.844722,SIN,LDCSI,"Luis Donaldo Colosio, Sin.",9
-109,25.8,SIN,MCHSI,"Los Mochis, Sin.",0.02
-108.583333,26.5,SIN,MHGSI,"Miguel Hidalgo, Sin.",0
-106.4,23.233333,SIN,MZTSI,"Observatorio de Mazatlán, Sin.",0
-107.188056,24.251111,SIN,OBISPO,"Obispo, Sin. SMN*",0
-107.440556,24.634722,SIN,OBSSI,"Observatorio de Culiacán, Sin.",0.02
-108.58,26.509722,SIN,PMHSI,"Miguel Hidalgo, Sin.",0
-106.466667,23.5625,SIN,QLTSI,"Quelite, Sin.",0
-107.755833,25.124722,SIN,RAVSI,"Estación Rancho Viejo, Sin.",0
-105.85,22.983333,SIN,RSRSI,"Rosario, Sin.",0
-107.843333,25.485556,SIN,SANJUAN,"San Juan, Sin. SMN*",0
-108.779167,26.073611,SIN,SFRSI,"Sufragio, Sin.",0
-107.8425,25.486667,SIN,SJNSI,"San Juan, Sin.",0
-107.1,24.45,SIN,SLRSI,"San Lorenzo, Sin.",0
-106.695833,24.121944,SIN,SLTSI,"Ing. Aurelio Benassini Vizcaíno, Sin.",0
-107.158333,24.813889,SIN,SN2SI,"Sanalona hidrométrica, Sin.",0
-107.151389,24.815,SIN,SNLSI,"Sanalona, Sin.",0
-106.25,23.35,SIN,SQRSI,"Siqueros, Sin.",0
-109.070278,25.590833,SIN,TOPOLOBAMPOmar,"Topolobampo, Sin. SEMAR*",0.5
-105.846944,23.088333,SIN,TORSI,"Las Tortugas, Sin.",0
-107.059722,24.7475,SIN,VINSI,"Vinoramas, Sin.",0
-108.358611,25.739167,SIN,ZOPSI,"El Zopilote, Sin.",0.02
-98.558333,21.972222,SLP,AJTSL,"Las Adjuntas, S.L.P.",55.4
-98.955833,21.748889,SLP,BLMSL,"Ballesmi, S.L.P.",71.4
-100.021667,21.936111,SLP,CDFERNANDEZ,"Ciudad Fernández, S.L.P. SMN*",14.4
-99.016667,21.983333,SLP,CDVSL,"Ciudad Valles, S.L.P.",21
-99.239444,21.906944,SLP,GANSL,"Gallinas, S.L.P.",47
-100.820556,21.88,SLP,IVGSL,"Valentín Gama, S.L.P.",31.54
-100.665833,23.6475,SLP,MA2SL,"Matehuala, S.L.P. SMN*",23.2
-100.642778,23.656944,SLP,MATSL,"Matehuala, S.L.P.",26.05
-99.159444,22.12,SLP,MICSL,"Micos, S.L.P.",33.53
-98.8,21.333333,SLP,MTPSL,"Observatorio de Matlapa, S.L.P.",116.31
-99.32,22.523333,SLP,NRJSL,"Naranjos, S.L.P.",34.7
-100.762222,21.849722,SLP,OCTSL,"Ojo Caliente, S.L.P.",31.54
-99.830556,21.651111,SLP,PMYSL,"Pedro Montoya, S.L.P.",35.14
-98.939722,21.847222,SLP,PUJSL,"El Pujal, S.L.P.",46.2
-99.995,21.931389,SLP,RVDSL,"Observatorio de Río Verde, S.L.P.",23.71
-101,22.2,SLP,SGRSL,"Soledad Graciano, S.L.P.",53.92
-101.019167,22.148056,SLP,SLPSL,"Observatorio de San Luis Potosí, S.L.P.",54.6
-99.055833,22.02,SLP,STRSL,"Santa Rosa, S.L.P.",61.12
-98.617222,21.692778,SLP,SVTSL,"San Vicente, S.L.P.",70.7
-99.146111,21.822222,SLP,TANCHACHIN,"Tanchachín, S.L.P. SGT*",50.6
-98.857222,21.246667,SLP,TBLSL,"Tierra Blanca, S.L.P.",91
-98.758889,21.241111,SLP,TMTSL,"Temamatla, S.L.P.",165.9
-110.226111,29.825,SON,ACNSO,"Aconchi, Son.",3
-108.937778,27.021667,SON,ALMSO,"Álamos, Son.",0
-111.733333,30.716667,SON,ALTSO,"Observatorio de Altar, Son.",40
-109.8925,27.8225,SON,AOBSO,"Álvaro Obregón, Son.",0
-109.106667,27.226111,SON,ARCSO,"Adolfo Ruíz Cortínes, Son.",0
-109.088611,30.07,SON,ARISO,"Aribabi, Son.",18.81
-110.92,29.076667,SON,ARLSO,"Abelardo Rodríguez Luján, Son.",0.01
-110.1675,30.335833,SON,ARZSO,"Arizpe, Son.",6.01
-111.83,28.75,SON,BAHIAKINO,"Bahía de Kino, Son. SMN*",0
-110.238611,30.598889,SON,BCNSO,"Bacanuchi, Son.",15.62
-108.931667,30.355278,SON,BCRSO,"Bacerac, Son.",0
-112.435278,30.771944,SON,CABORCA,"Caborca, Son. SMN*",25.8
-109.625,27.416667,SON,CCRSO,"Cocoraque, Son.",0
-111.516389,30.873333,SON,CHTSO,"Cuauhtémoc, Son.",19.5
-110.736389,29.472222,SON,CJNSO,"El Cajón, Son.",0.01
-110.290833,30.98,SON,CNNSO,"Cananea, Son.",21.32
-109.938056,27.5,SON,COBSO,"Observatorio de Ciudad Obregón, Son.",0
-108.7625,26.603611,SON,CZNSO,"Cazanate, Son.",16
-109.233333,29.2,SON,ECBSO,"El Cubil, Son.",0
-110.8,27.95,SON,EPLSO,"Observatorio de Empalme, Son.",0
-110.85,27.95,SON,GYMSO,"Guaymas, Son.",0.01
-110.916667,29.066667,SON,HM2SO,"Observatorio de Hermosillo, Son.",0.01
-110.925833,29.073056,SON,HMNSO,"Hermosillo, Son.",0.3
-108.957222,30.210556,SON,HSHSO,"Huachinera, Son.",0.02
-110.886944,30.761667,SON,IMRSO,"Imuris, Son.",17.8
-110.396944,28.426389,SON,IRASO,"Ignacio R. Alatorre, Son.",0
-109.378889,30.437778,SON,LCDSO,"Lázaro Cárdenas, Son.",4.2
-109.6875,30.374444,SON,NCZSO,"Observatorio de Nacozari, Son.",0.02
-110.947222,31.318889,SON,NGLSO,"Nogales, Son.",24.8
-110.913889,31.297778,SON,NOGALES,"Nogales, Son. SMN*",27
-109.443333,27.071944,SON,NVJSO,"Navojoa, Son.",0
-112.85,31.866667,SON,NYNSO,"Sonoyta, Son.",57.5
-109.083333,29.433333,SON,PDNSO,"Paso Nácori, Son.",0
-109.642222,28.976667,SON,PECSO,"Plutarco Elías Calles, Son.",0
-113.304722,31.68,SON,PINACATE,"El Pinacate, Son. SMN*",31.6
-110.725556,29.2125,SON,PMOSO,"Ing. Rodolfo Félix Valdés, Son.",0
-113.550833,31.352778,SON,PT2SO,"Observatorio de Puerto Peñasco, Son.",24.2
-110.308333,28.472222,SON,PTASO,"Punta de Agua 2, Son.",0
-112.116667,30.697778,SON,PTQSO,"Pitiquito, Son.",15
-111.021389,30.050556,SON,QRBSO,"Querobabi, Son.",0.51
-114.797778,32.423889,SON,RCOLORADO,"San Luis Río Colorado, Son. SMN*",32.2
-108.876667,27.411944,SON,SBNSO,"San Bernardo, Son.",0
-111.445278,30.394722,SON,SRSSO,"Santa Rosa 2, Son.",59.21
-109.5,29.534722,SON,TPCSO,"Tepache, Son.",0.02
-109.2125,27.658333,SON,TSOSO,"Tesocoma, Son.",0
-110.289722,27.643611,SON,VCMSO,"Vícam, Son.",0
-108.927778,28.371389,SON,YCRSO,"Yécora, Son.",5
-91.483333,17.433333,TAB,BDCTB,"Boca del Cerro, Tab.",139.3
-93.383056,17.998056,TAB,CARDENASPCT,"Cárdenas Protección Civil, Tab.",95.8
-91.229167,17.289722,TAB,CUSUMACINTA,"Cañón Usumacinta, Tab. SMN*",139.4
-92.916667,17.98,TAB,EMUTB,"Villahermosa Muelle, Tab.",133.9
-92.814722,18.043611,TAB,EPOTB,"El Porvenir, Tab.",108.9
-93,17.975,TAB,GONTB,"González, Tab.",111.3
-92.6,17.766667,TAB,MACTB,"Macuspana, Tab.",283.2
-92.75,17.380556,TAB,OXOTB,"Oxolotán, Tab.",275.4
-93.33,18.42,TAB,PARAISO,"Paraíso, Tab. SMN*",124.25
-92.646389,18.406389,TAB,PCENTLA,"Pantanos de Centla, Tab. SMN*",64.5
-92.879167,17.854167,TAB,PNVTB,"Pueblo Nuevo, Tab.",202.7
-93.622778,18.175,TAB,POBLADOC11,"Poblado C11, Tab. SGT*",161.4
-92.877222,18.010833,TAB,PORVENIR,"Porvenir, Tab. SGT*",98.4
-92.9375,17.566667,TAB,PUYTB,"Puyacatengo, Tab.",384.9
-93.275556,17.996944,TAB,SAMTB,"Samaria, Tab.",115.9
-91.158333,17.791667,TAB,SPTTB,"San Pedro, Tab.",103
-92.778611,17.456944,TAB,TAPTB,"Tapijulapa, Tab.",456.3
-92.966667,17.566667,TAB,TEATB,"Teapa, Tab.",240.5
-93.8325,17.965556,TAB,ZAMAPA2ASECC,"Zamapa 2a. Sección, Tab. Protección Civil*",0
-98.39,24.065556,TAMPS,ABSTP,"Abasolo, Tamps.",44.1
-97.926944,22.386111,TAMPS,BALTP,"Bombas Altamira, Tamps.",25.21
-99.123056,24.080556,TAMPS,BR1TP,"El Barretal Uno, Tamps.",23.2
-98.5975,26.238056,TAMPS,CDOTP,"S-J-2-18 Ciudad Díaz Ordaz, Tamps.",20.32
-98.8,26.25,TAMPS,CMGTP,"S-J-2-11 Camargo, Tamps.",38.1
-99.148611,26.430556,TAMPS,CMRTP,"Mier, Tamps.",7.61
-97.817778,25.966389,TAMPS,CONTP,"Control, Tamps.",4.04
-98.935833,23.939167,TAMPS,CORTP,"Corona, Tamps.",31.2
-99.166667,23.716667,TAMPS,CVCTP,"Observatorio de Ciudad Victoria, Tamps.",31.82
-99.1875,23.730278,TAMPS,CVTTP,"Ciudad Victoria, Tamps.",23.52
-99.078611,23.384444,TAMPS,ENNTP,"La Encantada, Tamps.",31.2
-98.691667,22.605,TAMPS,ERCTP,"Estudiante Ramiro Caballero Dorantes, Tamps.",15.53
-99.154722,23.046667,TAMPS,GOMEZFARIAS,"Gómez Farías, Tamps. SGT*",32.6
-99.233611,26.408889,TAMPS,LBLTP,"Derivadora Las Blancas, Tamps.",11.91
-99.120556,22.852778,TAMPS,LSRTP,"La Servilleta, Tamps.",31.41
-99.551111,24.566667,TAMPS,MAGTP,"Magueyes, Tamps.",15.9
-97.522778,25.833333,TAMPS,MATTP,"Matamoros, Tamps.",0.04
-99.040833,26.374167,TAMPS,MGATP,"S-J-1-2 Miguel Alemán, Tamps.",25.4
-99.434444,24.2525,TAMPS,MHGTP,"Miguel Hidalgo, Tamps.",27.7
-98.925556,26.204722,TAMPS,MRGTP,"Marte Rodolfo Gómez, Tamps.",17.01
-98.9,24.05,TAMPS,PADTP,"Padilla, Tamps.",40.5
-97.8,25.8,TAMPS,PANTP,"Pueblo Anáhuac, Tamps.",10.13
-98.742778,23.725556,TAMPS,PASOMOLINA,"Paso de Molina, Tamps. SGT*",37.9
-98.745833,23.726667,TAMPS,PDMTP,"Paso de Molina, Tamps.",38.4
-99.019167,24.208056,TAMPS,PILTP,"Pilón, Tamps.",38.21
-99.555833,24.2475,TAMPS,PJMTP,"Pedro José Méndez, Tamps.",17.1
-99.583333,24.183333,TAMPS,PVLTP,"Puerto de Valles, Tamps.",9.2
-99.026111,22.843056,TAMPS,RFRTP,"Río Frío, Tamps.",26
-98,25.966667,TAMPS,RIBTP,"Río Bravo, Tamps.",38.1
-97.991944,23.259444,TAMPS,RSPTP,"República Española, Tamps.",74.8
-98.285833,26.079722,TAMPS,RYATP,"S-J-3-42 Reynosa, Tamps.",25.33
-99.093056,23.031389,TAMPS,SBNTP,"Sabinas, Tamps.",32.2
-98.869444,22.784444,TAMPS,SDATP,"Saca de Agua, Tamps.",31.5
-98.787222,23.083611,TAMPS,SGBTP,"San Gabriel, Tamps.",34.7
-98.208889,23.762222,TAMPS,SLMTP,"Observatorio de Soto la Marina, Tamps.",67.7
-98.791389,22.943889,TAMPS,SLZTP,"Lic. Emilio Portes Gil, Tamps.",18.01
-99.274167,24.0225,TAMPS,STETP,"Santa Engracia, Tamps.",32.7
-97.876111,22.238333,TAMPS,TMPTP,"Tampico, Tamps.",27.9
-98.422778,22.423889,TAMPS,TMSTP,"Tamesí, Tamps.",31.01
-97.804167,25.906111,TAMPS,VCATP,"Villa Cárdenas, Tamps.",7.53
-98.666389,23.959444,TAMPS,VGRTP,"Vicente Guerrero, Tamps.",51.1
-97.8,25.7,TAMPS,VHMTP,"Valle Hermoso, Tamps.",8.53
-99.488611,24.303889,TAMPS,VILLAGRAN,"Villagrán, Tamps. SMN*",25.2
-99.551111,24.566667,TAMPS,VSMTP,"Victoria San Marcos, Tamps.",13.3
-98.131111,19.428611,TLAX,APITL,"Apizaco, Tlax.",16
-98.563889,19.586111,TLAX,CPPTL,"Calpulalpan, Tlax.",16.9
-97.769722,19.298889,TLAX,CUATL,"Cuapiaxtla, Tlax.",15
-97.6475,19.318056,TLAX,ECTTL,"El Carmen Tequexquitla, Tlax.",18.5
-98.246944,19.324722,TLAX,OBSTL,"Observatorio de Tlaxcala, Tlax.",24
-98.200556,19.556111,TLAX,SJATL,"San José Atlanga, Tlax.",13
-98.243056,19.219444,TLAX,ZACTL,"Zacatelco, Tlax.",3.1
-97.908056,19.200278,TLAX,ZITTL,"Zitlaltepec, Tlax.",26.5
-96.843889,19.695833,VER,ACAVC,"Acatlán, Ver.",114.04
-96.5875,19.495,VER,ACTVC,"Actopan, Ver.",43.81
-94.144444,18.141667,VER,AGDVC,"Agua Dulce, Ver.",87.5
-97.68,20.93,VER,ALAVC,"Álamo Temapache, Ver.",61.02
-97.234722,19.7625,VER,ALTVC,"Altotonga, Ver.",193
-96.736111,19.621667,VER,ALUVC,"Alto Lucero, Ver.",15.46
-95.4375,18.583333,VER,ARCVC,"Ángel Rosario Cabada, Ver.",303.23
-97.236944,19.885833,VER,ARRVC,"Arroyo Colorado Protección Civil, Ver.",267.03
-96.944444,19.588889,VER,BANVC,"Banderilla, Ver.",87
-96.933333,19.483333,VER,BRIVC,"Briones, Ver.",81.15
-96.971667,19.948889,VER,BUVVC,"Buena Vista Protección Civil, Ver.",235.8
-94.253889,17.954444,VER,CB2VC,"Planta de Bombeo 2 de La Cangrejera, Ver.",162.93
-95.8,18.3,VER,CCLVC,"Chacaltianguis, Ver.",78.41
-96.697778,19.433056,VER,CEGVC,"Cerro Gordo, Ver.",32.8
-96.853611,18.563333,VER,CHMVC,"Chicomapa, Ver.",171.11
-98.155833,21.7375,VER,CHYVC,"Paso de Piedras, Ver.",84.4
-97.878611,21.334444,VER,CITLALTEPEC,"Citlaltepec, Ver. SMN*",64.8
-97.545,21.068333,VER,CLHVC,"Chalahuite, Ver.",48.14
-94.4,18.1,VER,COTVC,"Observatorio de Coatzacoalcos, Ver.",388.9
-96.374444,19.364722,VER,CRDVC,"Cardel, Ver.",25.14
-95.295833,18.144444,VER,CTTVC,"Cuatotolapan, Ver.",103.52
-96.666389,19.361667,VER,CUMVC,"La Cumbre, Ver.",25.5
-95.970833,19.040833,VER,ELSALADOmar,"El Salado, Ver. SEMAR*",41.402
-96.36,19.405833,VER,ENRVC,"El Naranjillo, Ver.",21.7
-96.158333,19.068889,VER,ETEVC,"El Tejar, Ver.",57.03
-96.9975,18.897778,VER,FORVC,"Fortín, Ver.",88.9
-95.556944,18.270556,VER,GARVC,"Garro, Ver.",107.03
-98.459167,21.773611,VER,HGOVC,"El Higo, Ver.",62.8
-98.2875,21.194444,VER,HLSVC,"Los Hules, Ver.",47.01
-96.950833,19.181667,VER,HTSVC,"Huatusco, Ver.",117.81
-96.554167,19.404167,VER,IDOVC,"Ídolos, Ver.",28.9
-97.2175,21.471667,VER,ISLALOBOSmar,"Isla Lobos, Ver. SEMAR*",136.2
-94.666667,17.95,VER,JALVC,"Jaltipán, Ver.",335
-95.033333,17.433333,VER,JCRVC,"Jesús Carranza, Ver.",48.8
-94.088889,17.873611,VER,JDCVC,"San José del Carmen, Ver.",163.6
-97.021111,19.603611,VER,JOYVC,"La Joya, Ver.",75.51
-94.330833,18.109444,VER,LCAVC,"La Cangrejera, Ver.",298.5
-95.118333,18.415833,VER,LDCVC,"Canseco, Ver.",115
-97.231944,18.922778,VER,LGRVC,"Loma Grande, Ver.",5
-96.411111,19.261389,VER,LOFVC,"Loma Fina, Ver.",13.01
-94.916667,17.416667,VER,LPEVC,"Las Perlas, Ver.",69
-97.1,19.65,VER,LVRVC,"Las Vigas de Ramírez, Ver.",103.1
-97.048333,20.0675,VER,MDTVC,"Martínez de la Torre, Ver.",177.2
-96.333333,19.15,VER,MFAVC,"Manlio Fabio Altamirano, Ver.",25.57
-98.045,20.8325,VER,MILVC,"Milcahual, Ver.",37.5
-94.771111,18.135278,VER,MNZVC,"Minzapan, Ver.",256.62
-97.097778,20.421944,VER,MRRVC,"El Morro Protección Civil, Ver.",55.7
-98.5125,21.840278,VER,OLVVC,"El Olivo, Ver.",70.8
-97.1,18.85,VER,ORZVC,"Observatorio de Orizaba, Ver.",77.53
-96.97,19.55,VER,OTIVC,"Otilpan, Ver.",74.5
-94.3775,18.103611,VER,PB3VC,"Planta de Bombeo 3 de La Cangrejera, Ver.",243.01
-94.193611,17.872778,VER,PCNVC,"Planta de Bombeo 1 de La Cangrejera, Ver.",215.04
-97.814444,21.184444,VER,PEMVC,"El Moralillo, Ver.",31
-97.268333,19.545,VER,PEROTESMN,"Perote, Ver. SMN*",25.91
-96.979722,19.588611,VER,PILVC,"Piletas, Ver.",124.61
-98.176667,22.06,VER,PNCVC,"Pánuco, Ver.",33.1
-97.475,20.543333,VER,POZARICA,"Poza Rica, Ver. SGT*",36.9
-97.316667,20.45,VER,PPNVC,"Papantla, Ver.",91.54
-97.478333,20.540833,VER,PRCVC,"Poza Rica, Ver.",55.5
-98.356667,21.297778,VER,PSNVC,"Platón Sánchez, Ver.",86.6
-96.665,19.043333,VER,PTE4CAMINOS,"Puente Cuatro Caminos, Ver. SGT*",37.2
-96.795278,18.888056,VER,PTNVC,"Potrero Nuevo, Ver.",92.04
-97.809722,20.887222,VER,SBTVC,"Sombrerete, Ver.",38.72
-96.921389,19.578611,VER,SEDVC,"Sedeño, Ver.",69.55
-95.133333,17.883333,VER,SJEVC,"San Juan Evangelista, Ver.",61.13
-97.293056,19.696944,VER,SNTVC,"Santa Ana Protección Civil, Ver.",68.54
-95.033333,18.516667,VER,SONVC,"Sontecomapan, Ver.",468.5
-95.212778,18.450833,VER,STXVC,"San Andrés Tuxtla AC, Ver.",120
-96.488889,19.338889,VER,TAMVC,"Tamarindo, Ver.",180
-96.966667,19.45,VER,TAPVC,"Tapachapan, Ver.",126.6
-97.125278,18.579722,VER,TLQVC,"Tlaquilpa, Ver.",74.41
-98.409444,21.499722,VER,TMPVC,"Tempoal, Ver.",80.3
-96.916667,19.811111,VER,TNCVC,"Tenochtitlán, Ver.",267.1
-97.2225,19.921944,VER,TOMVC,"Tomata, Ver.",244.42
-96.950278,19.233611,VER,TOTVC,"Totutla, Ver.",103.63
-98.153056,21.039722,VER,TRRVC,"Terrerillos, Ver.",24
-94.930556,18.375833,VER,TUXTLASII,"Los Tuxtlas 2, Ver. SMN*",92.7
-97.4,20.955556,VER,TXPVC,"Observatorio de Tuxpan, Ver.",58.62
-95.416667,18.466667,VER,TZAVC,"Tres Zapotes, Ver.",180.62
-96.111111,19.154167,VER,VERVC,"Observatorio de Veracruz, Ver.",61.91
-96.613889,19.022222,VER,VTEVC,"Villa Tejeda, Ver.",2.02
-96.927778,19.542222,VER,XBMVC,"Xalapa Bomberos Protección Civil, Ver.",74.8
-96.929167,19.511944,VER,XBSVC,"Xalapa Base Protección Civil, Ver.",75.6
-96.85,19.55,VER,XCFVC,"Xalapa CFE, Ver.",69.75
-96.916111,19.536944,VER,XCNVC,"Xalapa Constituyentes Protección Civil, Ver.",89.2
-96.903889,19.542222,VER,XCRVC,"Xalapa Cristal, Ver.",87.21
-96.935278,19.529167,VER,XIMVC,"Xalapa IMAC Protección Civil, Ver.",51.1
-96.898056,19.556667,VER,XMNVC,"Xalapa Minas Protección Civil, Ver.",92.4
-96.916667,19.533333,VER,XOBVC,"Observatorio de Xalapa, Ver.",77.76
-96.871667,19.511667,VER,XOLVC,Xalapa Olmos,80.43
-96.923889,19.527222,VER,XPMVC,"Xalapa Palacio Protección Civil, Ver.",76.4
-96.929444,19.563333,VER,XSPVC,"Xalapa Sefiplan Protección Civil, Ver.",62.2
-96.894444,19.555833,VER,XSUVC,"Xalapa Sumidero, Ver.",75.81
-96.777778,19.863889,VER,YECVC,"Yecuatla, Ver.",159.5
-97.388889,19.413889,VER,ZALVC,"Zalayeta, Ver.",8
-89.681111,20.649444,YUC,ABAYC,"Abalá, Yuc.",98.5
-89.081667,20.463056,YUC,CANYC,"Cantamayec, Yuc.",104.4
-90.3825,20.858056,YUC,CELYC,"Celestún, Yuc. SMN*",14
-89.829444,20.752778,YUC,CHOYC,"Chocholá, Yuc.",228.1
-89.638056,21.03,YUC,CICYC,"Centro de Investigación Científica, Yuc.",41.2
-87.676667,21.5125,YUC,CYOYC,"El Cuyo, Yuc.",107.82
-89.642778,21.048889,YUC,FIYYC,"Facultad de Ingeniería Universidad Autónoma de Yucatán, Yuc.",46.3
-89.658056,20.984167,YUC,GARYC,"Organismo de Cuenca Península de Yucatán, Yuc.",29.62
-89.651111,20.946389,YUC,MEOYC,"Observatorio de Mérida, Yuc.",43.33
-89.4375,21.105556,YUC,MOCYC,"Mocochá, Yuc.",33.5
-89.291667,21.094167,YUC,MTOYC,"Motul, Yuc.",72.33
-89.711667,20.493333,YUC,MUNYC,"Muna, Yuc.",72.11
-89.394722,20.290556,YUC,OXKYC,"Oxkutzcab, Yuc.",110.53
-88.930833,20.1325,YUC,PETYC,"Peto, Yuc.",101.04
-89.653889,21.275833,YUC,PROYC,"Observatorio de Progreso, Yuc.",74
-89.558056,20.397778,YUC,TICYC,"Ticul, Yuc.",45
-88.1725,21.158611,YUC,TIZYC,"Tizimín, Yuc.",21.33
-88.204167,20.69,YUC,VALYC,"Observatorio de Valladolid, Yuc.",27.5
-103.459167,21.811389,ZAC,ATGZC,"Atolinga, Zac.",17.02
-102.896111,21.997222,ZAC,CHIZC,"El Chique, Zac.",29.3
-101.389167,24.621389,ZAC,CORZC,"Concepción del Oro, Zac.",1
-103.098333,23.693333,ZAC,ELCZC,"El Cazadero, Zac.",20.13
-102.040833,22.673056,ZAC,ELSZC,"El Saladillo, Zac.",15
-103.35,21.645833,ZAC,EXCZC,"Miguel Alemán, Zac.",24.32
-102.506667,22.746667,ZAC,GPEZC,"Guadalupe, Zac.",14.12
-102.566944,22.778889,ZAC,LBUZC,"Observatorio de Zacatecas, Zac.",29.1
-102.660556,22.996944,ZAC,LLBZC,"Llano Blanco, Zac.",21.81
-103.382778,22.845278,ZAC,LOBZC,"Manuel Felgueres, Zac.",36.4
-103.216944,23.18,ZAC,LREZC,"Gobernador Leobardo Reynoso, Zac.",31.23
-103.443056,24.287222,ZAC,MGAZC,"Miguel Auza, Zac.",2.21
-102.845556,21.3575,ZAC,NCTZC,"Nochistlán, Zac.",65.9
-102.798056,22.347778,ZAC,PALZC,"Palomas, Zac.",25.31
-101.399167,22.1175,ZAC,PINZC,"Pino Suárez, Zac.",86.2
-102.903611,21.711111,ZAC,PMOZC,"Los Moraleños, Zac.",43.01
-103.025833,23.816944,ZAC,RGRZC,"Río Grande, Zac.",24
-102.884444,24.322222,ZAC,SFOZC,"San Francisco, Zac.",0
-103.506111,24.288611,ZAC,SGOZC,"Santiago, Zac.",2.05
-103.636667,23.638889,ZAC,SOMZC,"Observatorio de Sombrerete, Zac.",39.81
-103.495833,22.326667,ZAC,STEZC,"Independencia Nacional, Zac.",20.81
-103.108889,22.923611,ZAC,STRZC,"Santa Rosa, Zac.",33.65
-102.864167,22.120556,ZAC,TAYZC,"Ing. Julián Adame Alatorre, Zac.",39.92
-103.879722,23.471944,ZAC,TCHZC,"Chalchihuites, Zac.",39
-103.309444,21.773611,ZAC,TLLZC,"Tlaltenango, Zac.",41.31
-101.715833,22.3475,ZAC,VHGZC,"Villa Hidalgo, Zac.",35.02
-103.3375,21.588889,ZAC,VILZC,"José María Morelos, Zac.",28.4
-102.506111,22.746667,ZAC,ZA2ZC,"Zacatecas, Zac. SMN*",10.61
-102.576667,22.761389,ZAC,ZACZC,"Zacatecas, Zac.",16.82
