LON,LAT,EDO,CLAVE,ESTACION,jul_23
-102.309722,21.895,AGS,AGSAG,"Aguascalientes, Ags.",119.83
-102.184167,21.738611,AGS,BRTAG,"San Bartolo, Ags.",148
-102.712222,21.849167,AGS,CALVILLO,"Calvillo, Ags. SMN*",98.36
-102.676944,21.9975,AGS,CDRAG,"La Codorniz, Ags.",57.4
-101.992222,21.897778,AGS,CNSAG,"Los Conos, Ags.",34.14
-102.296667,22.362778,AGS,CSOAG,"Cosío, Ags.",43.93
-102.356944,22.121667,AGS,JCQAG,"Jocoque, Ags.",35.01
-102.788333,21.8075,AGS,MNLAG,"Media Luna, Ags.",124.31
-102.371667,21.78,AGS,NGRAG,"El Niágara, Ags.",114.4
-102.290556,21.850833,AGS,OBSAG,"Observatorio de Aguascalientes, Ags.",97.44
-102.465,22.189167,AGS,P50ANIV,"Presa Cincuenta Aniversario, Ags. SMN*",74.4
-102.279167,22.147222,AGS,PBLAG,"Pabellón, Ags.",10.41
-102.417222,22.141111,AGS,PECAG,"Plutarco Elías Calles, Ags.",21.92
-102.135,22.202778,AGS,PTOAG,"Puerto de la Concepción, Ags.",50.36
-102.4375,22.235,AGS,PTRAG,"Derivadora Pabellón, Ags.",121.53
-116.204167,32.271944,BC,AGHBN,"Agua Hechicera, B.C.",3
-116.908333,32.444722,BC,ALRBN,"Abelardo L. Rodríguez, B.C.",0
-114.719167,29.727222,BC,CATAVINA,"Catavińa, B.C. SMN*",0.5
-115.921667,32.042222,BC,CONST1857,"Constitución de 1857, B.C. SMN*",4.4
-116.696944,32.479444,BC,CRRBN,"El Carrizo, B.C.",0
-116.828333,32.468056,BC,EFLBN,"El Florido, B.C.",0
-116.6025,31.890278,BC,ELZBN,"Emilio López Zamora, B.C.",0.3
-115.931389,30.517222,BC,ENBBN,"San Quintín, B.C.",0
-115.15,32.411111,BC,ENLBN,"Observatorio de Ejido Nuevo León, B.C.",0
-116.302778,32.516389,BC,HNGBN,"El Hongo, B.C.",22.9
-114.728056,32.705,BC,JMRBN,"Interconexión José María Morelos y Pavón, B.C.",0
-115.27,32.39,BC,MXCBN,"Mexicali, B.C.",8.52
-116.908333,32.4475,BC,PABELARLRDGZ2,"Abelardo L. Rodríguez. 2, B.C. SMN*",0
-114.729444,32.703889,BC,PDMBN,"Presa derivadora Morelos, B.C.",1.8
-117.071389,32.3775,BC,PLAYAROSARITO,"Playa Rosarito, B.C. SMN*",0.4
-116.603333,31.891667,BC,PLOPEZZAMORA,"Presa Emilio López Zamora, B.C. SMN*",0
-116.205556,32.272222,BC,RUMOROSA,"La Rumorosa, B.C. SMN*",2.54
-114.85,31.033333,BC,SFLBN,"Observatorio de San Felipe, B.C.",0
-115.9375,30.531111,BC,SQNBN,"San Quintín, B.C. SMN*",0
-116.661667,32.568611,BC,TECATE,"Tecate, B.C. SMN*",1.2
-111.663611,25.009722,BCS,CCNBS,"Observatorio de Ciudad Constitución, B.C.S.",0.01
-109.424444,23.445278,BCS,CPULMO,"Cabo Pulmo, B.C.S. SMN*",0.9
-109.925833,22.8975,BCS,CSLBS,"Cabo San Lucas, B.C.S.",26.51
-113.457778,27.643611,BCS,DORBS,"Díaz Ordaz, B.C.S.",0.01
-114.051944,27.963056,BCS,GNGBS,"Guerrero Negro, B.C.S.",1.71
-110.372222,24.098611,BCS,LAPAZmar,"La Paz, B.C.S. SEMAR*",40.132
-109.697222,23.680556,BCS,LBABS,"Los Barriles, B.C.S.",0.01
-110.366667,24.15,BCS,LPZBS,"Observatorio de La Paz, B.C.S.",0.61
-111.349167,26.011667,BCS,LRTBS,"Observatorio de Loreto, B.C.S.",3.62
-111.983056,26.896111,BCS,MLGBS,"Mulegé, B.C.S.",1.52
-111.829444,24.481111,BCS,PCORTESmar,"Puerto Cortés, B.C.S. SEMAR*",0
-109.934167,23.9675,BCS,PLNBS,"Los Planes, B.C.S.",0
-109.591389,23.593056,BCS,RBRBS,"La Ribera, B.C.S.",6.62
-110.059167,23.805,BCS,SANBS,"San Antonio, B.C.S.",29.13
-112.478611,26.2575,BCS,SANJUANICO,"San Juanico, B.C.S. SMN*",0
-109.995,24.083889,BCS,SARBS,"El Sargento, B.C.S.",0
-109.843889,23.738333,BCS,SBABS,"San Bartolo, B.C.S.",1.02
-109.708333,23.118889,BCS,SJCBS,"San José del Cabo, B.C.S.",21
-109.924444,22.888333,BCS,SLUBS,"Cabo San Lucas, B.C.S. SMN*",10.2
-109.713611,23.490278,BCS,SNTBS,"Santiago, B.C.S.",27.81
-112.272778,27.337778,BCS,SRLBS,"Observatorio de Santa Rosalía, B.C.S.",0
-110.210556,23.478889,BCS,TSNBS,"Todos Santos, B.C.S.",28.81
-89.743889,20.003889,CAMP,BOLCA,"Bolonchén, Camp.",94.61
-90.575556,19.295,CAMP,CANCA,"Canasayab, Camp.",301.4
-91.761389,18.654167,CAMP,CARCA,"El Carmen, Camp.",105.4
-91.962778,20.203889,CAMP,CAYOARCASmar,"Cayo Arcas, Camp. SEMAR*",21.844
-90.72,19.361667,CAMP,CHMCA,"Champotón, Camp.",195.5
-90.544167,19.838333,CAMP,CMPCA,"Campeche, Camp.",192.8
-91.046111,18.183056,CAMP,CNDCA,"Candelaria, Camp.",291.04
-90.507222,19.838611,CAMP,COBCA,"Observatorio de Campeche, Camp.",248.7
-90.741111,18.604444,CAMP,ESCCA,"Escárcega, Camp.",166.01
-90.105556,20.184167,CAMP,HECCA,"Hecelchakán, Camp.",153
-89.848333,19.751944,CAMP,HPOCA,"Hopelchen, Camp.",93.2
-90.820833,18.056944,CAMP,MONCLOVACAMP,"Monclova, Camp. SMN*",76.6
-90.221389,19.605833,CAMP,NYXCA,"Noh-Yaxché, Camp.",150
-92.086944,18.253056,CAMP,PLZCA,"Palizada, Camp.",185.5
-91.175833,18.972778,CAMP,SBNCA,"Sabancuy, Camp.",194.6
-89.860278,19.664444,CAMP,XCPCA,"Xcupil, Camp.",58.03
-89.396111,18.502222,CAMP,XPJCA,"Xpujil, Camp.",117.5
-99.099722,19.379167,DF,ACULCO,"Planta de Bombeo Aculco, Cd. de Méx. SACMEX*",57.24
-99.188889,19.214722,DF,AJUSCO,"Ajusco, Cd. de Méx. UNAM*",211.57
-99.210278,19.218611,DF,AJUSCODF,"Ajusco, Cd. de Méx. SACMEX*",202.68
-99.174167,19.240833,DF,AMC,"Academia Mexicana de Ciencias, Cd. de Méx. UNAM*",124.47
-99.102778,19.423056,DF,BALBUENA,"Balbuena, Cd. de Méx. UNAM*",116.4
-99.118056,19.469722,DF,BONDOJITO,"Bondojito, Cd. de Méx. UNAM*",103.465
-99.195,19.292222,DF,BTLALPAN,"Rebombeo Bosque de Tlalpan, Cd. de Méx. SACMEX*",26.25
-98.998056,19.356111,DF,CARCELMUJERES,"Cárcel de Mujeres, Cd. de Méx. SACMEX*",73.65
-99.059722,19.383889,DF,CCHOTE,"CCH Oriente, Cd. de Méx. UNAM*",82.75
-99.140833,19.483333,DF,CCHVALLEJO,"CCH Vallejo, Cd. de Méx. UNAM*",99.86
-99.082222,19.408611,DF,CDEPORTIVA,"Ciudad Deportiva, Cd. de Méx. SACMEX*",13.5
-99.1375,19.516667,DF,CEADF,"Campamento Amealco, Cd. de Méx.",172.04
-99.077222,19.336944,DF,CESTRELLA,"Planta de Tratamiento Cerro de La Estrella, Cd. de Méx. SACMEX*",80.01
-99.171667,19.1375,DF,CFORESTAL,"Caseta Forestal, Cd. de Méx. SACMEX*",57.92
-99.047222,19.442222,DF,CHAPLAGO,"Planta de Bombeo Churubusco Lago, Cd. de Méx. SACMEX*",93.9
-99.136667,19.470556,DF,CIENMETROS,"Avenida Cien Metros, Cd. de Méx. SACMEX*",76.45
-99.182778,19.486944,DF,CMECOAYA,"Campamento Mecoaya, Cd. de Méx. SACMEX*",174.98
-99.09,19.484722,DF,COYOLDF,"Coyol, Cd. de Méx. SACMEX*",85.76
-99.196111,19.406389,DF,CTMDF,"Observatorio de Tacubaya, Cd. de Méx.",136.41
-99.291667,19.355278,DF,CUAJIMALPA,"Memetla Cuajimalpa, Cd. de Méx. UNAM*",216.34
-99.105,19.323333,DF,CULHUACAN,"Culhuacán, Cd. de Méx. UNAM*",121.451
-99.205,19.3,DF,DATDF,"Desviación Alta, Cd. de Méx.",46.5
-99.310556,19.313056,DF,DDELOSLEONES,"Desierto de los Leones, Cd. de Méx. SACMEX*",243.06
-99.162778,19.378333,DF,DELVALLE,"Del Valle, Cd. de Méx. SACMEX*",1.5
-99.151944,19.300278,DF,EAZTECA,"Estadio Azteca, Cd. de Méx. SACMEX*",168.91
-99.271111,19.373889,DF,ELCARTERO,"Tanque el Cartero, Cd. de Méx. SACMEX*",163.29
-99.066667,19.377778,DF,ELMORALDF,"Lumbrera Cuatro Ríos El Moral, Cd. de Méx. SACMEX*",87.65
-99.286667,19.363611,DF,ELYAQUI,"El Yaqui, Cd. de Méx. SACMEX*",259.59
-99.066667,19.377778,DF,EMRDF,"El Moral SACM, Cd. de Méx.",100.35
-99.091667,19.478056,DF,GCNDF,"km 6+250, Cd. de Méx.",105.8
-99.1325,19.431389,DF,GDF,"Gobierno de la Ciudad de México, Cd. de Méx. SACMEX*",94.75
-99.098889,19.458611,DF,GEN101,"Planta Generadora 101, Cd. de Méx. SACMEX*",88.12
-99.119444,19.496389,DF,INDIOSVER,"Indios Verdes, Cd. de Méx. UNAM*",86.44
-99.020556,19.345,DF,LAQUEBRADORA,"Rebombeo La Quebradora Santa Cruz Meyehualco, Cd. de Méx. SACMEX*",112.29
-99.120833,19.489722,DF,LINDAVISTA,"Planta de Bombeo Lindavista, Cd. de Méx. SACMEX*",63.8
-99.069167,19.420833,DF,LOPEZMATEOS,"Planta de Bombeo López Mateos, Cd. de Méx. SACMEX*",71.34
-99.133889,19.403333,DF,MCARRILLO,Marcos Carrillo Cd. de Méx. SACMEX*,101.07
-99.1175,19.356389,DF,MEXICALTZI,"Mexicaltzingo, Cd. de Méx. UNAM*",105.064
-99.043889,19.3375,DF,MEYEHUALCO,"Meyehualco, Cd. de Méx. UNAM*",67.51
-99.0175,19.196667,DF,MILPAALTA,"Milpa Alta, Cd. de Méx. UNAM*",108.24
-99.1275,19.365556,DF,MLIBRE,"Planta de Bombeo Municipio Libre, Cd. de Méx. SACMEX*",95.19
-99.093889,19.246944,DF,NATIVITAS,"Planta Nativitas, Cd. de Méx. SACMEX*",101.08
-99.045,19.3025,DF,NOPALERA,"Nopalera, Cd. de Méx. UNAM*",85.32
-99.165278,19.469167,DF,NSMARIA,"Planta de Bombeo Nueva Santa María, Cd. de Méx. SACMEX*",123.71
-99.098611,19.318333,DF,OFICINAGAVM,"Organismo de Cuenca Aguas del Valle de Mécico Sur, Cd. de Méx. SACMEX*",93.92
-99.2275,19.294167,DF,PADIERNA,"Padierna, Cd. de Méx. UNAM*",197
-99.193611,19.234444,DF,PAMEZONTEPEC,"Planta Abasolo Mezontepec, Cd. de Méx. SACMEX*",169.64
-99.201944,19.423889,DF,PCHAPULTEPEC,"Planta Chapultepec, Cd. de Méx. SACMEX*",154.42
-99.134722,19.307222,DF,PREPA5,"Prepa 5, Cd. de Méx. UNAM*",112.69
-99.167778,19.399167,DF,RADIOCOMDF,"Radiocomunicación, Cd. de Méx. SACMEX*",107.87
-99.264444,19.288611,DF,RIOMAGDALENA,"Planta de Tratamiento Río de La Magdalena, Cd. de Méx. SACMEX*",155.46
-99.190833,19.51,DF,ROSARIODF,"Planta de Tratamiento Rosario, Cd. de Méx. SACMEX*",212.84
-99.155278,19.515,DF,RREMEDIOS,"Río de los Remedios, Cd. de Méx. SACMEX*",93.36
-99.239167,19.311667,DF,SANFRANCISCODF,"San Francisco, Cd. de Méx. SACMEX*",216.41
-99.028889,19.259722,DF,SANLUISDF,"Planta San Luis, Cd. de Méx. SACMEX*",121.67
-98.970833,19.142222,DF,SANTAANADF,"Santa Ana, Cd. de Méx. SACMEX*",114.28
-99.265278,19.362222,DF,SANTAFEDF,"Santa Fe Santa Lucía, Cd. de Méx. SACMEX*",192.28
-99.026111,19.301667,DF,SCATARINADF,"Planta de Tratamiento Santa Catarina, Cd. de Méx. SACMEX*",87.87
-99.121944,19.571944,DF,SDEGUADALUPE,"Sierra de Guadalupe, Cd. de Méx. SACMEX*",149.61
-99.066667,19.466667,DF,SJADF,"San Juan de Aragón, Cd. de Méx.",100.86
-99.17,19.262778,DF,SPEDROMARTIR,"San Pedro Mártir, Cd. de Méx. SACMEX*",78.8
-99.09,19.190556,DF,SSCUAUTENCO,"San Salvador Cuauhtenco, Cd. de Méx. SACMEX*",149.65
-99.186389,19.455556,DF,TACUBA,"Tacuba, Cd. de Méx. UNAM*",207.94
-99.2125,19.360833,DF,TARANGO,"Tarango, Cd. de Méx. SACMEX*",258.02
-99.141389,19.344444,DF,TAXQUENA,"Taxqueńa, Cd. de Méx. UNAM*",147.809
-99.145278,19.555833,DF,TCHALMITA,"Tanque Chalmita, Cd. de Méx. SACMEX*",99.59
-99.098889,19.385556,DF,TEZDF,"Tezontle, Cd. de Méx. SMN*",75.93
-99.170556,19.439444,DF,TIZOC,"Planta de Bombeo Tizoc, Cd. de Méx. SACMEX*",134.86
-99.079444,19.282778,DF,TLAHUAC,"San Pedro Tláhuac, Cd. de Méx. SACMEX*",100.83
-99.220833,19.337778,DF,TLIENZO,"Tanque Lienzo, Cd. de Méx. SACMEX*",242.57
-99.135833,19.199444,DF,TOPILEJODF,"Topilejo, Cd. de Méx. SACMEX*",109.48
-99.082222,19.441111,DF,TPENON,"Tanque Peńón, Cd. de Méx. SACMEX*",87.31
-99.218056,19.397222,DF,TRIANGULO,"Triángulo, Cd. de Méx. SACMEX*",137.58
-99.181111,19.3475,DF,UNIVERSIDADDF,"Universidad, Cd. de Méx. SACMEX*",128.79
-99.126389,19.286667,DF,VILLACOAPA,"Planta de Bombeo Villa Coapa, Cd. de Méx. SACMEX*",111.24
-99.106667,19.250278,DF,XOCHIMILCO,"Xochimilco, Cd. de Méx. UNAM*",95.02
-99.144444,19.332778,DF,XOTEPINGO,"Planta de Bombeo Xotepingo, Cd. de Méx. SACMEX*",97.28
-107.482778,28.481667,CHIH,AGZCH,"Abraham González, Chih.",30
-107.9,27.9,CHIH,BTVCH,"Batovira, Chih.",73.72
-107.930833,30.376667,CHIH,CAGCH,"Observatorio de Nuevo Casas Grandes, Chih.",19
-106.84,28.396667,CHIH,CDCUAUHTEMOC,"Ciudad Cuauhtémoc, Chih. SMN*",27.8
-105.446944,28.210833,CHIH,CDLCH,"Ciudad Delicias, Chih.",10.9
-108.535556,27.392222,CHIH,CHICH,"Chínipas, Chih. SMN*",97.03
-106.770556,26.229444,CHIH,CHNCH,"Chinatú, Chih. SMN*",155.66
-106.400278,31.736667,CHIH,CJZCH,"Ciudad Juárez, Chih.",5.01
-105.381667,27.410278,CHIH,CL2CH,"Colina hidrométrica, Chih.",17.11
-108.541667,27.416667,CHIH,CNDCH,"Chínipas, Chih.",159.03
-105.382222,27.576389,CHIH,COLINA,"Colina, Chih. SGT*",0.5
-107.633333,27.75,CHIH,CRLCH,"Creel, Chih.",48.33
-105.5,28.17,CHIH,DELICIAS,"Ciudad Delicias, Chih. SMN*",0
-105.628889,28.166111,CHIH,FIMCH,"Francisco I. Madero, Chih.",18.02
-107.072222,26.816667,CHIH,GCCCH,"Guachochi, Chih. SMN*",69.4
-105.277778,28.994722,CHIH,HGRANERO,"El Granero hidrométrica, Chih. SGT*",2
-107.879167,26.870833,CHIH,IGNCH,"San Ignacio, Chih.",114.52
-108.427222,30.838889,CHIH,JANOS,"Janos, Chih. SMN*",11.4
-105.414167,27.544722,CHIH,LBQCH,"La Boquilla, Chih.",15.01
-107.025833,29.88,CHIH,LJSCH,"Las Lajas, Chih.",9
-105.28,28.984444,CHIH,LLNCH,"Ing. Luis L. León, Chih.",39.61
-107.994167,27.858611,CHIH,MAGCH,"Maguarichi, Chih. SMN*",39.62
-106.486111,28.803333,CHIH,MAJALCA,"Cumbres de Majalca, Chih. SMN*",18.8
-104.43,29.583333,CHIH,OJINAGAC,"Ojinaga Río Conchos, Chih. CILA*",6
-104.410833,29.565,CHIH,OJNCH,"Ojinaga, Chih.",0.01
-105.254167,26.546389,CHIH,PAGCH,"Pico del Águila, Chih.",0.03
-104.74,29.5,CHIH,PEGUIS,"Peguis, Chih. SGT*",7.75
-105.675556,26.917778,CHIH,PRRCH,"Observatorio de Parral, Chih.",29.22
-106.085556,28.656944,CHIH,QIJCH,"Observatorio de Chihuahua, Chih.",23.1
-107.85,28.95,CHIH,TMCCH,"Observatorio de Temósachic, Chih.",8.01
-107.384167,29.5625,CHIH,TNTCH,"El Tintero, Chih.",23.54
-107.9125,27.216667,CHIH,URECH,"Urique, Chih.",135.32
-92.955278,16.655278,CHIS,ACALACFE,"Acala, Chis. CFE*",186.91
-92.034722,16.737778,CHIS,ALTAMIRANO,"Altamirano, Chis. SGT*",214.6
-92.777778,16.400833,CHIS,ANGOSTURACFE,"Angostura, Chis. CFE*",201.5
-93.8975,16.241111,CHIS,AROCP,"Observatorio de Arriaga, Chis.",224.7
-93.427222,17.253611,CHIS,AZAPACCFE,"Aza-Pac, Chis. CFE*",210.5
-92.905833,16.997222,CHIS,BOCHIL,"Bochil, Chis. SGT*",261.1
-93.026389,16.9525,CHIS,BOMBANA,"Bombana, Chis. SGT*",119.2
-93.169722,16.615,CHIS,BOQUERONCFE,"Boquerón, Chis. CFE*",123.6
-92.716667,15.35,CHIS,CACCP,"Cacaluta, Chis.",492.58
-92.4875,16.308333,CHIS,CASCAJAL,"Cascajal, Chis. SGT*",146.2
-92.479167,16.308333,CHIS,CASCP,"Cascajal, Chis.",164.08
-92.483056,15.969167,CHIS,CATARINITAS,"Catarinitas, Chis. SGT*",187.2
-91.949722,17.85,CHIS,CATAZAJA,"Catazajá, Chis. SGT*",112.5
-93.100833,16.941389,CHIS,CHICOASENCFE,"Chicoasén, Chis. CFE*",168.41
-92.281389,15.750278,CHIS,CHICOMUSELO,"Chicomuselo, Chis. SGT*",233.9
-92.283333,15.75,CHIS,CHMCP,"Chicomuselo, Chis.",263.3
-93.466944,16.441389,CHIS,COBREGONCFE,"Cristóbal Obregón, Chis. CFE*",3
-92.1,16.2,CHIS,COOCP,"Observatorio de Comitán, Chis.",205.1
-93.906111,16.2425,CHIS,CREDARRIAGA,"Cred Arriaga, Chis. SMN*",151.28
-92.113056,15.435833,CHIS,CUILCOCFE,"Cuilco, Chis. CFE*",175.4
-91.229167,17.289722,CHIS,CUSUMACINTA,"Cańón Usumacinta, Tab. SMN*",0.2
-92.965278,15.727778,CHIS,CUXTEPEQUES,"Finca Cuxtepeques, Chis. SGT*",345
-92.575,15.204167,CHIS,DESCP,"Despoblado, Chis.",384.9
-92.925278,16.108333,CHIS,DORADOCFE,"El Dorado, Chis. CFE*",187.5
-92.590833,16.686111,CHIS,ELAGUAJE,"El Aguaje, Chis. SGT*",166
-92.584722,16.725833,CHIS,ELARCOTETE,"El Arcotete, Chis. SGT*",73.6
-93.123611,16.971111,CHIS,ELGRIJALVACFE,"El Grijalva, Chis. CFE*",151.9
-92.95,15.495833,CHIS,ELNCP,"El Novillero, Chis.",128.67
-92.808056,15.656667,CHIS,ELTRIUNFO,"El Triunfo, Chis. SMN*",407.3
-92.829444,17.373056,CHIS,ESCALONCP,"El Escalón, Chis. SGT*",520
-92.666667,15.316667,CHIS,ESCCP,"Escuintla, Chis.",357.8
-92.67,15.33,CHIS,ESCUINTLA,"Escuintla, Chis. SMN*",68.55
-93.342222,17.216667,CHIS,EZAPATACFE,"Emiliano Zapata, Chis. CFE*",166
-92.299167,15.126667,CHIS,FARCP,"Finca Argovia, Chis.",375
-92.325278,15.173889,CHIS,FHACP,"Finca Hamburgo, Chis.",371.5
-92.476111,15.346667,CHIS,FPZCP,"Finca la Paz, Chis.",509
-92.362778,15.184444,CHIS,FSCCP,"Finca San Cristóbal, Chis.",267.4
-92.402778,14.997222,CHIS,HUECP,"Huehuetán, Chis.",304.9
-92.472222,15.133333,CHIS,HUICP,"Huixtla, Chis.",466.4
-92.471389,15.146944,CHIS,HUIXTLA,"Huixtla, Chis. SGT*",261.9
-92.72,15.886111,CHIS,JALTENANGO,"Jaltenango, Chis. SGT*",350.4
-92.725,15.866667,CHIS,JAPCP,"Jaltenango, Chis.",394.6
-93.381389,17.364167,CHIS,JGRIJALVACFE,"Túneles Juan de Grijalva, Chis. CFE*",311.91
-92.898611,15.996389,CHIS,JSBCP,"Juan Sabines, Chis.",177.6
-90.901667,16.149444,CHIS,LACANTUN,"Lacantún, Chis. SGT*",4.4
-90.702222,16.580833,CHIS,LACCP,"Lacantún, Chis.",21.9
-93.560278,16.692778,CHIS,LASFLORESCFE,"Las Flores, Chis. CFE*",269.9
-93.561111,16.695833,CHIS,LFLCP,"Las Flores, Chis.",290.4
-91.73,16.114444,CHIS,LMONTEBELLO,"Lagunas de Montebello, Chis. SMN*",505.2
-93.604722,17.199444,CHIS,MALPASOCFE,"Malpaso, Chis. CFE*",201.96
-92.883333,15.45,CHIS,MAPCP,"Mapastepec, Chis.",481.2
-93.384444,16.0675,CHIS,MONTERREYCFE,"Monterrey, Chis. CFE*",218.8
-92.2675,15.333333,CHIS,MOTOZINTLA,"Motozintla, Chis. SGT*",242.6
-93.159722,17.225,CHIS,OCOTEPECCFE,"Ocotepec, Chis. CFE*",278.6
-91.967778,15.849444,CHIS,PCONCORDIACFE,"Puente Concordia, Chis. CFE*",224.2
-93.474444,17.463611,CHIS,PENITAS,"Peńitas, Chis. SGT*",149.9
-93.457778,17.445,CHIS,PENITASCFE,"Peńitas, Chis. CFE*",334.5
-93.216667,15.691667,CHIS,PIJCP,"Pijijiapan, Chis.",245.13
-92.794167,15.714444,CHIS,PRUSIA,"Prusia SGT, Chis.",808.8
-92.649167,16.725278,CHIS,PTEMORELOS,"Puente Morelos, Chis. SGT*",123.4
-92.618056,16.7475,CHIS,QUIOSCO,"Quiosco, Chis. SGT*",151.2
-92.661667,15.919722,CHIS,REFORMACFE,"Reforma, Chis. CFE*",384.01
-93.078889,16.160278,CHIS,REVMEXICANACFE,"Revolución Mexicana, Chis. CFE*",139.7
-92.35,17.566667,CHIS,SAACP,"Salto de Agua, Chis.",352
-92.239167,15.776667,CHIS,SANMIGUELCFE,"San Miguel, Chis. CFE*",272.1
-93.331944,17.402222,CHIS,SAYULACFE,"Sayula, Chis. CFE*",589.21
-92.603056,16.727222,CHIS,SCCASASCFE,"San Cristóbal de las Casas, Chis. CFE*",101.9
-92.633333,16.733333,CHIS,SCOCP,"Observatorio de San Cristóbal, Chis.",123.1
-92.616667,16.741667,CHIS,SCRCP,"Puente Morelos, Chis.",95.2
-93.056389,16.4525,CHIS,SDOMINGOCFE,"Santo Domingo, Chis. CFE*",288.8
-92.951389,15.872778,CHIS,SFRANCISCOII,"San Francisco 2, Chis. SGT*",359.4
-92.321944,15.558056,CHIS,SILTEPEC,"Siltepec, Chis. SGT*",281
-93.085,17.561111,CHIS,SJOCP,"San Joaquín, Chis.",313.4
-93.591111,16.152222,CHIS,SMORENACFE,"Sierra Morena, Chis. CFE*",201.1
-92.731389,17.035556,CHIS,SPNICHTALUCUM,"San Pedro Nichtalucum, Chis. SGT*",66.8
-93.825278,16.924722,CHIS,STAMARIACFE,"Santa María, Chis. CFE*",165
-92.148889,14.698611,CHIS,SUCHIATE,"Suchiate, Chis. SGT*",244.5
-93.034167,16.742778,CHIS,SUMIDEROCFE,"Cańón del Sumidero, Chis. CFE*",153.5
-92.260556,14.908056,CHIS,TAPCP,"Tapachula, Chis.",176.3
-92.426389,17.300278,CHIS,TILA,"Tila, Chis. SGT*",22
-93.529167,15.875,CHIS,TPICP,"Tres Picos, Chis.",245.2
-93.577778,16.227222,CHIS,TRESPICOSCFE,"Tres Picos, Chis. CFE*",312.9
-93.1,16.761944,CHIS,TUXCP,"Tuxtla Oriente, Chis.",263.6
-93.086111,16.761667,CHIS,TUXTLACFE,"Tuxtla, Chis. CFE*",232.3
-93.133333,16.75,CHIS,TXOCP,"Observatorio de Tuxtla Gutiérrez, Chis.",253.2
-93.068056,16.716944,CHIS,TXZCP,"Tuxtla Gutiérrez Zoomat, Chis.",200.79
-93.5375,17.283333,CHIS,TZICP,"Tzimbac, Chis.",192.4
-93.414167,17.231111,CHIS,TZIMBACCFE,"Tzimbac, Chis. CFE*",224.1
-92.909722,17.178333,CHIS,UNIVERSIDADLIND,"Universidad Lindavista, Chis. SMN*",152.01
-93.328333,17.120833,CHIS,YAMONHOCFE,"Yamonhó, Chis. CFE*",114.21
-91.729722,16.909167,CHIS,YAQUINTELA,"Yaquintela, Chis. SGT*",170
-100.837222,28.344444,COAH,ADLCL,"Allende, Coah.",10
-101.057222,29.446944,COAH,AMSCL,"Internacional La Amistad, Coah.",7.7
-100.929722,25.561111,COAH,ARACL,"Ramos Arizpe Aeropuerto, Coah.",28
-101.116667,29.15,COAH,CBRCL,"Cabeceras, Coah.",0
-102.064444,26.983333,COAH,CCGCL,"Cuatro Ciénegas, Coah.",0.01
-100.950278,29.327778,COAH,CDACL,"Ciudad Acuńa, Coah.",27
-100.661111,26.844444,COAH,CDLCL,"Candela, Coah.",42.51
-100.95,29.213611,COAH,CNTCL,"El Centenario, Coah.",30
-103.469167,25.542222,COAH,CYTCL,"Coyote, Coah.",25.92
-100.920833,25.436111,COAH,ESLCL,"Secretaría de Agricultura Saltillo, Coah.",71.7
-100.954444,29.329167,COAH,LASVACASC,"Las Vacas. Ciudad Acuńa, Coah. CILA*",16.8
-100.832222,28.82,COAH,LFGCL,"La Fragua, Coah.",0
-101.4225,26.908333,COAH,MCVCL,"Observatorio de Monclova, Coah.",50.4
-101.711389,28.013056,COAH,MORELOSMUZQUIZ,"Morelos Múzquiz, Coah. SMN*",14
-100.5325,28.706667,COAH,PNGCL,"Observatorio de Piedras Negras, Coah.",70.7
-100.556944,28.667778,COAH,RIOESCONDIDOC,"Río Escondido Villa De Fuentes, Coah. CILA*",51.25
-100.634444,28.898611,COAH,RioSanRodrigoC,"Río San Rodrigo cerca El Moral, Piedras Negras Coah., CILA*",64
-101.016667,25.376389,COAH,SALCL,"Observatorio de Saltillo, Coah.",41.1
-100.730833,29.071944,COAH,SANDIEGOC,"San Diego Jimenez, Coah. CILA*",15
-101.213056,28.399444,COAH,SANTACECILIA,"Santa Cecilia, Coah. SMN*",27.25
-101.122778,27.846667,COAH,SBNCL,"Sabinas, Coah.",102.51
-100.953889,29.034167,COAH,SMGCL,"San Miguel, Coah.",10
-103.699722,27.285278,COAH,SMJCL,"Sierra Mojada, Coah.",30.5
-102.979444,25.7575,COAH,SPECL,"San Pedro, Coah.",53.41
-101.016667,25.376389,COAH,STOCL,"Saltillo, Coah.",83.2
-103.45,25.541667,COAH,TORCL,"Observatorio de Torreón, Coah.",44.41
-100.95,27.519444,COAH,VCARRANZA,"Venustiano Carranza, Coah. SMN*",70.2
-100.616111,27.515,COAH,VCRCL,"Venustiano Carranza, Coah.",83.01
-103.613056,19.2475,COL,BVSCM,"Buenavista, Col.",285.51
-103.725556,18.758611,COL,CDOCM,"Cerro de Ortega, Col.",222.94
-103.702778,19.295,COL,CHNCM,"El Chanal, Col.",205.1
-103.757222,19.3175,COL,CMLCM,"Comala, Col.",149.25
-103.804167,19.2125,COL,CQMCM,"Coquimatlán, Col.",141.91
-103.6,19.325,COL,CUACM,"Cuauhtémoc, Col.",249.81
-103.884444,19.111389,COL,DJLCM,"Presa derivadora Jala, Col.",131.37
-114.733611,18.348611,COL,ICLARIONmar,"Isla Clarión, Col. SEMAR*",116.332
-110.953611,18.726667,COL,ISOCORROmar,"Isla Socorro, Col. SEMAR*",7.6
-103.866389,19.17,COL,LAECM,"La Esperanza, Col.",116.3
-103.774167,18.809167,COL,LDACM,"Laguna de Amela, Col.",142.23
-103.725278,19.223333,COL,LPSCM,"La Posta, Col.",150.83
-104.318611,19.044444,COL,MNZCM,"Observatorio de Manzanillo, Col.",159.12
-103.8125,19.3275,COL,PNTCM,"Peńitas, Col.",180.4
-104.100556,18.938611,COL,RDRCM,"Radar, Col.",123.7
-103.867778,18.911667,COL,TCMCM,"Tecomán, Col.",51.04
-103.663333,19.2775,COL,TRPCM,"Trapiche, Col.",229.53
-104.810278,24.538333,DGO,CBRDR,"Caboraca, Dgo.",67.1
-104.121111,24.4375,DGO,CGVDR,"Ciudad Guadalupe Victoria, Dgo.",96.54
-103.521667,25.533333,DGO,CLRDR,"Ciudad Lerdo, Dgo.",39.51
-103.698889,24.871944,DGO,CNCDR,"Cuencamé, Dgo.",51
-104.75,24.5,DGO,CNTDR,"Canatlán, Dgo.",101
-104.666667,24.033333,DGO,DRGDR,"Durango, Dgo.",78.05
-103.960833,24.001667,DGO,FVLDR,"Francisco Villa, Dgo.",150.01
-103.773611,25.270833,DGO,FZRDR,"Francisco Zarco, Dgo.",87.31
-105.955556,25.934722,DGO,GNCDR,"Guanaceví, Dgo.",111.02
-104.9225,24.803889,DGO,GUADR,"Guatimapé, Dgo.",49.72
-103.983333,26.549722,DGO,LAFLOR,"La Flor de Jimulco, Dgo. SMN*",26.8
-104.785,23.711389,DGO,LASBAYAS2,"Las Bayas 2, Dgo. SGT*",105.9
-104.75,23.516667,DGO,LBYDR,"Las Bayas, Dgo.",106.1
-105.015833,25.594167,DGO,LCRDR,"Lázaro Cárdenas, Dgo.",32.26
-103.283889,25.068056,DGO,LFLDR,"La Flor, Coah.",36.72
-106.7,25.35,DGO,LHRDR,"La Huerta, Dgo.",87.52
-105.466111,24.185833,DGO,LVEDR,"Las Vegas, Dgo. SMN*",113.97
-103.7475,26.686389,DGO,MAPIMI,"Mapimí, Dgo. SMN*",23.2
-104.246944,23.387778,DGO,MICHILIA,"La Michilia, Dgo. SMN*",110.2
-103.85,25.816667,DGO,MPMDR,"Mapimí, Dgo.",84.5
-105.041667,23.834167,DGO,NAVDR,"Navíos Viejos, Dgo.",170.6
-104.6,24.1,DGO,OBSDR,"Observatorio de Durango, Dgo.",78.05
-104.656667,24.203889,DGO,PAGDR,"Peńa del Águila, Dgo.",143.14
-104.558333,25.181944,DGO,RDODR,"Rodeo, Dgo.",30.51
-105.443056,25.225,DGO,SACDR,"Salomé Acosta, Dgo.",143.16
-102.774444,24.631389,DGO,SANJUANGPE,"San Juan Guadalupe, Dgo. SMN*",16.8
-104.675833,23.874444,DGO,SBYDR,"Santiago Bayacora, Dgo.",63.13
-104.054444,23.623056,DGO,SELDR,"Santa Elena, Dgo.",138
-105.560833,26.436667,DGO,SGBDR,"San Gabriel, Dgo.",28.02
-102.778056,24.630556,DGO,SJGDR,"San Juan de Guadalupe, Dgo.",23.01
-104.276944,25.085,DGO,SLCDR,"San Luis del Cordero, Dgo.",101.09
-104.2925,25.564167,DGO,SPGDR,"San Pedro del Gallo, Dgo.",42.36
-105.422222,25.0375,DGO,SPPDR,"Santiago Papasquiaro, Dgo.",38.37
-105.566667,26.084444,DGO,SRDDR,"Sardinas, Dgo.",31.55
-106.538056,24.702222,DGO,TDRDR,"El Tule del Real, Dgo.",37.87
-102.785,24.563056,DGO,TGRDR,"El Tigre, Dgo.",3
-105.725,25.341111,DGO,TLHDR,"Observatorio de Tepehuanes, Dgo.",94.61
-106.975,24.933333,DGO,TMZDR,"Tamazula, Dgo.",237.831
-103.979722,23.737778,DGO,VGCDR,"Vicente Guerrero, Dgo.",92.06
-104.928889,26.2425,DGO,VHGDR,"Villa Hidalgo, Dgo.",82
-105.5025,26.440556,DGO,VILLAOCAMPO,"Villa Ocampo, Dgo. SMN*",20.2
-105.506111,26.447778,DGO,VOCDR,"Villa Ocampo, Dgo.",43.02
-99.906667,16.849722,GRO,ACAGR,"Acapulco, Gro.",158.1
-99.516944,17.576389,GRO,AERGR,"Observatorio de Chilpancingo Aeropuerto, Gro.",206.1
-100.5175,18.075833,GRO,AFIGR,"Andrés Figueroa, Gro.",182
-98.975278,17.719722,GRO,AHUGR,"Ahuacuotzingo, Gro.",379.1
-100.433333,17.210278,GRO,ATYGR,"Atoyac, Gro.",285.3
-99.1,16.949444,GRO,AYUGR,"Ayutla, Gro.",213
-99.400833,18.459444,GRO,BVSGR,"Buena Vista, Gro.",207
-100.658333,18.350556,GRO,CA2GR,"Ciudad Altamirano, Gro. SMN*",127.3
-100.664444,18.359444,GRO,CALGR,"Ciudad Altamirano, Gro.",152
-99.701111,17.672222,GRO,CCHGR,"Chichihualco, Gro.",135
-100.089444,17.008889,GRO,CDBGR,"Coyuca de Benítez, Gro.",61.8
-99.5,17.545278,GRO,CHIGR,"Chilpancingo, Gro.",151.7
-99.175833,17.608611,GRO,CHLGR,"Chilapa, Gro.",213.4
-98.411944,16.47,GRO,CNLGR,"Cuajinicuilapa, Gro.",100
-99.661944,18.245278,GRO,COCGR,"Cocula, Gro.",165
-98.970833,16.614722,GRO,COPGR,"Copala, Gro.",115.2
-99.516667,17.233333,GRO,EOCGR,"El Ocotito, Gro.",232.2
-99.332778,18.3025,GRO,HTZGR,"Huitzuco, Gro.",142
-99.55,18.349722,GRO,IGLGR,"Iguala, Gro.",172.4
-98.513333,17.6225,GRO,IXTGR,"Ixcateopan de Tlapa, Gro.",125.8
-101.003056,18.418611,GRO,LCLGR,"La Calera, Gro.",50
-100.018056,16.958333,GRO,LDCGR,"Laguna de Coyuca, Gro.",105
-99.235,16.76,GRO,LDGGR,"Las Vigas, Gro.",87.5
-99.369167,17.471111,GRO,MCHGR,"Mochitlán, Gro.",309.3
-99.799722,16.8,GRO,ODAGR,"Observatorio de Acapulco, Gro.",130.5
-99.5,17.6,GRO,ODZGR,"Observatorio de Zumpango, Gro.",230
-98.735,17.777222,GRO,OLNGR,"Olinalá, Gro.",277
-98.433333,16.683333,GRO,OMEGR,"Ometepec, Gro.",250.6
-99.45,17.483333,GRO,PETGR,"Petaquillas, Gro.",224.5
-98.500556,16.655833,GRO,QTZGR,"Quetzala, Gro.",215.7
-99.166111,16.823611,GRO,RMEGR,"Revolución Mexicana, Gro.",87.5
-100.472778,17.139444,GRO,SJEGR,"San Jerónimo, Gro.",165.9
-99.482778,16.796389,GRO,SNMGR,"San Marcos, Gro.",99
-99.605278,18.554444,GRO,TAXGR,"Taxco, Gro.",206.4
-99.526389,17.1675,GRO,TCOGR,"Tierra Colorada, Gro.",73
-99.976389,17.789722,GRO,TLAGR,"Tlacotepec, Gro.",295.8
-98.6,17.5,GRO,TLPGR,"Tlapa, Gro.",137.4
-99.399444,17.568056,GRO,TXTGR,"Tixtla, Gro.",249.3
-100.265833,18.382778,GRO,VGRGR,"Vicente Guerrero, Gro.",202.7
-99.466111,18.295833,GRO,VTRGR,"Valerio Trujano, Gro.",250.8
-98.488333,17.903889,GRO,XXHGR,"Xochihuehuetlán, Gro.",99.5
-99.933333,17.603333,GRO,YXTGR,"Yextla, Gro.",135
-101.548889,17.645278,GRO,ZHTGR,"Zihuatanejo, Gro.",151.8
-101.554167,17.645,GRO,ZIHUATANEJO,"Zihuatanejo, Gro. SMN*",136.6
-101.536667,20.446944,GTO,ABSGJ,"Abasolo, Gto.",74.31
-100.712222,20.0325,GTO,ACNGJ,"Acámbaro, Gto.",187.1
-100.683333,20.533333,GTO,AEGGJ,"Apaseo el Grande, Gto.",87.12
-100.5825,20.553889,GTO,AMCGJ,"Ameche, Gto.",146.51
-101.370833,20.712778,GTO,ANSGJ,"Arandas, Gto.",105.32
-100.620833,20.454167,GTO,APSGJ,"Apaseo el Alto, Gto.",72
-101.625556,20.499167,GTO,ATBGJ,"Agua Tibia, Gto.",90.52
-101.838333,21.048611,GTO,BRRGJ,"El Barrial, Gto.",83.52
-100.816667,20.536389,GTO,CLYGJ,"Celaya, Gto.",90.9
-101.474722,21.068056,GTO,COMGJ,"Comanjilla, Gto.",97.01
-100.363333,20.198333,GTO,CORGJ,"Coroneo, Gto.",190.9
-101.630278,20.506667,GTO,CORRALEJO,"Corralejo Hidalgo, Gto. Protección Civil*",83.17
-101.666667,20.616667,GTO,CRMGJ,"Cuerámaro, Gto.",93.53
-100.962778,20.487778,GTO,CRTGJ,"Cortázar, Gto.",81.8
-100.9,20.95,GTO,CSRGJ,"Cinco Seńores, Gto.",103.12
-101.666667,21.191667,GTO,CSSGJ,"Los Castillos, Gto.",101.22
-101.6675,21.195556,GTO,CSTGJ,"Los Castillos, Gto.",103.22
-100.933333,21.15,GTO,DHGGJ,"Dolores Hidalgo, Gto.",23.01
-101.835278,21.05,GTO,EBAGJ,"El Barrial, Gto.",97.42
-100.9,20.279722,GTO,ECBGJ,"El Cubo, Gto.",160.9
-101.244444,20.872222,GTO,ECHGJ,"El Chapín, Gto.",86.54
-101.37,20.715833,GTO,ECNGJ,"El Conejo, Gto.",138.32
-101.678889,21.173611,GTO,EPLGJ,"El Palote, Gto.",77.93
-101.996667,20.800556,GTO,FRIAS,"Frías, Gto. Protección Civil*",37.846
-101.7425,20.439167,GTO,GLNGJ,"La Golondrina, Gto.",135
-101.266111,21.014167,GTO,GTOGJ,"Observatorio de Guanajuato, Gto.",104.53
-100.825833,20.848056,GTO,IALGJ,"Ignacio Allende, Gto.",168.81
-101.35,20.683333,GTO,IRPGJ,"Irapuato, Gto.",84.51
-101.844167,20.675278,GTO,LADGJ,"Las Adjuntas, Gto.",156.1
-101.073056,20.286944,GTO,LDYGJ,"Laguna de Yuriria, Gto.",78.08
-101.693333,21.136389,GTO,LENGJ,"León, Gto.",98.64
-100.883611,20.398333,GTO,LGVGJ,"Presa la Gavia, Gto.",197
-101.358889,20.276111,GTO,LJIGJ,"Las Jícamas, Gto.",172.1
-101.107778,21.324167,GTO,LQMGJ,"La Quemada, Gto.",34.7
-100.501944,21.223611,GTO,MINERALPOZOS,"Mineral de Pozos, Gto. Protección Civil*",3.53
-101.48,21.65,GTO,OCMGJ,"Ocampo, Gto.",6
-101.111389,20.5225,GTO,PERGJ,"Pericos, Gto.",106.74
-100.878333,21.105,GTO,PNLGJ,"Peńuelitas, Gto.",32
-100.496111,21.22,GTO,POZGJ,"Pozos, Gto.",51.01
-101.287778,20.867222,GTO,PRSGJ,"La Purísima, Gto.",104.65
-101.216667,21.483333,GTO,SFEGJ,"San Felipe, Gto.",29.3
-99.831389,21.320833,GTO,SGORDAII,"Sierra Gorda 2, Gto. SMN*",33.2
-101.016667,20.4,GTO,SJLGJ,"Santa Julia, Gto.",103.6
-100.666667,20.05,GTO,SL2GJ,"Solis, Gto.",192.12
-101.199444,20.565833,GTO,SLMGJ,"Salamanca, Gto.",83.8
-100.669722,20.055278,GTO,SLSGJ,"Solís, Gto.",192.12
-100.885833,20.216667,GTO,SLVGJ,"Salvatierra, Gto.",118.45
-101.016389,20.430833,GTO,SMAGJ,"San Miguel de Allende, Gto.",160.7
-100.745833,20.577778,GTO,SMOGJ,"San Miguel Octopan, Gto.",69.2
-101.066944,20.298333,GTO,SRTGJ,"Santa Rita, Gto.",97.76
-101.3,20.6,GTO,TEMGJ,"Temascatío, Gto.",148.51
-101.178889,20.382778,GTO,VDSGJ,"Valle de Santiago, Gto.",119
-100.0925,21.298889,GTO,XICGJ,"Xichú, Gto.",19.4
-98.941667,20.268056,HGO,ACTHD,"Actopan, Hgo.",27.5
-98.348056,21.019444,HGO,ATCHD,"Atlapexco, Hgo.",104.5
-98.716111,20.185556,HGO,ELCHICO,"El Chico, Hgo. SMN*",100
-99.36,20.163889,HGO,ENDHD,"Endhó, Hgo.",66.03
-98.076111,20.46,HGO,HHTHD,"Huehuetla, Hgo.",251.4
-98.416667,21.15,HGO,HJTHD,"Huejutla, Hgo.",30.5
-99.220833,20.481944,HGO,IXMHD,"Ixmiquilpan, Hgo.",17.4
-98.128333,20.135833,HGO,LAGUNA,"La Laguna, Hgo. FENIX*",129.7
-98.128333,20.135556,HGO,LLAHD,"La Laguna, Hgo.",67.04
-98.757222,20.591667,HGO,LMTHD,"Metztitlán, Hgo.",18.14
-99.218611,20.2375,HGO,MXQHD,"Mixquiahuala, Hgo.",84.01
-98.6,21.166667,HGO,ORZHD,"San Felipe Orizatlán, Hgo.",123.5
-98.7475,20.123333,HGO,PCOHD,"Observatorio de Pachuca, Hgo.",45.6
-98.334722,20.0575,HGO,PERHD,"La Esperanza, Hgo.",37.59
-99.329444,20.359722,HGO,PRGHD,"Javier Rojo Gómez, Hgo.",4.06
-99.310833,19.963056,HGO,PRQHD,"Requena, Hgo.",72.01
-99.375833,20.435556,HGO,PVAHD,"Vicente Aguirre, Hgo.",6.06
-99.308333,20.573611,HGO,TAXQUILLOCFE,"Taxquillo, Hgo. CFE*",14.9
-98.369444,20.083333,HGO,TLGHD,"Observatorio de Tulancingo, Hgo.",32.82
-99.501111,20.663333,HGO,ZMPHD,"Ing. Fernando Hiriart Balderrama, Hgo.",1.9
-98.647222,20.652778,HGO,ZXTHD,"Zacualtipán, Hgo.",74
-103.133333,20.316667,JAL,ACHAPALAGDL,"Acueducto Chapala Guadalajara, Jal. SGT*",176.6
-103.225278,22.327222,JAL,ACHZC,"Achimec, Jal.",119.24
-102.436944,21.599444,JAL,AJJJL,"Ajojúcar, Jal.",58.02
-103.091944,20.397222,JAL,ATQJL,"Atequiza, Jal.",137.73
-103.446389,20.746667,JAL,BAZJL,"Base Aérea Zapopan, Jal.",147.21
-103.724444,22.406111,JAL,BCSJL,"Bocas, Jal.",97.51
-103.782778,21.831667,JAL,BLNJL,"Bolańos, Jal.",107.5
-103.201944,20.290556,JAL,CHAJL,"Chapala 1, Jal. SMN*",169.17
-104.555278,19.627778,JAL,CHFJL,"El Chiflón, Jal.",180.65
-102.774167,19.287778,JAL,CHLMC,"Constitución de Apatzingán, Jal.",395
-104.566667,19.233333,JAL,CIHJL,"Cihuatlán, Jal.",79.93
-105.129722,19.9975,JAL,CPEJL,"Cajón de Peńa, Jal.",139.74
-104.780833,20.479722,JAL,CRNJL,"Corrinchis, Jal.",420.21
-101.7375,21.497778,JAL,CRTJL,"El Cuarenta, Jal.",130.9
-105.218333,20.593333,JAL,CULJL,"Cuale, Jal.",565.81
-103.45,21.066667,JAL,CXTJL,"Cuixtla, Jal.",290.1
-102.976111,20.681389,JAL,EGCJL,"Ing. Elías González Chávez, Jal.",227.59
-103.335,20.723333,JAL,EXPJL,"La Experiencia, Jal.",291
-103.354444,20.680556,JAL,GUAJL,"Guadalajara Centro, Jal.",206.31
-105.184444,19.653889,JAL,HIGJL,"Higuera Blanca 2, Jal.",69
-103.651111,20.466944,JAL,HRTJL,"Hurtado, Jal.",197.1
-102.25,20.483333,JAL,HUAJL,"Huascato, Jal.",84.53
-102.705833,20.293889,JAL,JMYJL,"Jamay, Jal.",106.81
-102.558333,20.275556,JAL,LABARCA,"La Barca, Jal. SGT*",117.6
-103.644167,20.676389,JAL,LAPRIMAVERA,"La Primavera, Jal. SMN*",67.99
-103.201667,20.290556,JAL,LDCJL,"Lago de Chapala, Jal.",159.11
-101.919722,21.359722,JAL,LDMJL,"Lagos de Moreno, Jal.",30.75
-103.033333,20.316667,JAL,MEZCALA,"Mezcala Poncitlán, Jal. SGT*",97.8
-103.590833,19.592222,JAL,NEVADOCOLIMA,"Nevado de Colima, Jal. SMN*",109.4
-101.916667,21.366667,JAL,OLMJL,"Observatorio de Lagos de Moreno, Jal.",47.7
-103.361667,20.583889,JAL,PITJL,"Protección a Infraestructura y Atención a Emergencias, Jal.",248.3
-104.105833,21.196944,JAL,PLYJL,"Ing. Alfredo Elías Ayub, Jal.",137
-102.231944,20.491111,JAL,POLJL,"Ing. Guillermo Lugo Sanabria, Jal.",82.03
-104.05,20.55,JAL,RAMJL,"Río Ameca, Jal.",227.2
-105.133611,19.998611,JAL,RIOTOMATLAN,"Río Tomatlán, Jal. SMN*",114.79
-101.85,21.35,JAL,SAUJL,"La Sauceda, Jal.",81.33
-102.5,21.3,JAL,SGRJL,"San Gaspar de los Reyes, Jal.",105.7
-103.9175,19.463611,JAL,SMANANTLANI,"Sierra Manatlán 1, Jal. SMN*",98.6
-104.148056,19.554444,JAL,SMANANTLANII,"Sierra Manatlán 2, Jal. SMN*",282
-103.705556,20.908889,JAL,SRSJL,"Manuel M. Diéguez, Jal.",352.21
-102.583333,21.45,JAL,TCAJL,"Teocaltiche, Jal.",106.71
-104.320278,20.036111,JAL,TCTJL,"Tacotán, Jal.",151.7
-103.198611,22.171944,JAL,TENJL,"Tenasco, Jal.",80.03
-103.316667,20.583333,JAL,TLAJL,"Tlaquepaque, Jal.",215.92
-103.419444,20.4425,JAL,TLAJOMULCO,"Tlajomulco, Jal. SMN*",71.4
-104.370278,19.976111,JAL,TMLJL,"Ramón Corona Madrigal General, Jal.",114.8
-103.396667,18.967222,JAL,TRJCM,"Solidaridad, Jal.",247.72
-103.845833,20.596389,JAL,VEGJL,"Ing. Santiago Camarena, Jal.",244.22
-103.05,22.05,JAL,ZPTJL,"El Zapote, Jal.",109
-99.377222,19.377222,MEX,2RSMX,"Dos Ríos, Méx.",224.6
-98.655278,19.118611,MEX,ALTZOMONI,"Altzomoni, Méx SMN*",112.4
-98.912222,19.543611,MEX,ATEMX,"Atenco, Méx.",104.26
-99.866667,19.783333,MEX,ATPMX,"Atlacomulco Prepa., Méx.",207.41
-99.184722,19.580833,MEX,BARRIENTOS,"Planta de Bombeo Barrientos, Méx. SACMEX*",205.73
-99.283333,19.436389,MEX,BOSQUEREAL,"Bosque Real, Méx. UNAM*",160.15
-99.7,19.333333,MEX,CALMX,"Calixtlahuaca, Méx.",188.02
-99.298611,19.406667,MEX,CDELBORRACHO,"Caída del Borracho, Méx. SACMEX*",18.55
-99.511667,19.205,MEX,CGCMX,"Gerencia Conagua CODAGEM, Méx.",204.51
-99.041667,19.593889,MEX,CHICONAUTLAI,"Chiconautla 1, Méx. SACMEX*",138.7
-99.108333,19.515556,MEX,CHICONAUTLAII,"Chiconautla 2, Méx. SACMEX*",11.93
-100.152778,19.350556,MEX,CHIMX,"Chilesdo, Méx.",233
-98.884722,19.483333,MEX,CHPMX,"Chapingo, Méx.",120.2
-99.304444,19.695,MEX,CNPMX,"La Concepción, Méx.",134.5
-99.631667,19.292222,MEX,COBMX,"Observatorio de Toluca, Méx.",220.91
-100.225,19.178889,MEX,COLMX,"Colorines, Méx.",173.71
-99.140833,19.549444,MEX,CUAUTEPEC,"Cuautepec, Cd. de Méx. UNAM*",120.55
-99.559722,19.884722,MEX,DNXMX,"Danxhó, Méx.",157.51
-99.334444,19.383611,MEX,ELVENADO,"El Venado, Méx. SACMEX*",58.14
-99.238333,19.453611,MEX,EMOMX,"El Molinito Río Hondo, Méx.",190.2
-99.252222,19.635556,MEX,GDLMX,"Sierra de Guadalupe, Méx.",174
-98.917222,19.578889,MEX,GRDMX,"La Grande, Méx.",57.03
-99.250833,19.415833,MEX,HERRADURA,"Herradura, Méx. UNAM*",172.98
-99.696944,20.046389,MEX,HPNMX,"Huapango, Méx.",166.57
-99.05,19.633333,MEX,K27MX,"km 27+250, Méx.",176.74
-98.975,19.339167,MEX,LACALDERA,"La Caldera Subestación eléctrica Santa Lucía, Méx. SACMEX*",52.59
-100.075833,19.383333,MEX,LBEMX,"Los Berros, Méx.",200.71
-99.220833,19.477778,MEX,MBLMX,"Molino Blanco, Méx.",177.03
-99.243333,19.473889,MEX,NAUCALPAN,"Naucalpan, Méx. UNAM*",172.94
-99.683333,19.116667,MEX,NEVMX,"Nevado de Toluca, Méx. SMN*",178.57
-99.420833,18.990833,MEX,OCUMX,"Ocuilán de Arteaga, Méx",293.73
-99.254722,19.429722,MEX,PALMASDF,"Palmas, Méx. SACMEX*",184.65
-99.181944,19.743056,MEX,PCGMX,"Puente Colgante, Méx.",159.05
-99.728333,18.928333,MEX,PDZMX,"Porfirio Díaz, Méx.",216
-99.790278,19.829167,MEX,PFBMX,"Francisco José Trinidad Fabela, Méx.",201
-99.775,19.461667,MEX,PIRMX,"Ignacio Ramírez, Méx.",165.5
-99.260833,19.526944,MEX,PMDMX,"Madín, Méx.",312.3
-99.948889,19.654444,MEX,PMEMX,"Puente Mextepec, Méx.",138.83
-99.739722,20.124167,MEX,PMNMX,"El Molino, Méx.",65.55
-99.864444,20.038611,MEX,PNDMX,"Ńadó, Méx.",119
-99.283333,19.453611,MEX,PTLMX,"Presa Totolica, Méx.",240.3
-99.603333,19.213333,MEX,RECMX,"Rectoría, Méx.",241.6
-98.911111,19.530556,MEX,SADMX,"San Andrés, Méx.",91.2
-99.228056,19.436667,MEX,SANJOAQUINDF,"Tanque San Joaquín, Cd. de Méx. SACMEX*",76.96
-99.703889,19.465556,MEX,SB2MX,"San Bernabé, Méx.",127
-99.704722,19.465833,MEX,SBBMX,"José Antonio Alzate, Méx.",155
-99.764722,19.238333,MEX,SJHMX,"San Juan de las Huertas, Méx.",289.2
-98.870833,19.190278,MEX,SLAMX,"San Luis Ameca, Méx.",118.01
-99.741667,19.591667,MEX,SLBMX,"San Bartolo del Llano, Méx.",175
-99.8,19.633333,MEX,SMLMX,"Santa María del Llano, Méx.",331
-98.858611,19.644722,MEX,SNLMX,"San Lucas, Méx",147.6
-99.799167,19.343056,MEX,TBRMX,"Tres Barrancas, Méx.",195.32
-99.935833,18.931389,MEX,TESMX,"Texcaltitlán, Méx.",184.5
-99.905278,19.856944,MEX,TJCMX,"El Tejocote, Méx.",216.72
-100.053056,19.058056,MEX,TMSMX,"Temascaltepec, Mex.",190.41
-99.283333,19.453889,MEX,TOTMX,"Totolica, Méx",176.32
-99.961389,19.660833,MEX,TPTMX,"San Andrés Tepetitlán, Méx.",163.83
-99.6125,19.429167,MEX,TROMX,"Trojes, Méx.",259.54
-99.283056,19.4525,MEX,TTLMX,"Totolica hidrométrica, Méx.",223
-99.123889,19.904722,MEX,TTQMX,"Tajo de Tequixquiac, Méx",99.58
-99.385278,19.834722,MEX,TXMHD,"Taxhimay, Méx.",197.03
-100.084722,19.375556,MEX,VALLEDEBRAVO,"Valle de Bravo, Méx. SMN*",186.98
-99.213611,19.510833,MEX,VASOCRISTO,"Vaso de Cristo, Méx. SACMEX*",114.001
-100.18,19.2075,MEX,VBRMX,"Valle de Bravo, Méx.",225.72
-100.055556,19.461667,MEX,VVCMX,"Villa Victoria, Méx.",279.41
-101.99,20.231389,MICH,ADUMC,"Adjuntas, Mich.",123.41
-101.661111,19.926111,MICH,AMEMC,"Aristeo Mercado, Mich.",97.3
-102.371111,19.083056,MICH,APTMC,"Apatzingán, Mich.",251.81
-102.419167,20.183889,MICH,BIBMC,"Barraje de Ibarra, Mich.",149.6
-102.265278,19.973611,MICH,CHAMC,"Chaparaco, Mich.",94.01
-100.55,19.7,MICH,CHIMC,"Ciudad Hidalgo, Mich.",168.54
-101.259167,19.629722,MICH,COIMC,"Coíntzio, Mich.",194.81
-101.861667,20.207222,MICH,CORMC,"Corrales, Mich.",74.12
-100.421111,19.387778,MICH,DBOMC,"El Bosque, Mich.",188.51
-102.541389,19.979167,MICH,GUAMC,"Guaracha, Mich.",122.9
-101.883333,18.266667,MICH,INFMC,"Infiernillo, Mich.",69.41
-100.406389,19.838056,MICH,LDFMC,"Laguna del Fresno, Mich.",113.6
-102.865556,19.210833,MICH,LOLMC,"Los Olivos, Mich.",246.5
-102.751389,20.146667,MICH,LPAMC,"La Palma, Mich.",4.8
-102.004444,20.354444,MICH,LPDMC,"La Piedad, Mich.",91.84
-102.2,18.8,MICH,LPSMC,"La Pastoría, Mich.",96.12
-101.1,19.7,MICH,MCEMC,"Morelia Centro, Mich.",100.02
-100.873611,19.829167,MICH,MLPMC,"Malpaís, Mich.",122.81
-101.2,19.7,MICH,MNOMC,"Morelia Norte, Mich.",107.33
-101.724444,20.127222,MICH,MOCMC,"Melchor Ocampo, Mich.",98.99
-101.176111,19.688611,MICH,MORMC,"Observatorio de Morelia, Mich.",116.12
-100.439167,19.890833,MICH,MRVMC,"Maravatío, Mich.",125.2
-101.05,19.49,MICH,PDBMC,"Planta de Bombeo, Mich.",105.05
-101.102778,18.538889,MICH,PINZANESCFE,"Pinzanes, Mich. CFE*",107.8
-101.6,20.3,MICH,PORMC,"Pastor Ortiz, Mich.",114.03
-102.136944,19.961389,MICH,PUREPETIRO,"Presa Urepetiro, Mich. SGT*",143.4
-102.716667,20.066667,MICH,SAHMC,"Sahuayo, Mich.",113.5
-102.464722,20.208333,MICH,SCRMC,"San Cristóbal, Mich.",144.01
-102.651389,19.839444,MICH,SJUMC,"San Juanico, Mich.",109
-102.4,20.1,MICH,SSIMC,"San Simón, Mich.",100
-100.229167,20.000278,MICH,TEPMC,"Tepuxtepec, Mich.",143.1
-102.137778,19.962222,MICH,UREMC,"Urepetiro, Mich.",164.43
-102.180278,18.048333,MICH,VILMC,"José María Morelos y Pavón, Mich.",233
-101.45,19.55,MICH,VJIMC,"Villa Jiménez, Mich.",155
-102.283333,20.333333,MICH,YURECUARO,"Yurécuaro, Mich. SGT*",23.8
-102.242222,20.339444,MICH,YURMC,"Yurécuaro, Mich.",104.51
-102.284167,20.006667,MICH,ZAMMC,"Observatorio de Zamora, Mich.",129.81
-101.931944,18.921111,MICH,ZICMC,"Zicuirán, Mich.",89.4
-98.829167,18.947222,MOR,ACHMR,"Achichipico, Mor.",158.5
-99.258056,18.734722,MOR,ALUMR,"Alpuyeca, Mor.",153.1
-99.376944,18.596111,MOR,AMCMR,"Amacuzac, Mor.",199.7
-98.771111,18.755278,MOR,AMIMR,"Amilcingo, Mor.",165.1
-99.463611,18.68,MOR,APAMR,"Apacingo, Mor.",207.33
-98.928056,18.948889,MOR,ATLMR,"Atlatlahucan, Mor.",176.4
-98.955278,18.850556,MOR,CASMR,"Casasano, Mor.",152.62
-98.948889,18.808611,MOR,CUAMR,"Cuautla, Mor.",119.18
-99.2,18.9,MOR,CUEMR,"Cuernavaca, Mor.",143.02
-99.375556,18.701667,MOR,CUTMR,"Cuautlita, Mor.",279.74
-98.786667,18.690556,MOR,ELPMR,"El Peńón, Mor.",189.4
-98.967222,18.881944,MOR,ETAMR,"E.T.A. 118, Mor.",114.21
-99.424167,18.608333,MOR,HUAMR,"Huajintlán, Mor.",196.5
-99.265,19.028889,MOR,HUIMR,"Huitzilac, Mor.",346.51
-99.158611,18.883611,MOR,IMTMR,"Instituto Mexicano de Tecnología del Agua, Mor. SMN*",87.18
-98.8,18.7,MOR,JNCMR,"Jonacatepec, Mor.",236
-99.2,18.6,MOR,JOJMR,"Jojutla, Mor.",167.1
-99.4,18.7,MOR,MIAMR,"Miacatlán, Mor.",148
-99.004722,18.727222,MOR,MYOMR,"Moyotepec, Mor.",128.6
-99.031389,18.923333,MOR,OACMR,"Oacalco, Mor.",71.11
-98.901389,18.900556,MOR,OAXMR,"Oaxtepec, Mor.",190.11
-99.219167,18.908889,MOR,OBSMR,"Observatorio de Cuernavaca, Mor.",228.91
-98.758611,18.8825,MOR,OCTMR,"Ocuituco, Mor.",241.5
-99.433333,18.8675,MOR,PAPMR,"Palpan, Mor.",227.3
-99.322778,18.633333,MOR,PIXMR,"Puente de Ixtla, Mor.",209.55
-99.156944,18.771111,MOR,PROMR,"Progreso, Mor.",181.3
-99.331389,18.765278,MOR,RODMR,"El Rodeo, Mor.",160.7
-98.936111,18.541389,MOR,SHUAUTLA,"Sierra de Huautla, Mor. SMN*",7.4
-99.190556,18.918333,MOR,SLDMR,"Solidaridad, Mor.",198.4
-98.83,18.638333,MOR,TEBMR,"Tepalcingo Bachillerato, Mor.",228.4
-99.223611,18.856944,MOR,TEMMR,"Temixco, Mor.",208.35
-98.710278,18.876389,MOR,TETMR,"Tetela del Volcán, Mor.",158.3
-99.103889,18.794167,MOR,TICMR,"Ticumán, Mor.",170.9
-99.306111,18.487778,MOR,TILMR,"Tilzapotla, Mor.",200.15
-98.75,18.813333,MOR,TLOMR,"Tlacotepec, Mor.",190.72
-99.241667,19.054167,MOR,TMAMR,"Tres Marías, Mor.",434.53
-98.786944,18.778056,MOR,TMCMR,"Temoac, Mor.",198.21
-99.093889,18.705833,MOR,TMPMR,"Temilpa, Mor.",158.9
-98.92,18.9875,MOR,TOTMR,"Totolapan, Mor.",153.5
-98.843611,18.596389,MOR,TPLMR,"Tepalcingo, Mor.",271.8
-99.072778,18.971389,MOR,TPZMR,"Tepoztlán, Mor.",284.51
-99.250278,18.611111,MOR,TQGMR,"Tequesquitengo, Mor.",147.2
-99.383611,18.73,MOR,VALMR,"Vista Alegre, Mor.",238.11
-99.190278,18.528889,MOR,XICMR,"Xicatlacotla, Mor.",169.6
-99.25,18.683333,MOR,XXOMR,"Xoxocotla, Mor.",220.1
-99.050556,18.899167,MOR,YAHMR,"Yautepec, Mor.",169.72
-99.196667,18.651389,MOR,ZCTMR,"Observatorio de Zacatepec, Mor.",118.82
-105.354167,22.49,NAY,ACANR,"Acaponeta, Nay.",262.94
-104.802222,21.839167,NAY,AGMNR,"Aguamilpa Solidaridad, Nay.",173.61
-104.5,21.944167,NAY,CHPNR,"Chapalagana, Nay.",166.31
-104.450833,21.428333,NAY,CJNNR,"Leonardo Rodríguez Alcaine, Nay.",188.8
-105.136667,20.889722,NAY,GAVNR,"Gaviotas, Nay.",413.57
-106.536944,21.629722,NAY,ISLASMARIASmar,"Islas Marías, Nay. SEMAR*",9.398
-104.516944,22.250833,NAY,JMANR,"Jesús María, Nay.",187.93
-105.211667,22.119722,NAY,ROMNR,"Rosamorada, Nay.",312.64
-104.8875,21.780833,NAY,RSRNR,"San Rafael, Nay.",231.3
-105.1425,21.958333,NAY,RUINR,"Ruiz, Nay.",144.85
-105.285556,21.531389,NAY,SANBLASmar,"San Blas, Nay. SEMAR*",174.34
-104.891944,21.489444,NAY,TEPNR,"Observatorio de Tepic, Nay.",259.92
-99.680556,24.897222,NL,ADJUNTASHUALA,"Las Adjuntas, N.L. SGT*",54.5
-99.816667,24.1,NL,ARRNL,"Aramberri, N.L.",23
-99.911667,24.321944,NL,ASCNL,"La Ascensión, N.L.",69
-99.743889,24.99,NL,CABNL,"Cabezones, N.L.",2.5
-99.578889,24.871944,NL,CAMNL,"Camacho, N.L.",10.51
-99.439444,24.976111,NL,CARNL,"Carmen de los Elizondo Linares, N.L.",65.82
-99.276944,25.711667,NL,CCHNL,"Cuchillo Solidaridad, N.L.",7
-99.975,25.590278,NL,CDRNL,"Cadereyta, N.L.",79.72
-99.746944,27.699167,NL,COLOMBIA,"Colombia, N.L. SGT*",2.7
-99.399722,24.9375,NL,CPRNL,"José López Portillo, N.L.",36
-99.6975,24.783611,NL,CRUNL,"Crucitas, N.L.",34
-99.614167,26.091389,NL,CRVNL,"Cerralvo, N.L.",75.9
-100.308333,25.576944,NL,ELDIENTE,"El Diente, N. L. SMN*",87.4
-100.083333,24.833333,NL,GALNL,"Galeana, N.L.",1
-100.128056,25.428056,NL,LBCNL,"Rodrigo Gómez, N.L.",96.7
-99.527222,25.497222,NL,LERNL,"Las Enramadas, N.L.",10.02
-99.401389,25.898333,NL,LosHerrera,"Los Herrera, N.L. SGT*",6
-99.833333,25.174167,NL,MTMNL,"Montemorelos, N.L.",17.61
-100.271667,25.6825,NL,MTRNL,"Monterrey, N.L.",59.5
-100.304722,25.733611,NL,OBSNL,"Observatorio de Monterrey, N.L.",59.5
-99.221667,24.992778,NL,PAMNL,"La Pamona, N.L.",2.01
-100.128889,25.429444,NL,PLABOCA,"Presa La Boca, N.L. SGT*",118.25
-100.551111,25.028333,NL,SRANL,"San Rafael, N.L.",65.53
-97.720556,17.533611,OAX,AMTOX,"San Antonino Monte Verde, Oax.",145.21
-95.700556,16.010833,OAX,ASTOX,"Astata, Oax.",31.12
-96.1,17.016667,OAX,AYUOX,"Ayutla, Oax.",242.1
-95.929167,16.647222,OAX,BOQOX,"Boquilla 1, Oax.",84.23
-98.278333,17.532778,OAX,CALOX,"Calihualá, Oax.",151.03
-96.263611,17.999167,OAX,CDOOX,"Miguel de la Madrid Hurtado, Oax.",685.02
-94.816667,16.583333,OAX,CHIOX,"Chicapa, Oax.",107.22
-97.023056,17.459167,OAX,CMTOX,"Santiago Camotlán, Oax.",51.54
-97.799444,16.780278,OAX,COSOX,"Cosoltepec, Oax.",36.5
-96.721944,15.812222,OAX,COZOX,"San Francisco Cozoaltepec, Oax.",46.62
-96.658333,18.492778,OAX,CSPOX,"Cosolapa, Oax.",356.12
-96.388889,18.1525,OAX,DPSOX,"Dique Pescaditos, Oax.",511.41
-95.374444,16.434722,OAX,EMAOX,"El Marqués, Oax.",41.61
-97.819167,17.746389,OAX,FOYOX,"San Francisco Yosocuta, Oax.",100.56
-97.776111,17.806667,OAX,HDLOX,"Huajuapan de León, Oax.",104.13
-97.776111,17.806667,OAX,HLOOX,"Observatorio de Huajuapan de León, Oax.",96.5
-96.133889,15.748889,OAX,HUATULCOmar,"Huatulco, Oax. SEMAR*",77.216
-95.869722,17.024722,OAX,HUYOX,"Huayapam, Oax.",344.6
-95.053889,16.503611,OAX,IXTALTEPEC,"Ixtaltepec, Oax. SGT*",114.8
-95.1,16.583333,OAX,IXTOX,"Ixtepec, Oax.",80.23
-96.2,17.866667,OAX,JACOX,"Jacatepec, Oax.",663.5
-95.397778,16.445556,OAX,JDMOX,"Presidente Benito Juárez, Oax.",102.9
-95.483333,17.45,OAX,MAROX,"María Lombardo, Oax.",466.46
-96.733333,17.066667,OAX,OACOX,"Oaxaca Centro, Oax.",69.5
-96.7,17.001389,OAX,OAOOX,"Observatorio de Aeropuerto Oaxaca, Oax.",74.44
-94.4,16.5,OAX,OSTOX,"Ostuta, Oax.",184.3
-96.083333,18.166667,OAX,PAPOX,"Papaloapan, Oax.",270.96
-96.716667,17.072778,OAX,PIAOX,"Organismo de Cuenca Pacífico Sur PIAE, Oax.",49.03
-96.483333,15.666667,OAX,PTAOX,"Observatorio de Puerto Ángel, Oax.",86.9
-95.481389,16.585278,OAX,RHOOX,"Río Hondo, Oax.",109
-97.725,16.102778,OAX,RVEOX,"Río Verde, Oax.",77.22
-97.895,17.905833,OAX,SCHOX,"Santiago Chilixtlahuaca, Oax.",87.72
-96.55,17.266667,OAX,SCIOX,"Ixtepeji, Oax.",69.5
-95.2,16.183333,OAX,SCROX,"Observatorio de Salina Cruz, Oax.",114.41
-98.1425,17.501389,OAX,SLAOX,"Silacayoápam, Oax.",174.4
-96.453611,17.1175,OAX,SMAOX,"San Antonio Cuajimoloyas, Oax.",77.83
-97.881389,17.228889,OAX,SMNOX,"San Martín Itunyoso, Oax.",172.93
-97.680278,18.188611,OAX,SNCOX,"Santiago Chazumba, Oax.",52.03
-96.55,18.05,OAX,STDOX,"Santo Domingo, Oax.",536.73
-97.536667,17.726111,OAX,STTOX,"Santiago Teotongo, Oax.",56.71
-96.412222,18.232222,OAX,TEMOX,"Presidente Alemán, Oax.",422.6
-97.424444,17.550556,OAX,TEPOX,"San Juan Teposcolula, Oax.",136.82
-95.6,16.416667,OAX,TEQOX,"Tequisistlán, Oax.",40.72
-96.544722,15.739167,OAX,TNMOX,"Tonameca, Oax.",98.85
-97.808333,17.654444,OAX,TSLOX,"Heroica Villa Tezoatlán de Segura y Luna, Oax.",125.11
-96.435278,17.933056,OAX,UCFOX,"Usila CFE, Oax.",659.8
-96.3,17.776389,OAX,VANOX,"Valle Nacional, Oax.",481.91
-97.826111,17.724444,OAX,YOSOX,"Yosocuta, Oax.",102.35
-98.389444,17.755278,OAX,ZALOX,"Zapotitlán Lagunas, Oax.",135.62
-94.216111,16.4025,OAX,ZANOX,"Zanatepec, Oax.",162.83
-97.818056,17.889722,OAX,ZAPOX,"Zapotitlán Palmas, Oax.",74.43
-98.285,19.016667,PUE,ACAPB,"Acatepec, Pue.",17.8
-97.418056,19.45,PUE,ACHPB,"Alchichilca, Pue.",26.771
-97.934167,19.0625,PUE,ACJPB,"Acajete, Pue.",71.11
-98.055,18.277222,PUE,ADOPB,"Acatlán de Osorio, Pue.",127.7
-98.135833,18.9425,PUE,AFRPB,"Áfricam, Pue.",117.01
-97.920833,18.854167,PUE,AHAPB,"Ahuatepec, Pue.",35
-98.148056,20.033056,PUE,AHUPB,"Ahuazontepec, Pue.",57.2
-97.845,20.406944,PUE,APAPB,"Apapantilla, Pue.",318.91
-98.420833,18.921111,PUE,ATXPB,"Atlixco, Pue.",184.8
-97.881111,20.385833,PUE,AVCPB,"Ávila Camacho, Pue.",321
-97.503333,19.961389,PUE,BAIPB,"Buenos Aires CFE, Pue.",283.41
-98.108611,18.9125,PUE,BDDPB,"Manuel Ávila Camacho, Pue.",100.34
-97.441667,18.987222,PUE,CDSPB,"Ciudad Serdán, Pue.",78.5
-97.958333,18.968889,PUE,CEMPB,"Cemex, Pue.",59.2
-97.360833,18.316389,PUE,CHCPB,"Chilac, Pue.",15.2
-98.579167,18.516111,PUE,CHIPB,"Chietla, Pue.",136.83
-98.318056,19.068611,PUE,CHLPB,"Cholula, Pue.",184.5
-98.567778,18.109722,PUE,CHSPB,"Chila de la Sal, Pue.",89.1
-98.198611,19.022778,PUE,CNAPB,"Conagua, Pue.",205
-98.049722,19.743333,PUE,CNGPB,"Chignahuapan, Pue.",70.43
-98.164722,18.612778,PUE,COAPB,"Coatzingo, Pue.",102.42
-98.059444,19.092778,PUE,CPLPB,"Capulac, Pue.",299
-97.516667,20.033333,PUE,CTZPB,"Cuetzalan del Progreso, Pue.",311.51
-98.275556,18.966111,PUE,ECHPB,"Echeverría, Pue.",221.52
-98.456111,19.101111,PUE,HJTPB,"Huejotzingo, Pue.",178.941
-98.540278,18.772222,PUE,HQCPB,"Huaquechula, Pue.",118.46
-98.050833,20.176389,PUE,HUAPB,"Huauchinango, Pue.",214.62
-98.72,18.039722,PUE,IXCAMILPACFE,"Ixcamilpa, Pue. CFE*",147.71
-97.815833,19.621667,PUE,IXTPB,"Ixtacamaxtitlán, Pue.",46.11
-98.466389,18.610833,PUE,IZMPB,"Izúcar de Matamoros, Pue.",134.01
-97.691111,19.457222,PUE,LIBPB,"Libres, Pue.",96.51
-98.231111,19.010556,PUE,MAYPB,"Mayorazgo 21 Poniente, Pue.",125.84
-97.850278,20.733056,PUE,MTLPB,"Metlaltoyuca, Pue.",112.35
-96.781389,18.360278,PUE,NARPB,"Naranjastitla, Pue.",499.43
-98.000556,20.216667,PUE,NNEPB,"Necaxa, Pue.",168.8
-97.533333,19.7,PUE,OYAPB,"Oyameles, Pue.",16.11
-97.251389,18.918056,PUE,PCRPB,"Paso Carretas, Pue.",161
-98.264722,18.2,PUE,PIXPB,"Piaxtla, Pue.",114.14
-97.702778,20.445833,PUE,PTEPALOMAS,"Puente Palomas, Pue. SGT*",136.4
-97.883333,20.233333,PUE,PTLPB,"Patla, Pue.",207.6
-98.166667,19.05,PUE,PUOPB,"Observatorio de Puebla, Pue.",141.6
-97.616667,19.25,PUE,QUIPB,"Quimixtlán, Pue.",385.6
-97.401667,20.116111,PUE,RNAPB,"Rancho Nuevo, Pue.",258.01
-98.22,19.113056,PUE,SCRPB,"San Cristóbal Caleras, Pue.",124.751
-97.208333,20.131389,PUE,SJAPB,"San José Acateno, Pue.",143.77
-97.91,18.735,PUE,SMCPB,"San Miguel Canoa, Pue.",118.064
-98.4175,19.284167,PUE,SMTPB,"San Martín Texmelucan, Pue.",208.41
-97.446667,19.960833,PUE,SOLPB,"La Soledad, Pue.",253.7
-98.582222,19.330278,PUE,SRTPB,"Santa Rita Tlahuapan, Pue.",111.5
-97.486389,19.952778,PUE,STLPB,"Sontalalco CFE, Pue.",233.01
-97.7925,20.004444,PUE,TDRPB,"Tepango de Rodríguez, Pue.",386
-97.7525,18.878889,PUE,TECPB,"Tecamachalco, Pue.",28.4
-97.395556,18.479167,PUE,TEHPB,"Tehuacán, Pue.",20.2
-98.777222,18.451944,PUE,TELPB,"Teotlalco, Pue.",204.21
-97.805833,19.829444,PUE,TEOPB,"Tetela de Ocampo, Pue.",84
-97.9475,20.21,PUE,TEPPB,"Tepexic, Pue.",357
-97.430556,18.468889,PUE,TETPB,"Teopilco, Pue.",25.6
-97.359722,19.815278,PUE,TEZPB,"Teziutlán, Pue.",152.501
-97.876111,20.315278,PUE,TLAXCALALTON,"Tlaxcalaltongo, Pue. SGT*",339.6
-96.849722,18.405,PUE,TLPPB,"Tlacotepec de Díaz, Pue.",571.5
-97.491944,19.489167,PUE,TPYPB,"Tepeyahualco, Pue.",35.061
-96.861389,18.483611,PUE,TYAPB,"Tepeyac, Pue.",369.83
-98.050833,20.176389,PUE,UDSPB,"Universidad de la Sierra, Pue.",226.11
-97.675833,20.510278,PUE,VENPB,"Venustiano Carranza, Pue.",78
-97.956944,20.277222,PUE,XDJPB,"Xicotepec de Juárez, Pue.",553.9
-97.585,19.859722,PUE,ZCPPB,"Zacapoaxtla, Pue.",82.61
-97.011389,18.332222,PUE,ZOQPB,"Zoquitlán, Pue.",296.01
-97.832778,20.178611,PUE,ZRGPB,"Zaragoza, Pue.",79
-100.412222,20.504167,QRO,BATQT,"El Batán, Qro.",207.02
-100.435556,20.604167,QRO,CARQT,"Carrillo, Qro.",34.5
-100.080278,20.418611,QRO,CNSQT,"Constitución de 1917, Qro.",95.5
-100.453333,20.535,QRO,EPUQT,"El Pueblito, Qro.",167.02
-100.366667,20.566667,QRO,GHQQT,"Gerencia Hidalgo, Qro.",112.301
-99.9625,20.198611,QRO,IDFQT,"San Ildefonso, Qro.",111.2
-99.479722,21.230278,QRO,JLPQT,"Jalpan, Qro.",44
-100.45,20.7,QRO,JRQQT,"Juriquilla, Qro.",128.5
-100.366667,20.566667,QRO,OBSQT,"Observatorio de Querétaro, Qro.",70.11
-99.815,21.055833,QRO,PMLQT,"Peńamiller, Qro.",47.43
-100,20.3625,QRO,SJSQT,"San José, Qro.",44.4
-86.820278,21.156667,QROO,CANQR,"Cancún, Q. Roo.",32.11
-87.300556,18.755556,QROO,CHINCHORROmar,"Banco Chinchorro, Q. Roo. SEMAR*",147.828
-88.3275,18.500556,QROO,CHOQR,"Observatorio de Chetumal, Q. Roo.",268.11
-88.300833,18.518889,QROO,CHTQR,"Chetumal Tecnológico, Q. Roo.",102.6
-86.775833,21.074444,QROO,CNCQR,"Cancún Radar, Q. Roo. SMN*",24.35
-86.946111,20.51,QROO,COZQR,"Cozumel, Q. Roo.",375
-88.045,19.575556,QROO,FCRQR,"Observatorio de Felipe Carrillo Puerto, Q. Roo.",98.3
-88.459444,18.572222,QROO,INIQR,"Instituto Nacional de Innovación Agraria, Q. Roo.",66.8
-88.703611,19.752222,QROO,JMORELOS,"José María Morelos, Q. Roo. SMN*",89.2
-88.923889,18.455278,QROO,NICOLASBRAVO,"Nicolás Bravo, Q. Roo. SMN*",0
-87.077778,20.634444,QROO,PDCQR,"Playa del Carmen, Q. Roo.",48.5
-87.465556,20.1275,QROO,SIAQR,"Sian Ka'an 2, Q. Roo. SMN*",29.75
-106.654167,24.047222,SIN,ACTSI,"Acatitán, Sin.",196.5
-109.183333,25.916667,SIN,AHMSI,"Ahome, Sin.",6.5
-107.383333,25.090278,SIN,AL2SI,"El Varejonal hidrométrica, Sin.",235.21
-107.388333,25.101389,SIN,ALMSI,"Adolfo López Mateos, Sin.",232.71
-108.7,25.7,SIN,ARCSI,"Adolfo Ruíz Cortínes, Sin.",103.71
-107.466667,25.033333,SIN,AWSSI,"Andrew Weiss, Sin.",148.62
-107.5375,25.333333,SIN,BDRSI,"Badiraguato, Sin.",203.53
-108.333333,26.733333,SIN,CHOSI,"Choix Pueblo, Sin.",153.43
-108.329167,26.736111,SIN,CHXSI,"Observatorio de Choix, Sin.",179.921
-107.4,24.816667,SIN,CLCSI,"Culiacán, Sin.",124.64
-109.333333,26.1,SIN,CRRSI,"El Carrizo, Sin.",91.14
-108.065556,25.484722,SIN,EBLSI,"Lic. Eustaquio Buelna, Sin.",21.1
-108.616667,26.433333,SIN,EFTSI,"El Fuerte, Sin.",295
-108.480833,25.806667,SIN,ENASI,"Estación Naranjo, Sin.",124.62
-107.911111,25.856667,SIN,GDOSI,"Gustavo Díaz Ordaz, Sin.",134.11
-108.466667,25.716667,SIN,GSVSI,"Guasave, Sin.",89.911
-106.595833,23.955556,SIN,IXPSI,"Ixpalino, Sin.",90.171
-107.059444,24.753611,SIN,JGRSI,"Juan Guerrero Alcocer, Sin.",233.01
-106.807222,24.571667,SIN,JLPSI,"José López Portillo, Sin.",290.63
-108.712222,26.437222,SIN,JODSI,"El Sabino, Sin.",112.12
-108.7025,26.426944,SIN,JORSI,"Josefa Ortiz de Domínguez, Sin.",172.12
-106.9,23.916667,SIN,LCRSI,"La Cruz, Sin.",76.21
-109,25.8,SIN,MCHSI,"Los Mochis, Sin.",54.34
-106.4,23.233333,SIN,MZTSI,"Observatorio de Mazatlán, Sin.",181.461
-107.440556,24.634722,SIN,OBSSI,"Observatorio de Culiacán, Sin.",86.21
-108.58,26.509722,SIN,PMHSI,"Miguel Hidalgo, Sin.",191.4
-106.466667,23.5625,SIN,QLTSI,"Quelite, Sin.",85.93
-107.755833,25.124722,SIN,RAVSI,"Estación Rancho Viejo, Sin.",61.3
-105.85,22.983333,SIN,RSRSI,"Rosario, Sin.",186
-106.952778,24.484722,SIN,SCRSI,"Santa Cruz, Sin.",211.22
-108.779167,26.073611,SIN,SFRSI,"Sufragio, Sin.",81.01
-107.8425,25.486667,SIN,SJNSI,"San Juan, Sin.",245.02
-107.1,24.45,SIN,SLRSI,"San Lorenzo, Sin.",126.63
-106.695833,24.121944,SIN,SLTSI,"Ing. Aurelio Benassini Vizcaíno, Sin.",99.1
-107.151389,24.815,SIN,SNLSI,"Sanalona, Sin.",208.26
-106.25,23.35,SIN,SQRSI,"Siqueros, Sin.",138.26
-109.070278,25.590833,SIN,TOPOLOBAMPOmar,"Topolobampo, Sin. SEMAR*",20.01
-105.846944,23.088333,SIN,TORSI,"Las Tortugas, Sin.",140.51
-108.358611,25.739167,SIN,ZOPSI,"El Zopilote, Sin.",92.12
-98.558333,21.972222,SLP,AJTSL,"Las Adjuntas, S.L.P.",17.1
-98.955833,21.748889,SLP,BLMSL,"Ballesmi, S.L.P.",82.4
-99.030833,21.979722,SLP,CDVALLES,"Ciudad Valles, S.L.P. SMN*",10.2
-99.016667,21.983333,SLP,CDVSL,"Ciudad Valles, S.L.P.",48
-99.239444,21.906944,SLP,GANSL,"Gallinas, S.L.P.",35
-100.820556,21.88,SLP,IVGSL,"Valentín Gama, S.L.P.",27.14
-100.665833,23.6475,SLP,MA2SL,"Matehuala, S.L.P. SMN*",22.8
-100.642778,23.656944,SLP,MATSL,"Matehuala, S.L.P.",26.24
-99.159444,22.12,SLP,MICSL,"Micos, S.L.P.",24.71
-98.8,21.333333,SLP,MTPSL,"Observatorio de Matlapa, S.L.P.",142.02
-99.32,22.523333,SLP,NRJSL,"Naranjos, S.L.P.",81.41
-100.762222,21.849722,SLP,OCTSL,"Ojo Caliente, S.L.P.",27.13
-99.830556,21.651111,SLP,PMYSL,"Pedro Montoya, S.L.P.",50.53
-98.939722,21.847222,SLP,PUJSL,"El Pujal, S.L.P.",46.1
-98.888611,21.425,SLP,RQTSL,"Requetemu, S.L.P.",83.2
-99.995,21.931389,SLP,RVDSL,"Observatorio de Río Verde, S.L.P.",12.31
-101,22.2,SLP,SGRSL,"Soledad Graciano, S.L.P.",46.92
-101.019167,22.148056,SLP,SLPSL,"Observatorio de San Luis Potosí, S.L.P.",11.8
-99.055833,22.02,SLP,STRSL,"Santa Rosa, S.L.P.",30.4
-98.617222,21.692778,SLP,SVTSL,"San Vicente, S.L.P.",14.4
-99.146111,21.822222,SLP,TANCHACHIN,"Tanchachín, S.L.P. SGT*",22
-98.857222,21.246667,SLP,TBLSL,"Tierra Blanca, S.L.P.",165.2
-98.773333,22.003611,SLP,TMISL,"Observatorio de Tamuín, S.L.P.",45.4
-98.758889,21.241111,SLP,TMTSL,"Temamatla, S.L.P.",189.2
-101.9125,22.831944,SLP,VRASL,"Villa de Ramos, S.L.P.",37.5
-110.226111,29.825,SON,ACNSO,"Aconchi, Son.",74.51
-108.937778,27.021667,SON,ALMSO,"Álamos, Son.",154.9
-111.733333,30.716667,SON,ALTSO,"Observatorio de Altar, Son.",18.51
-109.8925,27.8225,SON,AOBSO,"Álvaro Obregón, Son.",121.6
-109.106667,27.226111,SON,ARCSO,"Adolfo Ruíz Cortínes, Son.",114.35
-110.92,29.076667,SON,ARLSO,"Abelardo Rodríguez Luján, Son.",27.51
-110.1675,30.335833,SON,ARZSO,"Arizpe, Son.",76.51
-111.83,28.75,SON,BAHIAKINO,"Bahía de Kino, Son. SMN*",11.25
-110.238611,30.598889,SON,BCNSO,"Bacanuchi, Son.",79.22
-112.435278,30.771944,SON,CABORCA,"Caborca, Son. SMN*",11.2
-109.625,27.416667,SON,CCRSO,"Cocoraque, Son.",60.5
-111.516389,30.873333,SON,CHTSO,"Cuauhtémoc, Son.",53
-110.736389,29.472222,SON,CJNSO,"El Cajón, Son.",32.05
-110.290833,30.98,SON,CNNSO,"Cananea, Son.",85.85
-109.938056,27.5,SON,COBSO,"Observatorio de Ciudad Obregón, Son.",59.8
-108.7625,26.603611,SON,CZNSO,"Cazanate, Son.",126.22
-110.8,27.95,SON,EPLSO,"Observatorio de Empalme, Son.",39
-110.85,27.95,SON,GYMSO,"Guaymas, Son.",37.92
-110.916667,29.066667,SON,HM2SO,"Observatorio de Hermosillo, Son.",25.01
-110.925833,29.073056,SON,HMNSO,"Hermosillo, Son.",24.71
-108.957222,30.210556,SON,HSHSO,"Huachinera, Son.",68.03
-110.886944,30.761667,SON,IMRSO,"Imuris, Son.",115.41
-110.396944,28.426389,SON,IRASO,"Ignacio R. Alatorre, Son.",44.34
-109.378889,30.437778,SON,LCDSO,"Lázaro Cárdenas, Son.",36.8
-110.783333,29.183333,SON,MLNSO,"El Molinito, Son.",39.72
-110.947222,31.318889,SON,NGLSO,"Nogales, Son.",47.9
-110.913889,31.297778,SON,NOGALES,"Nogales, Son. SMN*",57.2
-112.85,31.866667,SON,NYNSO,"Sonoyta, Son.",6.01
-109.642222,28.976667,SON,PECSO,"Plutarco Elías Calles, Son.",19.71
-113.304722,31.68,SON,PINACATE,"El Pinacate, Son. SMN*",4.2
-110.725556,29.2125,SON,PMOSO,"Ing. Rodolfo Félix Valdés, Son.",39.72
-113.550833,31.352778,SON,PT2SO,"Observatorio de Puerto Peńasco, Son.",15.09
-110.308333,28.472222,SON,PTASO,"Punta de Agua 2, Son.",70.05
-112.116667,30.697778,SON,PTQSO,"Pitiquito, Son.",0.03
-111.021389,30.050556,SON,QRBSO,"Querobabi, Son.",45.02
-108.876667,27.411944,SON,SBNSO,"San Bernardo, Son.",80.57
-110.239167,28.713333,SON,SJPSO,"San José de Pimas, Son.",0
-112.846389,31.865278,SON,SONOYTA,"Sonoyta, Son. SMN*",6.2
-111.445278,30.394722,SON,SRSSO,"Santa Rosa 2, Son.",14.07
-109.5,29.534722,SON,TPCSO,"Tepache, Son.",97.82
-109.2125,27.658333,SON,TSOSO,"Tesocoma, Son.",100.82
-110.289722,27.643611,SON,VCMSO,"Vícam, Son.",45.64
-110.299167,27.639167,SON,VICAM,"Vícam, Son. SGT*",33.8
-108.927778,28.371389,SON,YCRSO,"Yécora, Son.",176.64
-91.483333,17.433333,TAB,BDCTB,"Boca del Cerro, Tab.",301.1
-93.376389,18.001111,TAB,CARTB,"Cárdenas, Tab.",97.3
-92.814722,18.043611,TAB,EPOTB,"El Porvenir, Tab.",208.9
-92.911389,17.9675,TAB,GAVIOTAS,"Gaviotas Villahermosa, Tab. SGT*",0.5
-93,17.975,TAB,GONTB,"González, Tab.",253.9
-93.066667,17.966667,TAB,GONZALEZ,"González, Tab. SGT*",210.4
-92.6,17.766667,TAB,MACTB,"Macuspana, Tab.",176.3
-93.316111,17.954444,TAB,MEZCALAPA,"Mezcalapa, Tab. SGT*",103.5
-92.929444,17.98,TAB,OBSTB,"Observatorio de Villahermosa, Tab.",177.7
-92.7425,17.404444,TAB,OXOLOTANCFE,"Oxolotán, Tab. CFE*",285.5
-92.75,17.380556,TAB,OXOTB,"Oxolotán, Tab.",215.6
-93.33,18.42,TAB,PARAISO,"Paraíso, Tab. SMN*",22
-92.879167,17.854167,TAB,PNVTB,"Pueblo Nuevo, Tab.",189.5
-93.622778,18.175,TAB,POBLADOC11,"Poblado C11, Tab. SGT*",49
-92.877222,18.010833,TAB,PORVENIR,"Porvenir, Tab. SGT*",180.1
-92.868611,17.865278,TAB,PUEBLONUEVO,"Pueblo Nuevo, Tab. SGT*",170
-92.9375,17.566667,TAB,PUYTB,"Puyacatengo, Tab.",609.8
-93.275556,17.996944,TAB,SAMTB,"Samaria, Tab.",173.1
-91.158333,17.791667,TAB,SPTTB,"San Pedro, Tab.",193.3
-92.778611,17.456944,TAB,TAPTB,"Tapijulapa, Tab.",214.7
-92.966667,17.566667,TAB,TEATB,"Teapa, Tab.",537
-93.8325,17.965556,TAB,ZAMAPA2ASECC,"Zamapa 2a. Sección, Tab. Protección Civil*",48.2
-93.968611,17.934444,TAB,ZANAPA,"Zanapa, Tab. SGT*",0.1
-98.370556,24.046667,TAMPS,ABASOLO,"Abasolo, Tamps. SGT*",2
-98.39,24.065556,TAMPS,ABSTP,"Abasolo, Tamps.",0.4
-97.926944,22.386111,TAMPS,BALTP,"Bombas Altamira, Tamps.",70.5
-99.215278,24.103333,TAMPS,BARRETALI,"Barretal Uno, Tamps. SGT*",11
-99.214444,24.102778,TAMPS,BARRETALII,"Barretal Dos, Tamps. SGT*",0.3
-99.123056,24.080556,TAMPS,BR1TP,"El Barretal Uno, Tamps.",9
-97.876111,22.238333,TAMPS,BTCHAIREL,"Boca Toma Chairel, Tamps. SGT*",2.1
-98.5975,26.238056,TAMPS,CDOTP,"S-J-2-18 Ciudad Díaz Ordaz, Tamps.",49.5
-98.8,26.25,TAMPS,CMGTP,"S-J-2-11 Camargo, Tamps.",0
-99.148611,26.430556,TAMPS,CMRTP,"Mier, Tamps.",0
-97.817778,25.966389,TAMPS,CONTP,"Control, Tamps.",49.5
-98.935833,23.939167,TAMPS,CORTP,"Corona, Tamps.",0
-99.166667,23.716667,TAMPS,CVCTP,"Observatorio de Ciudad Victoria, Tamps.",2.75
-99.1875,23.730278,TAMPS,CVTTP,"Ciudad Victoria, Tamps.",0.6
-99.078611,23.384444,TAMPS,ENNTP,"La Encantada, Tamps.",59.1
-98.691667,22.605,TAMPS,ERCTP,"Estudiante Ramiro Caballero Dorantes, Tamps.",78.4
-99.154722,23.046667,TAMPS,GOMEZFARIAS,"Gómez Farías, Tamps. SGT*",32.3
-98.405278,22.798611,TAMPS,GONZALEZTP,"González, Tamps. SGT*",19
-97.953333,23.166389,TAMPS,LAETP,"La Esperanza, Tamps.",40.7
-99.548333,26.816944,TAMPS,LASTORTILLASC,"Las Tortillas Río Salado, Tamps. CILA*",0
-99.233611,26.408889,TAMPS,LBLTP,"Derivadora Las Blancas, Tamps.",0
-99.120556,22.852778,TAMPS,LSRTP,"La Servilleta, Tamps.",56.23
-99.551111,24.566667,TAMPS,MAGTP,"Magueyes, Tamps.",11.2
-99.546944,24.570278,TAMPS,MAGUEYES,"Magueyes, Tamps. SGT*",10.8
-97.522778,25.833333,TAMPS,MATTP,"Matamoros, Tamps.",4.01
-97.844167,22.283889,TAMPS,MDRTP,"Madero, Tamps.",0
-98.586389,25.1175,TAMPS,MENTP,"Mendez, Tamps.",0.5
-99.040833,26.374167,TAMPS,MGATP,"S-J-1-2 Miguel Alemán, Tamps.",0
-98.705556,22.795833,TAMPS,MGSTP,"Magiscatzín Dos, Tamps.",44.4
-98.713611,22.797222,TAMPS,MGZTP,"Magiscatzín, Tamps.",44.4
-99.434444,24.2525,TAMPS,MHGTP,"Miguel Hidalgo, Tamps.",0.9
-98.925556,26.204722,TAMPS,MRGTP,"Marte Rodolfo Gómez, Tamps.",0
-98.633889,22.494444,TAMPS,NVAAPOLONIA,"Nueva Apolonia, Tamps. SGT*",92.4
-98.901944,24.041389,TAMPS,PADILLA,"Padilla, Tamps. SGT*",2.3
-98.9,24.05,TAMPS,PADTP,"Padilla, Tamps.",2.1
-97.8,25.8,TAMPS,PANTP,"Pueblo Anáhuac, Tamps.",8.6
-98.745833,23.726667,TAMPS,PDMTP,"Paso de Molina, Tamps.",61
-98.867778,24.115,TAMPS,PILON,"Pilón, Tamps. SGT*",4.8
-99.019167,24.208056,TAMPS,PILTP,"Pilón, Tamps.",0
-99.555833,24.2475,TAMPS,PJMTP,"Pedro José Méndez, Tamps.",11.2
-99.554444,24.236667,TAMPS,PPJMENDEZ,"Presa Pedro José Méndez, Tamps. SGT*",0.28
-99.5975,24.184167,TAMPS,PTODEVALLES,"Puerto de Valles, Tamps. SGT*",1.7
-99.026111,22.843056,TAMPS,RFRTP,"Río Frío, Tamps.",68.84
-98,25.966667,TAMPS,RIBTP,"Río Bravo, Tamps.",61.91
-97.991944,23.259444,TAMPS,RSPTP,"República Espańola, Tamps.",12.9
-98.285833,26.079722,TAMPS,RYATP,"S-J-3-42 Reynosa, Tamps.",23
-99.093056,23.031389,TAMPS,SBNTP,"Sabinas, Tamps.",55.1
-98.869444,22.784444,TAMPS,SDATP,"Saca de Agua, Tamps.",53.4
-98.787222,23.083611,TAMPS,SGBTP,"San Gabriel, Tamps.",25.01
-98.208889,23.762222,TAMPS,SLMTP,"Observatorio de Soto la Marina, Tamps.",12.5
-98.791389,22.943889,TAMPS,SLZTP,"Lic. Emilio Portes Gil, Tamps.",38.21
-99.274167,24.0225,TAMPS,STETP,"Santa Engracia, Tamps.",0.1
-97.876111,22.238333,TAMPS,TMPTP,"Tampico, Tamps.",60.4
-98.422778,22.423889,TAMPS,TMSTP,"Tamesí, Tamps.",97.1
-99.434722,24.252222,TAMPS,TOMASENO,"El Tomaseńo, Tamps. SGT*",0
-97.804167,25.906111,TAMPS,VCATP,"Villa Cárdenas, Tamps.",68.2
-98.666389,23.959444,TAMPS,VGRTP,"Vicente Guerrero, Tamps.",8.1
-97.8,25.7,TAMPS,VHMTP,"Valle Hermoso, Tamps.",6
-99.488611,24.303889,TAMPS,VILLAGRAN,"Villagrán, Tamps. SMN*",11
-99.551111,24.566667,TAMPS,VSMTP,"Victoria San Marcos, Tamps.",7.8
-98.131111,19.428611,TLAX,APITL,"Apizaco, Tlax.",139
-98.563889,19.586111,TLAX,CPPTL,"Calpulalpan, Tlax.",105.3
-97.769722,19.298889,TLAX,CUATL,"Cuapiaxtla, Tlax.",24.7
-97.6475,19.318056,TLAX,ECTTL,"El Carmen Tequexquitla, Tlax.",28.02
-98.246944,19.324722,TLAX,OBSTL,"Observatorio de Tlaxcala, Tlax.",223
-98.200556,19.556111,TLAX,SJATL,"San José Atlanga, Tlax.",159.5
-98.243056,19.219444,TLAX,ZACTL,"Zacatelco, Tlax.",139.2
-97.908056,19.200278,TLAX,ZITTL,"Zitlaltepec, Tlax.",56.81
-96.843889,19.695833,VER,ACAVC,"Acatlán, Ver.",296.03
-96.583333,19.495278,VER,ACTOPANVER,"Actopan, Ver. SGT*",151.8
-96.5875,19.495,VER,ACTVC,"Actopan, Ver.",251.21
-94.144444,18.141667,VER,AGDVC,"Agua Dulce, Ver.",90
-97.68,20.93,VER,ALAVC,"Álamo Temapache, Ver.",140
-97.234722,19.7625,VER,ALTVC,"Altotonga, Ver.",118.22
-95.4375,18.583333,VER,ARCVC,"Ángel Rosario Cabada, Ver.",539.53
-96.944444,19.588889,VER,BANVC,"Banderilla, Ver.",188
-96.933333,19.483333,VER,BRIVC,"Briones, Ver.",154.42
-96.971667,19.948889,VER,BUVVC,"Buena Vista Protección Civil, Ver.",185.4
-94.253889,17.954444,VER,CB2VC,"Planta de Bombeo 2 de La Cangrejera, Ver.",247
-95.8,18.3,VER,CCLVC,"Chacaltianguis, Ver.",147.91
-96.697778,19.433056,VER,CEGVC,"Cerro Gordo, Ver.",169.5
-96.9025,20.172778,VER,CEPVC,"Pital Protección Civil, Ver",60.52
-96.853611,18.563333,VER,CHMVC,"Chicomapa, Ver.",631.61
-98.155833,21.7375,VER,CHYVC,"Paso de Piedras, Ver.",47.9
-97.545,21.068333,VER,CLHVC,"Chalahuite, Ver.",101.82
-94.406667,18.149722,VER,COATZACOALCOmar,"Coatzacoalcos, Ver. SEMAR*",255.68
-94.4,18.1,VER,COTVC,"Observatorio de Coatzacoalcos, Ver.",577.16
-96.374444,19.364722,VER,CRDVC,"Cardel, Ver.",303.13
-95.295833,18.144444,VER,CTTVC,"Cuatotolapan, Ver.",333.01
-96.666389,19.361667,VER,CUMVC,"La Cumbre, Ver.",143.61
-95.970833,19.040833,VER,ELSALADOmar,"El Salado, Ver. SEMAR*",222.504
-96.36,19.405833,VER,ENRVC,"El Naranjillo, Ver.",330
-96.158333,19.068889,VER,ETEVC,"El Tejar, Ver.",356.3
-96.9975,18.897778,VER,FORVC,"Fortín, Ver.",246.9
-95.556944,18.270556,VER,GARVC,"Garro, Ver.",161.51
-98.459167,21.773611,VER,HGOVC,"El Higo, Ver.",0
-98.2875,21.194444,VER,HLSVC,"Los Hules, Ver.",18
-96.950833,19.181667,VER,HTSVC,"Huatusco, Ver.",342.8
-96.554167,19.404167,VER,IDOVC,"Ídolos, Ver.",275.61
-97.2175,21.471667,VER,ISLALOBOSmar,"Isla Lobos, Ver. SEMAR*",162.4
-95.033333,17.433333,VER,JCRVC,"Jesús Carranza, Ver.",322.5
-94.088889,17.873611,VER,JDCVC,"San José del Carmen, Ver.",415.97
-97.021111,19.603611,VER,JOYVC,"La Joya, Ver.",399.81
-95.35,18.25,VER,LAUVC,"Lauchapan, Ver.",156.11
-94.330833,18.109444,VER,LCAVC,"La Cangrejera, Ver.",517.51
-95.118333,18.415833,VER,LDCVC,"Canseco, Ver.",331.1
-97.231944,18.922778,VER,LGRVC,"Loma Grande, Ver.",92
-96.411111,19.261389,VER,LOFVC,"Loma Fina, Ver.",267.51
-94.916667,17.416667,VER,LPEVC,"Las Perlas, Ver.",423
-97.1,19.65,VER,LVRVC,"Las Vigas de Ramírez, Ver.",183.3
-97.048333,20.0675,VER,MDTVC,"Martínez de la Torre, Ver.",153.7
-96.333333,19.15,VER,MFAVC,"Manlio Fabio Altamirano, Ver.",225.04
-94.771111,18.135278,VER,MNZVC,"Minzapan, Ver.",306.72
-98.5125,21.840278,VER,OLVVC,"El Olivo, Ver.",71.5
-97.1,18.85,VER,ORZVC,"Observatorio de Orizaba, Ver.",561.94
-96.97,19.55,VER,OTIVC,"Otilpan, Ver.",273.1
-96.399444,18.837778,VER,PARVC,"Paso Real Protección Civil, Ver.",65.13
-94.3775,18.103611,VER,PB3VC,"Planta de Bombeo 3 de La Cangrejera, Ver.",580.03
-94.193611,17.872778,VER,PCNVC,"Planta de Bombeo 1 de La Cangrejera, Ver.",223.05
-97.814444,21.184444,VER,PEMVC,"El Moralillo, Ver.",69
-96.210833,18.931389,VER,PEPVC,"La Pepehua Protección Civil, Ver.",33.84
-97.268333,19.545,VER,PEROTESMN,"Perote, Ver. SMN*",26.17
-96.979722,19.588611,VER,PILVC,"Piletas, Ver.",311.31
-98.176667,22.06,VER,PNCVC,"Pánuco, Ver.",106.9
-97.475,20.543333,VER,POZARICA,"Poza Rica, Ver. SGT*",89.9
-97.316667,20.45,VER,PPNVC,"Papantla, Ver.",58.82
-97.478333,20.540833,VER,PRCVC,"Poza Rica, Ver.",48.51
-98.356667,21.297778,VER,PSNVC,"Platón Sánchez, Ver.",46.7
-96.665,19.043333,VER,PTE4CAMINOS,"Puente Cuatro Caminos, Ver. SGT*",97
-96.795278,18.888056,VER,PTNVC,"Potrero Nuevo, Ver.",150.01
-95.627778,18.716667,VER,RALVC,"Radar Alvarado, Ver.",200.71
-97.809722,20.887222,VER,SBTVC,"Sombrerete, Ver.",63.58
-96.921389,19.578611,VER,SEDVC,"Sedeńo, Ver.",211.7
-95.133333,17.883333,VER,SJEVC,"San Juan Evangelista, Ver.",242.11
-97.293056,19.696944,VER,SNTVC,"Santa Ana Protección Civil, Ver.",30.11
-95.033333,18.516667,VER,SONVC,"Sontecomapan, Ver.",384.83
-95.212778,18.450833,VER,STXVC,"San Andrés Tuxtla AC, Ver.",139.7
-96.488889,19.338889,VER,TAMVC,"Tamarindo, Ver.",235.01
-96.966667,19.45,VER,TAPVC,"Tapachapan, Ver.",266.1
-97.125278,18.579722,VER,TLQVC,"Tlaquilpa, Ver.",216.14
-94.163333,17.571944,VER,TMOVC,"Tierra Morada, Ver.",181.22
-98.409444,21.499722,VER,TMPVC,"Tempoal, Ver.",23.33
-96.916667,19.811111,VER,TNCVC,"Tenochtitlán, Ver.",296.28
-97.2225,19.921944,VER,TOMVC,"Tomata, Ver.",240.01
-96.950278,19.233611,VER,TOTVC,"Totutla, Ver.",313.54
-98.153056,21.039722,VER,TRRVC,"Terrerillos, Ver.",41
-97.4,20.955556,VER,TXPVC,"Observatorio de Tuxpan, Ver.",76.94
-95.416667,18.466667,VER,TZAVC,"Tres Zapotes, Ver.",146.72
-96.111111,19.154167,VER,VERVC,"Observatorio de Veracruz, Ver.",505.33
-96.613889,19.022222,VER,VTEVC,"Villa Tejeda, Ver.",180.7
-96.85,19.55,VER,XCFVC,"Xalapa CFE, Ver.",211.53
-96.903889,19.542222,VER,XCRVC,"Xalapa Cristal, Ver.",215.93
-96.901111,19.534722,VER,XDAVC,"Xalapa Dos de Abril, Ver.",149.43
-96.916667,19.533333,VER,XOBVC,"Observatorio de Xalapa, Ver.",156.3
-96.871667,19.511667,VER,XOLVC,Xalapa Olmos,151.43
-96.894444,19.555833,VER,XSUVC,"Xalapa Sumidero, Ver.",150.43
-96.777778,19.863889,VER,YECVC,"Yecuatla, Ver.",318.2
-97.388889,19.413889,VER,ZALVC,"Zalayeta, Ver.",16
-89.681111,20.649444,YUC,ABAYC,"Abalá, Yuc.",116
-89.218889,19.883056,YUC,BECYC,"Becanchén, Yuc.",63
-89.081667,20.463056,YUC,CANYC,"Cantamayec, Yuc.",119
-90.3825,20.858056,YUC,CELYC,"Celestún, Yuc. SMN*",110.8
-89.829444,20.752778,YUC,CHOYC,"Chocholá, Yuc.",168.3
-89.638056,21.03,YUC,CICYC,"Centro de Investigación Científica, Yuc.",144.2
-87.676667,21.5125,YUC,CYOYC,"El Cuyo, Yuc.",155.9
-89.583611,20.983889,YUC,EZAYC,"Emiliano Zapata, Yuc.",156.02
-89.658056,20.984167,YUC,GARYC,"Organismo de Cuenca Península de Yucatán, Yuc.",195.52
-89.612778,20.986111,YUC,GEEYC,"Gerencia, Yuc.",195.51
-89.681944,22.384167,YUC,ISLAPEREZmar,"Isla Pérez, Yuc. SEMAR*",0
-89.651111,20.946389,YUC,MEOYC,"Observatorio de Mérida, Yuc.",102.99
-89.4375,21.105556,YUC,MOCYC,"Mocochá, Yuc.",134.2
-89.291667,21.094167,YUC,MTOYC,"Motul, Yuc.",188.33
-89.711667,20.493333,YUC,MUNYC,"Muna, Yuc.",120.01
-89.394722,20.290556,YUC,OXKYC,"Oxkutzcab, Yuc.",96.53
-88.930833,20.1325,YUC,PETYC,"Peto, Yuc.",119.06
-89.653889,21.275833,YUC,PROYC,"Observatorio de Progreso, Yuc.",65.21
-88.160278,21.571111,YUC,RILYC,"Río Lagartos, Yuc. SMN*",21.6
-89.558056,20.397778,YUC,TICYC,"Ticul, Yuc.",61.7
-87.988889,21.161389,YUC,TIZIMIN,"Tizimín, Yuc. SMN*",18
-88.1725,21.158611,YUC,TIZYC,"Tizimín, Yuc.",133.7
-88.204167,20.69,YUC,VALYC,"Observatorio de Valladolid, Yuc.",280.81
-103.459167,21.811389,ZAC,ATGZC,"Atolinga, Zac.",185
-102.733889,23.602222,ZAC,CFPZC,"Cańitas de Felipe Pescador, Zac",44.4
-102.896111,21.997222,ZAC,CHIZC,"El Chique, Zac.",89.41
-101.389167,24.621389,ZAC,CORZC,"Concepción del Oro, Zac.",39
-102.347222,22.453056,ZAC,CUAZC,"Ciudad Cuauhtémoc, Zac.",36
-103.098333,23.693333,ZAC,ELCZC,"El Cazadero, Zac.",69.43
-102.040833,22.673056,ZAC,ELSZC,"El Saladillo, Zac.",78.55
-103.35,21.645833,ZAC,EXCZC,"Miguel Alemán, Zac.",152.11
-102.890833,23.173889,ZAC,FREZC,"Fresnillo, Zac.",55.3
-102.506667,22.746667,ZAC,GPEZC,"Guadalupe, Zac.",71.12
-103.397778,24.281667,ZAC,JALZC,"Juan Aldama, Zac.",49.7
-103.114167,21.404722,ZAC,JCHZC,"Juchipila, Zac.",191.75
-103.001944,22.642778,ZAC,JERZC,"Jerez, Zac.",89.88
-103.6025,22.686111,ZAC,LAFLORIDA,"La Florida, Zac. SMN*",134.2
-102.566944,22.778889,ZAC,LBUZC,"Observatorio de Zacatecas, Zac.",73.32
-103.603056,22.686944,ZAC,LFLZC,"La Florida, Zac.",113.53
-102.660556,22.996944,ZAC,LLBZC,"Llano Blanco, Zac.",42.24
-102.251667,22.438611,ZAC,LMOZC,"Luis Moya, Zac.",44.07
-103.382778,22.845278,ZAC,LOBZC,"Manuel Felgueres, Zac.",130
-101.985556,22.264722,ZAC,LORZC,"Loreto, Zac.",48.51
-103.216944,23.18,ZAC,LREZC,"Gobernador Leobardo Reynoso, Zac.",57.22
-103.443056,24.287222,ZAC,MGAZC,"Miguel Auza, Zac.",58.72
-103.363889,21.2125,ZAC,MORZC,"Mezquital del Oro, Zac.",188.52
-103.561667,22.306944,ZAC,MRSZC,"Monte Escobedo, Zac.",115.92
-102.845556,21.3575,ZAC,NCTZC,"Nochistlán, Zac.",117.43
-102.615,24.983056,ZAC,NTAZC,"Nuevo Tampico, Zac.",17.65
-101.399167,22.1175,ZAC,PINZC,"Pino Suárez, Zac.",99
-102.903611,21.711111,ZAC,PMOZC,"Los Moraleńos, Zac.",154.51
-103.025833,23.816944,ZAC,RGRZC,"Río Grande, Zac.",127.32
-102.884444,24.322222,ZAC,SFOZC,"San Francisco, Zac.",60.73
-103.506111,24.288611,ZAC,SGOZC,"Santiago, Zac.",111.85
-103.636667,23.638889,ZAC,SOMZC,"Observatorio de Sombrerete, Zac.",50.82
-103.495833,22.326667,ZAC,STEZC,"Independencia Nacional, Zac.",89.61
-103.108889,22.923611,ZAC,STRZC,"Santa Rosa, Zac.",101.3
-102.864167,22.120556,ZAC,TAYZC,"Ing. Julián Adame Alatorre, Zac.",62.56
-103.879722,23.471944,ZAC,TCHZC,"Chalchihuites, Zac.",90.03
-103.461944,21.468611,ZAC,TGOZC,"Teúl de González Ortega, Zac.",111.81
-103.309444,21.773611,ZAC,TLLZC,"Tlaltenango, Zac.",106.32
-101.715833,22.3475,ZAC,VHGZC,"Villa Hidalgo, Zac.",12.61
-103.3375,21.588889,ZAC,VILZC,"José María Morelos, Zac.",122.53
-102.506111,22.746667,ZAC,ZA2ZC,"Zacatecas, Zac. SMN*",43.17
-102.576667,22.761389,ZAC,ZACZC,"Zacatecas, Zac.",66.65
