LON,LAT,EDO,CLAVE,ESTACION,mar-23
-102.309722,21.895,AGS,AGSAG,"Aguascalientes, Ags.",0
-102.585833,22.177222,AGS,ALMAG,"Alamitos, Ags.",0
-102.712222,21.849167,AGS,CALVILLO,"Calvillo, Ags. SMN*",0
-102.464167,22.188611,AGS,ANVAG,"Cincuenta Aniversario, Ags.",0
-102.296667,22.362778,AGS,CSOAG,"Cosío, Ags.",0
-102.4375,22.235,AGS,PTRAG,"Derivadora Pabellón, Ags.",0
-102.371667,21.78,AGS,NGRAG,"El Niágara, Ags.",1.4
-102.356944,22.121667,AGS,JCQAG,"Jocoque, Ags.",0
-102.676944,21.9975,AGS,CDRAG,"La Codorniz, Ags.",0
-101.992222,21.897778,AGS,CNSAG,"Los Conos, Ags.",0.01
-102.788333,21.8075,AGS,MNLAG,"Media Luna, Ags.",0
-102.290556,21.850833,AGS,OBSAG,"Observatorio de Aguascalientes, Ags.",0
-102.279167,22.147222,AGS,PBLAG,"Pabellón, Ags.",0
-102.417222,22.141111,AGS,PECAG,"Plutarco Elías Calles, Ags.",0
-102.465,22.189167,AGS,P50ANIV,"Presa Cincuenta Aniversario, Ags. SMN*",0
-102.135,22.202778,AGS,PTOAG,"Puerto de la Concepción, Ags.",0
-116.908333,32.444722,BC,ALRBN,"Abelardo L. Rodríguez, B.C.",95.5
-116.908333,32.4475,BC,PABELARLRDGZ2,"Abelardo L. Rodríguez. 2, B.C. SMN*",90.6
-116.204167,32.271944,BC,AGHBN,"Agua Hechicera, B.C.",83.5
-116.696944,32.479444,BC,CRRBN,"El Carrizo, B.C.",103.5
-116.828333,32.468056,BC,EFLBN,"El Florido, B.C.",85.6
-116.302778,32.516389,BC,HNGBN,"El Hongo, B.C.",85.2
-116.6025,31.890278,BC,ELZBN,"Emilio López Zamora, B.C.",105.7
-114.728056,32.705,BC,JMRBN,"Interconexión José María Morelos y Pavón, B.C.",6.01
-116.205556,32.272222,BC,RUMOROSA,"La Rumorosa, B.C. SMN*",92.55
-115.27,32.39,BC,MXCBN,"Mexicali, B.C.",6.72
-115.15,32.411111,BC,ENLBN,"Observatorio de Ejido Nuevo León, B.C.",2.2
-115.191944,32.412778,BC,ENVOLEONob,"Observatorio de Ejido Nuevo León, B.C. SMN*",2.4
-114.85,31.033333,BC,SFLBN,"Observatorio de San Felipe, B.C.",0
-114.834444,31.028056,BC,SFELIPEob,"Observatorio de San Felipe, B.C. SMN*",0
-117.071389,32.3775,BC,PLAYAROSARITO,"Playa Rosarito, B.C. SMN*",0.2
-116.603333,31.891667,BC,PLOPEZZAMORA,"Presa Emilio López Zamora, B.C. SMN*",107.79
-116.64,31.704444,BC,PTBBN,"Punta Banda, B.C.",97
-115.931389,30.517222,BC,ENBBN,"San Quintín, B.C.",21.6
-115.9375,30.531111,BC,SQNBN,"San Quintín, B.C. SMN*",19.39
-116.661667,32.568611,BC,TECATE,"Tecate, B.C. SMN*",97.19
-109.925833,22.8975,BCS,CSLBS,"Cabo San Lucas, B.C.S.",0
-113.457778,27.643611,BCS,DORBS,"Díaz Ordaz, B.C.S.",1.72
-109.995,24.083889,BCS,SARBS,"El Sargento, B.C.S.",0.01
-114.051944,27.963056,BCS,GNGBS,"Guerrero Negro, B.C.S.",3.63
-109.591389,23.593056,BCS,RBRBS,"La Ribera, B.C.S.",0.6
-109.697222,23.680556,BCS,LBABS,"Los Barriles, B.C.S.",0.01
-109.934167,23.9675,BCS,PLNBS,"Los Planes, B.C.S.",0.01
-111.983056,26.896111,BCS,MLGBS,"Mulegé, B.C.S.",0.01
-111.663611,25.009722,BCS,CCNBS,"Observatorio de Ciudad Constitución, B.C.S.",0
-110.366667,24.15,BCS,LPZBS,"Observatorio de La Paz, B.C.S.",0
-110.316667,24.116667,BCS,LAPAZob,"Observatorio de La Paz, B.C.S. SMN*",0
-111.349167,26.011667,BCS,LRTBS,"Observatorio de Loreto, B.C.S.",0
-112.272778,27.337778,BCS,SRLBS,"Observatorio de Santa Rosalía, B.C.S.",1.4
-111.829444,24.481111,BCS,PCORTESmar,"Puerto Cortés, B.C.S. SEMAR*",0.5
-110.059167,23.805,BCS,SANBS,"San Antonio, B.C.S.",0.01
-109.843889,23.738333,BCS,SBABS,"San Bartolo, B.C.S.",0
-109.708333,23.118889,BCS,SJCBS,"San José del Cabo, B.C.S.",0
-109.713611,23.490278,BCS,SNTBS,"Santiago, B.C.S.",0.01
-109.998611,23.555556,BCS,SLAGUNA,"Sierra La Laguna, B.C.S. SMN*",0.2
-110.210556,23.478889,BCS,TSNBS,"Todos Santos, B.C.S.",0.01
-89.743889,20.003889,CAMP,BOLCA,"Bolonchén, Camp.",39.3
-90.544167,19.838333,CAMP,CMPCA,"Campeche, Camp.",3
-90.575556,19.295,CAMP,CANCA,"Canasayab, Camp.",14.01
-91.046111,18.183056,CAMP,CNDCA,"Candelaria, Camp.",54
-90.72,19.361667,CAMP,CHMCA,"Champotón, Camp.",7
-91.761389,18.654167,CAMP,CARCA,"El Carmen, Camp.",189.8
-90.741111,18.604444,CAMP,ESCCA,"Escárcega, Camp.",12
-90.105556,20.184167,CAMP,HECCA,"Hecelchakán, Camp.",30
-89.848333,19.751944,CAMP,HPOCA,"Hopelchén, Camp.",11.5
-90.820833,18.056944,CAMP,MONCLOVACAMP,"Monclova, Camp. SMN*",49.4
-90.221389,19.605833,CAMP,NYXCA,"Noh-Yaxché, Camp.",6.1
-90.507222,19.838611,CAMP,COBCA,"Observatorio de Campeche, Camp.",3.8
-92.086944,18.253056,CAMP,PLZCA,"Palizada, Camp.",210.5
-91.175833,18.972778,CAMP,SBNCA,"Sabancuy, Camp.",51
-89.860278,19.664444,CAMP,XCPCA,"Xcupil, Camp.",11.41
-89.396111,18.502222,CAMP,XPJCA,"Xpujil, Camp.",5
-90.310833,19.013611,CAMP,YOHALTUM,"Yohaltún, Camp. SMN*",0.5
-107.482778,28.481667,CHIH,AGZCH,"Abraham González, Chih.",29
-107.255556,28.771667,CHIH,BACCH,"Bachíniva, Chih.",34
-107.723611,27.033611,CHIH,BTPCH,"Batopilas, Chih.",17.4
-106.167778,28.570556,CHIH,CHUCH,"Chihuahua, Chih.",30.01
-106.770556,26.229444,CHIH,CHNCH,"Chinatú, Chih. SMN*",0
-108.541667,27.416667,CHIH,CNDCH,"Chínipas, Chih.",59.5
-108.535556,27.392222,CHIH,CHICH,"Chínipas, Chih. SMN*",30.48
-106.84,28.396667,CHIH,CDCUAUHTEMOC,"Ciudad Cuauhtémoc, Chih. SMN*",31.2
-105.446944,28.210833,CHIH,CDLCH,"Ciudad Delicias, Chih.",61.02
-106.400278,31.736667,CHIH,CJZCH,"Ciudad Juárez, Chih.",0.01
-105.381667,27.410278,CHIH,CL2CH,"Colina hidrométrica, Chih.",12.51
-106.486111,28.803333,CHIH,MAJALCA,"Cumbres de Majalca, Chih. SMN*",33.2
-105.28,28.984444,CHIH,LLNCH,"El Granero, Chih.",25
-106.119444,28.614722,CHIH,ERECH,"El Rejón, Chih.",30
-107.073056,26.813611,CHIH,GCCCH,"Guachochi, Chih. SMN*",17.2
-108.3,29.2,CHIH,GPCCH,"Guapoca, Chih.",22.21
-105.382222,27.576389,CHIH,CLNCH,"Ing. Andrew Weiss, Chih.",12.51
-108.427222,30.838889,CHIH,JANOS,"Janos, Chih. SMN*",1.2
-105.414167,27.544722,CHIH,LBQCH,"La Boquilla, Chih.",13.01
-105.963611,28.773333,CHIH,C08270,"La Mesa, Chih.",39.04
-107.025833,29.88,CHIH,LJSCH,"Las Lajas, Chih.",8.3
-105.628889,28.166111,CHIH,FIMCH,"Las Vírgenes, Chih.",38
-107.994167,27.858611,CHIH,MAGCH,"Maguarichi, Chih. SMN*",55.36
-106.484722,28.802778,CHIH,C08099,"Majalca, Chih.",12
-108.52,28.147222,CHIH,C08182,"Moris, Chih.",40
-106.085556,28.656944,CHIH,QIJCH,"Observatorio de Chihuahua, Chih.",30.01
-107.930833,30.376667,CHIH,CAGCH,"Observatorio de Nuevo Casas Grandes, Chih.",0.02
-105.675556,26.917778,CHIH,PRRCH,"Observatorio de Parral, Chih.",7.92
-107.85,28.95,CHIH,TMCCH,"Observatorio de Temósachic, Chih.",26.91
-104.410833,29.565,CHIH,OJNCH,"Ojinaga, Chih.",20.52
-108.092778,29.251944,CHIH,C08219,"Peñitas, Chih.",25.5
-105.254167,26.546389,CHIH,PAGCH,"Pico del Águila, Chih.",3
-107.973333,26.9425,CHIH,TBRSI,"San Francisco, Chih.",11.5
-107.879167,26.870833,CHIH,IGNCH,"San Ignacio, Chih.",3
-107.879167,26.870833,CHIH,INGCH,"San Ignacio, Chih.",3
-107.6975,28.759722,CHIH,C08243,"Tejolocachi, Chih.",42.8
-107.9125,27.216667,CHIH,URECH,"Urique, Chih.",14.6
-105.806944,27.454444,CHIH,VZRCH,"Valle de Zaragoza, Chih.",11
-105.16,26.738611,CHIH,VICCH,"Villa Coronado, Chih.",3.01
-92.804167,16.552778,CHIS,ACACP,"Acala, Chis.",4.1
-92.034722,16.737778,CHIS,ALTAMIRANO,"Altamirano, Chis. SGT*",27.2
-93.458611,17.446111,CHIS,PENCP,"Ángel Albino Corzo, Chis.",41.3
-92.874722,17.188889,CHIS,ARROYOGRANDE,"Arroyo Grande, Chis. SGT*",32.8
-93.427222,17.253611,CHIS,AZAPACCFE,"Aza-Pac, Chis. CFE*",64.8
-92.905833,16.997222,CHIS,BOCHIL,"Bochil, Chis. SGT*",6.9
-93.026389,16.9525,CHIS,BOMBANA,"Bombana, Chis. SGT*",11.1
-93.15,16.641944,CHIS,BOQCP,"Boquerón, Chis.",0
-92.716667,15.35,CHIS,CACCP,"Cacaluta, Chis.",17.1
-93.034167,16.742778,CHIS,SUMIDEROCFE,"Cañón del Sumidero, Chis. CFE*",0.1
-92.479167,16.308333,CHIS,CASCP,"Cascajal, Chis.",21.4
-92.4875,16.308333,CHIS,CASCAJAL,"Cascajal, Chis. SGT*",5.3
-92.483056,15.969167,CHIS,CATARINITAS,"Catarinitas, Chis. SGT*",12.6
-92.618056,16.963333,CHIS,CHALCHIHUITAN,"Chalchihuitán, Chis. SGT*",73.4
-93.131389,17.341389,CHIS,CHAPULTENANGO,"Chapultenango, Chis. SGT*",241.1
-92.283333,15.75,CHIS,CHMCP,"Chicomuselo, Chis.",0.6
-92.281389,15.750278,CHIS,CHICOMUSELO,"Chicomuselo, Chis. SGT*",0.4
-93.906111,16.2425,CHIS,CREDARRIAGA,"Cred Arriaga, Chis. PC*",22.82
-93.466944,16.441389,CHIS,COBREGONCFE,"Cristóbal Obregón, Chis. CFE*",2.1
-92.864444,16.038611,CHIS,CUXTEPEQUESCFE,"Cuxtepeques, Chis. CFE*",3.7
-92.575,15.204167,CHIS,DESCP,"Despoblado, Chis.",27.2
-92.778889,16.401389,CHIS,ANGCP,"Doctor Belisario Domínguez, Chis.",0.1
-92.590833,16.686111,CHIS,ELAGUAJE,"El Aguaje, Chis. SGT*",16.4
-92.828611,16.787778,CHIS,ELBURRERO,"El Burrero, Chis. SGT*",2.7
-92.925278,16.108333,CHIS,DORADOCFE,"El Dorado, Chis. CFE*",0.2
-92.829444,17.373056,CHIS,ESCALONCP,"El Escalón, Chis. SGT*",160.4
-92.95,15.495833,CHIS,ELNCP,"El Novillero, Chis.",6
-93.030278,17.413333,CHIS,REFUGIOCP,"El Refugio, Chis. SGT*",185.7
-92.808056,15.656667,CHIS,ELTRIUNFO,"El Triunfo, Chis. SMN*",33.2
-93.342222,17.216667,CHIS,EZAPATACFE,"Emiliano Zapata, Chis. CFE*",104.3
-92.666667,15.316667,CHIS,ESCCP,"Escuintla, Chis.",12.2
-92.67,15.33,CHIS,ESCUINTLA,"Escuintla, Chis. SMN*",23.25
-92.299167,15.126667,CHIS,FARCP,"Finca Argovia, Chis.",209.2
-92.938056,15.881944,CHIS,CUXTEPEQUESHM,"Finca Cuxtepeques hidrométrica, Chis. SGT*",20.3
-92.965278,15.727778,CHIS,CUXTEPEQUES,"Finca Cuxtepeques, Chis. SGT*",4.9
-92.325278,15.173889,CHIS,FHACP,"Finca Hamburgo, Chis.",145.3
-92.476111,15.346667,CHIS,FPZCP,"Finca la Paz, Chis.",86.7
-92.358056,15.180833,CHIS,FSCCP,"Finca San Cristóbal, Chis.",187
-92.918333,17.441389,CHIS,FIMADERO,"Francisco I. Madero, Chis. SGT*",231.7
-93.125,16.975,CHIS,GRICP,"Grijalva, Chis.",0.8
-92.402778,14.997222,CHIS,HUECP,"Huehuetán, Chis.",0
-92.454167,16.712778,CHIS,HUIXTAN,"Huixtán, Chis. SGT*",14.8
-92.472222,15.133333,CHIS,HUICP,"Huixtla, Chis.",19.6
-92.471389,15.146944,CHIS,HUIXTLA,"Huixtla, Chis. SGT*",24.3
-92.725,15.866667,CHIS,JAPCP,"Jaltenango, Chis.",48.11
-92.72,15.886111,CHIS,JALTENANGO,"Jaltenango, Chis. SGT*",20.2
-93.381389,17.364167,CHIS,JDGCP,"Juan de Grijalva, Chis.",120.6
-92.898611,15.996389,CHIS,JSBCP,"Juan Sabines, Chis.",15.3
-91.73,16.114444,CHIS,LMONTEBELLO,"Lagunas de Montebello, Chis. SMN*",18.6
-93.563333,16.6925,CHIS,LASFLORESII,"Las Flores Dos, Chis. SGT*",0.3
-93.561111,16.695833,CHIS,LFLCP,"Las Flores, Chis.",0
-93.100556,16.941667,CHIS,CHICP,"Manuel Moreno Torres, Chis.",0.5
-92.883333,15.45,CHIS,MAPCP,"Mapastepec, Chis.",52.5
-93.105833,16.741944,CHIS,MODULO5,"Módulo Cinco, Chis. SGT*",0
-92.673889,17.185556,CHIS,MOJOSTIC,"Mojostic, Chis. SGT*",34.1
-93.384444,16.0675,CHIS,MONTERREYCFE,"Monterrey, Chis. CFE*",11.8
-92.2675,15.333333,CHIS,MOTOZINTLA,"Motozintla, Chis. SGT*",6.4
-93.091389,16.7225,CHIS,MUCH,"Museo de Chiapas de Ciencia y Tecnología, Chis. SGT*",0
-93.598889,17.178611,CHIS,MALCP,"Nezahualcóyotl, Chis.",15.8
-93.631667,16.493889,CHIS,NVAPALESTINA,"Nueva Palestina, Chis. SGT*",1
-93.369167,17.455,CHIS,NVOXOCHIMILCO,"Nuevo Xochimilco, Chis. SGT*",130.3
-93.8975,16.241111,CHIS,AROCP,"Observatorio de Arriaga, Chis.",13.2
-92.1,16.2,CHIS,COOCP,"Observatorio de Comitán, Chis.",25
-92.633333,16.733333,CHIS,SCOCP,"Observatorio de San Cristóbal, Chis.",43.5
-93.133333,16.75,CHIS,TXOCP,"Observatorio de Tuxtla Gutiérrez, Chis.",0
-93.150556,17.220556,CHIS,OCOCP,"Ocotepec, Chis.",134.9
-93.087778,16.760278,CHIS,PARQUEOTE,"Parque Oriente, Chis. SGT*",0
-93.457778,17.445,CHIS,PENITASCFE,"Peñitas, Chis. CFE*",41.5
-93.474444,17.463611,CHIS,PENITAS,"Peñitas, Chis. SGT*",54.5
-92.794167,15.714444,CHIS,PRUSIA,"Prusia, Chis. SGT*",13
-93.186667,16.753889,CHIS,PTECLUBCAMP,"Puente Club Campestre, Chis. SGT*",0
-91.968056,15.848611,CHIS,PCOCP,"Puente Concordia, Chis.",0
-91.967778,15.849444,CHIS,PCONCORDIACFE,"Puente Concordia, Chis. CFE*",0
-92.616667,16.741667,CHIS,SCRCP,"Puente Morelos, Chis.",44.8
-92.649167,16.725278,CHIS,PTEMORELOS,"Puente Morelos, Chis. SGT*",47.6
-92.618056,16.7475,CHIS,QUIOSCO,"Quiosco, Chis. SGT*",30.2
-92.666667,15.916667,CHIS,REFCP,"Reforma, Chis.",27.8
-93.356111,17.883056,CHIS,REFORMA,"Reforma,Tab. SGT*",0
-93.079167,16.158333,CHIS,REVCP,"Revolución Mexicana, Chis.",4.5
-93.102778,17.4975,CHIS,RIOJANEIRO,"Río de Janeiro, Chis. SGT*",57.8
-93.551667,17.353889,CHIS,RCALZADACFE,"Rómulo Calzada, Chis. CFE*",15.5
-92.35,17.566667,CHIS,SAACP,"Salto de Agua, Chis.",236.3
-92.603056,16.727222,CHIS,SCCASASCFE,"San Cristóbal de las Casas, Chis. CFE*",19
-92.951389,15.872778,CHIS,SFRANCISCOII,"San Francisco 2, Chis. SGT*",25.4
-93.085,17.561111,CHIS,SJOCP,"San Joaquín, Chis.",138
-92.239444,15.775,CHIS,SMICP,"San Miguel, Chis.",1.2
-92.239167,15.776667,CHIS,SANMIGUELCFE,"San Miguel, Chis. CFE*",0.3
-92.731389,17.035556,CHIS,SPNICHTALUCUM,"San Pedro Nichtalucum, Chis. SGT*",0
-92.820833,16.938889,CHIS,SNACP,"Santa María, Chis.",25.8
-93.056389,16.4525,CHIS,SDOCP,"Santo Domingo, Chis.",0
-93.383333,17.425,CHIS,SAYCP,"Sayula, Chis.",141
-93.1,16.786111,CHIS,SECTEC103,"Secundaria Técnica 103, Chis. SGT*",0
-93.133889,16.747222,CHIS,SECTEC59,"Secundaria Técnica 59, Chis. SGT*",0
-93.591111,16.152222,CHIS,SMORENACFE,"Sierra Morena, Chis. CFE*",34.05
-92.321944,15.558056,CHIS,SILTEPEC,"Siltepec, Chis. SGT*",6.2
-92.148889,14.698611,CHIS,SUCHIATE,"Suchiate, Chis. SGT*",7
-93.244722,17.494167,CHIS,SUNUAPA,"Sunuapa, Chis. SGT*",129.5
-92.260556,14.908056,CHIS,TAPCP,"Tapachula, Chis.",11.7
-92.426389,17.300278,CHIS,TILA,"Tila, Chis. SGT*",76.8
-93.0575,16.736111,CHIS,TRABAJOSOCIAL,"Trabajo Social, Chis. SGT*",0
-93.577778,16.227222,CHIS,TRESPICOSCFE,"Tres Picos, Chis. CFE*",21.5
-93.086667,16.755278,CHIS,TXCCP,"Tuxtla Gutiérrez CFE, Chis.",0
-93.1,16.761944,CHIS,TUXCP,"Tuxtla Oriente, Chis.",0.1
-93.086111,16.761667,CHIS,TUXTLACFE,"Tuxtla, Chis. CFE*",0.3
-93.414167,17.231111,CHIS,TZIMBACCFE,"Tzimbac, Chis. CFE*",98.8
-93.121944,16.778056,CHIS,UNICACH,"Universidad de Ciencias y Artes de Chiapas, Chis. SGT*",0.3
-92.909722,17.178333,CHIS,UNIVERSIDADLIND,"Universidad Lindavista, Chis. SMN*",21.55
-92.715556,16.578056,CHIS,CHIAPILLA,"Villa de Chiapilla, Chis. SGT*",33.7
-93.248056,16.253889,CHIS,VILLAFLORES,"Villaflores, Chis. SGT*",0.9
-93.330556,17.116667,CHIS,YAMCP,"Yamonhó, Chis.",57.5
-91.729722,16.909167,CHIS,YAQUINTELA,"Yaquintela, Chis. SGT*",25.4
-92.799722,17.270833,CHIS,ZACATONAL,"Zacatonal de Juárez, Chis. SGT*",1.2
-100.837222,28.344444,COAH,ADLCL,"Allende, Coah.",15.04
-101.116667,29.15,COAH,CBRCL,"Cabeceras, Coah.",32
-100.661111,26.844444,COAH,CDLCL,"Candela, Coah.",11.52
-100.950278,29.327778,COAH,CDACL,"Ciudad Acuña, Coah.",53
-103.469167,25.542222,COAH,CYTCL,"Coyote, Coah.",0.01
-102.064444,26.983333,COAH,CCGCL,"Cuatro Ciénegas, Coah.",8.1
-100.95,29.213611,COAH,CNTCL,"El Centenario, Coah.",33
-103.262778,25.773889,COAH,FIMCL,"Francisco I. Madero, Coah.",0
-101.057222,29.446944,COAH,AMSCL,"Internacional La Amistad, Coah.",49.5
-100.954444,29.329167,COAH,LASVACASC,"Las Vacas. Ciudad Acuña, Coah. CILA*",43.8
-103.228056,25.527778,COAH,MATCL,"Matamoros, Coah.",0.01
-101.4225,26.908333,COAH,MCVCL,"Observatorio de Monclova, Coah.",14.71
-100.5325,28.706667,COAH,PNGCL,"Observatorio de Piedras Negras, Coah.",8.71
-101.016667,25.376389,COAH,SALCL,"Observatorio de Saltillo, Coah.",1.9
-101.016667,25.376389,COAH,SALTILLOob,"Observatorio de Saltillo, Coah. SMN*",1.2
-103.45,25.541667,COAH,TORCL,"Observatorio de Torreón, Coah.",0.01
-101.002222,27.422222,COAH,PRSCL,"Progreso, Coah.",2.06
-100.929722,25.561111,COAH,ARACL,"Ramos Arizpe Aeropuerto, Coah.",0.5
-100.556944,28.667778,COAH,RIOESCONDIDOC,"Río Escondido Villa De Fuentes, Coah. CILA*",10.25
-101.122778,27.846667,COAH,SBNCL,"Sabinas, Coah.",8
-101.016667,25.376389,COAH,STOCL,"Saltillo, Coah.",0.5
-100.730833,29.071944,COAH,SANDIEGOC,"San Diego Jiménez, Coah. CILA*",29.25
-100.953889,29.034167,COAH,SMGCL,"San Miguel, Coah.",26
-102.979444,25.7575,COAH,SPECL,"San Pedro, Coah.",0.01
-100.920833,25.436111,COAH,ESLCL,"Secretaría de Agricultura Saltillo, Coah.",2.5
-103.699722,27.285278,COAH,SMJCL,"Sierra Mojada, Coah.",0
-100.616111,27.515,COAH,VCRCL,"Venustiano Carranza, Coah.",55.52
-100.95,27.519444,COAH,VCARRANZA,"Venustiano Carranza, Coah. SMN*",44.4
-103.613056,19.2475,COL,BVSCM,"Buenavista, Col.",0
-103.725556,18.758611,COL,CDOCM,"Cerro de Ortega, Col.",0
-103.757222,19.3175,COL,CMLCM,"Comala, Col.",0
-103.804167,19.2125,COL,CQMCM,"Coquimatlán, Col.",0
-103.6,19.325,COL,CUACM,"Cuauhtémoc, Col.",0
-103.702778,19.295,COL,CHNCM,"El Chanal, Col.",0
-110.953611,18.726667,COL,ISOCORROmar,"Isla Socorro, Col. SEMAR*",0
-103.866389,19.17,COL,LAECM,"La Esperanza, Col.",0
-103.725278,19.223333,COL,LPSCM,"La Posta, Col.",0
-103.774167,18.809167,COL,LDACM,"Laguna de Amela, Col.",0
-104.318611,19.044444,COL,MNZCM,"Observatorio de Manzanillo, Col.",0
-103.8125,19.3275,COL,PNTCM,"Peñitas, Col.",0
-103.884444,19.111389,COL,DJLCM,"Presa derivadora Jala, Col.",0
-104.100556,18.938611,COL,RDRCM,"Radar, Col.",0
-103.700833,19.408333,COL,SCHCM,"Suchitlán, Col.",0
-103.867778,18.911667,COL,TCMCM,"Tecomán, Col.",0
-103.663333,19.2775,COL,TRPCM,"Trapiche, Col.",0
-99.174167,19.240833,DF,AMC,"Academia Mexicana de Ciencias, Cd. de Méx. UNAM*",23.91
-99.210278,19.218611,DF,AJSDF,"Ajusco, Cd. de Méx.",37.34
-99.1375,19.469722,DF,CMTDF,"Avenida Cien Metros, Cd. de Méx.",28.18
-99.102778,19.423056,DF,BALBUENA,"Balbuena, Cd. de Méx. UNAM*",38.18
-99.118056,19.469722,DF,BONDOJITO,"Bondojito, Cd. de Méx. UNAM*",28.44
-99.283333,19.436389,DF,BOSQUEREAL,"Bosque Real, Méx. UNAM*",19.87
-99.1375,19.516667,DF,CEADF,"Campamento Amealco, Cd. de Méx.",21.73
-99.183333,19.486389,DF,CMYDF,"Campamento Mecoaya, Cd. de Méx.",34.79
-98.999444,19.357222,DF,CDMDF,"Cárcel de Mujeres, Cd. de Méx.",38.1
-99.208333,19.155556,DF,CFSDF,"Caseta Forestal, Cd. de Méx.",2.79
-99.1125,19.407778,DF,CDVDF,"Ciudad Deportiva, Cd. de Méx.",0
-99.059722,19.383889,DF,CCHOTE,"Colegio de Ciencias y Humanidades Oriente, Cd. de Méx. UNAM*",32.01
-99.140833,19.483333,DF,CCHVALLEJO,"Colegio de Ciencias y Humanidades Vallejo, Cd. de Méx. UNAM*",20.28
-99.19,19.3375,DF,CONAGUAOFC,"Conagua Oficinas Centrales, Cd. de Méx SGT*",0
-99.09,19.484167,DF,CYLDF,"Coyol, Cd. de Méx.",37.08
-99.097222,19.193611,DF,CUAUHTENCO,"Cuauhtenco, Cd. de Méx. UNAM*",12.1
-99.140833,19.549444,DF,CUAUTEPEC,"Cuautepec, Cd. de Méx. UNAM*",15.9
-99.105,19.323333,DF,CULHUACAN,"Culhuacán, Cd. de Méx. UNAM*",61.07
-99.309167,19.313333,DF,DTLDF,"Desierto de los Leones, Cd. de Méx.",14.47
-99.310556,19.313056,DF,DDELOSLEONES,"Desierto de los Leones, Cd. de Méx. SACMEX*",14.22
-99.205,19.3,DF,DATDF,"Desviación Alta, Cd. de Méx.",6.5
-99.286389,19.3625,DF,EYQDF,"El Yaqui, Cd. de Méx.",0
-99.171667,19.453333,DF,CBIDF,"Escuela Nacional de Ciencias Biológicas IPN, Cd. de Méx. SMN*",18.27
-99.151944,19.300556,DF,EAZDF,"Estadio Azteca, Cd. de Méx.",46.73
-99.131389,19.431111,DF,DDFDF,"Gobierno de la Ciudad de México, Cd. de Méx.",0
-99.250833,19.415833,DF,HERRADURA,"Herradura, Méx. UNAM*",29.26
-99.119444,19.496389,DF,INDIOSVER,"Indios Verdes, Cd. de Méx. UNAM*",34.45
-99.091667,19.478056,DF,GCNDF,"km 6+250, Cd. de Méx.",43.3
-99.3,19.340556,DF,LVNDF,"La Venta, Cd. de Méx.",0
-99.133889,19.403333,DF,MCRDF,"Marcos Carrillo, Cd. de Méx.",31.75
-99.291667,19.355278,DF,CUAJIMALPA,"Memetla Cuajimalpa, Cd. de Méx. UNAM*",38.92
-99.1175,19.356389,DF,MEXICALTZI,"Mexicaltzingo, Cd. de Méx. UNAM*",53.92
-99.043889,19.3375,DF,MEYEHUALCO,"Meyehualco, Cd. de Méx. UNAM*",41.68
-99.026944,19.187222,DF,MLPDF,"Milpa Alta, Cd. de Méx.",27.42
-99.0175,19.196667,DF,MILPAALTA,"Milpa Alta, Cd. de Méx. UNAM*",25.31
-99.243333,19.473889,DF,NAUCALPAN,"Naucalpan, Méx. UNAM*",19.24
-99.045,19.3025,DF,NOPALERA,"Nopalera, Cd. de Méx. UNAM*",15.98
-99.196111,19.406389,DF,CTMDF,"Observatorio de Tacubaya, Cd. de Méx.",30.2
-99.2275,19.294167,DF,PADIERNA,"Padierna, Cd. de Méx. UNAM*",19.88
-99.071667,19.415,DF,PANTITLAN,"Pantitlán, Cd. de Méx. UNAM*",62.02
-99.233056,19.187778,DF,MZTDF,"Planta Abasolo Mezontepec, Cd. de Méx.",27.43
-99.2,19.413056,DF,PCHDF,"Planta Chapultepec, Cd. de Méx.",29.95
-99.201944,19.423889,DF,PCHAPULTEPEC,"Planta Chapultepec, Cd. de Méx. SACMEX*",28.93
-99.100278,19.379167,DF,PBADF,"Planta de bombeo Aculco, Cd. de Méx.",22.35
-99.057778,19.433333,DF,PBCDF,"Planta de bombeo Churubusco Lago, Cd. de Méx.",45.21
-99.119444,19.486667,DF,PBLDF,"Planta de bombeo Lindavista, Cd. de Méx.",17.01
-99.068333,19.420278,DF,PLMDF,"Planta de bombeo López Mateos, Cd. de Méx.",2.27
-99.126389,19.365278,DF,PMLDF,"Planta de bombeo Municipio Libre, Cd. de Méx.",74.93
-99.163889,19.468889,DF,PSNDF,"Planta de bombeo Nueva Santa María, Cd. de Méx.",24.13
-99.170556,19.435556,DF,PBTDF,"Planta de bombeo Tizoc, Cd. de Méx.",31.75
-99.037778,19.38,DF,PBODF,"Planta de bombeo U.H. Ejército de Oriente, Cd. de Méx.",0
-99.126111,19.285833,DF,PVCDF,"Planta de bombeo Villa Coapa, Cd. de Méx.",38.35
-99.143056,19.331944,DF,PXTDF,"Planta de bombeo Xotepingo, Cd. de Méx.",35.56
-99.076389,19.336944,DF,PLEDF,"Planta de Tratamiento Cerro de La Estrella, Cd. de Méx.",32.77
-99.154444,19.513056,DF,PRMDF,"Planta de Tratamiento Río de La Magdalena, Cd. de Méx.",19.8
-99.154444,19.513056,DF,PRRDF,"Planta de Tratamiento Río Remedios, Cd. de Méx.",17.01
-99.190278,19.509167,DF,PTRDF,"Planta de Tratamiento Rosario, Cd. de Méx.",21.84
-99.023056,19.299167,DF,PSCDF,"Planta de Tratamiento Santa Catarina, Cd. de Méx.",12.96
-99.097222,19.455833,DF,PGNDF,"Planta Generadora 101, Cd. de Méx.",38.6
-99.090833,19.246389,DF,PNTDF,"Planta Nativitas, Cd. de Méx.",24.88
-99.05,19.233333,DF,PSLDF,"Planta San Luis, Cd. de Méx.",28.96
-99.134722,19.307222,DF,PREPA5,"Prepa 5, Cd. de Méx. UNAM*",65.01
-99.171111,19.263056,DF,PSPDF,"Pueblo San Pedro Mártir, Cd. de Méx.",32.23
-99.17,19.4,DF,RCMDF,"Radiocomunicación, Cd. de Méx.",7.37
-99.194167,19.296111,DF,RBTDF,"Rebombeo Bosque de Tlalpan, Cd. de Méx.",24.12
-99.028889,19.338333,DF,SCMDF,"Rebombeo La Quebradora Santa Cruz Meyehualco, Cd. de Méx.",41.15
-99.275,19.328611,DF,SBADF,"San Bartolo Ameyalco, Cd. de Méx.",0
-99.279444,19.326389,DF,SANBARTOLO,"San Bartolo, Cd. de Méx. UNAM*",17.11
-99.266111,19.306389,DF,SANBERNABE,"San Bernabé, Cd. de Méx. UNAM*",19.25
-99.046389,19.253611,DF,SGREGORIO,"San Gregorio, Cd. de Méx. UNAM*",21.19
-99.066667,19.466667,DF,SJADF,"San Juan de Aragón, Cd. de Méx.",32.52
-99.009722,19.281389,DF,SPPDF,"San Pedro Tláhuac, Cd. de Méx.",21.08
-99.09,19.190278,DF,CTNDF,"San Salvador Cuauhtenco, Cd. de Méx.",22.85
-99,19.166667,DF,SANDF,"Santa Ana, Cd. de Méx.",19.82
-99.264444,19.359722,DF,TSLDF,"Santa Fe Santa Lucía, Cd. de Méx.",54.1
-99.121944,19.571944,DF,SDEGUADALUPE,"Sierra de Guadalupe, Cd. de Méx. SACMEX*",12.96
-99.122222,19.572222,DF,SGDDF,"Sierra Guadalupe, Cd. de Méx.",16.77
-99.186389,19.455556,DF,TACUBA,"Tacuba, Cd. de Méx. UNAM*",29.16
-99.1425,19.556111,DF,TCMDF,"Tanque Chalmita, Cd. de Méx.",13.47
-99.272222,19.373056,DF,TECDF,"Tanque el Cartero, Cd. de Méx.",49.79
-99.246389,19.333889,DF,TELDF,"Tanque el Lienzo, Cd. de Méx.",43.94
-99.084722,19.440833,DF,TPNDF,"Tanque Peñón, Cd. de Méx.",40.64
-99.248611,19.316667,DF,TSFDF,"Tanque San Francisco, Cd. de Méx.",39.36
-99.228611,19.436389,DF,TSJDF,"Tanque San Joaquín, Cd. de Méx.",2.54
-99.2125,19.361944,DF,TRGDF,"Tarango, Cd. de Méx.",32.51
-99.141389,19.344444,DF,TAXQUENA,"Taxqueña, Cd. de Méx. UNAM*",54.88
-98.970833,19.210278,DF,TTLDF,"Tetelco, Cd. de Méx.",0
-99.098889,19.385556,DF,TEZDF,"Tezontle, Cd. de Méx. SMN*",12.44
-99.135833,19.199444,DF,TPJDF,"Topilejo, Cd. de Méx.",20.05
-99.211667,19.399167,DF,TNGDF,"Triángulo, Cd. de Méx.",46.72
-99.189444,19.503333,DF,UAMAZC,"Universidad Autónoma Metropolitana Azcapotzalco, Cd. de Méx. UNAM*",23.88
-99.180556,19.346667,DF,CCUDF,"Universidad, Cd. de Méx.",54.34
-99.106667,19.250278,DF,XOCHIMILCO,"Xochimilco, Cd. de Méx. UNAM*",15.76
-104.810278,24.538333,DGO,CBRDR,"Caboraca, Dgo.",0
-104.75,24.5,DGO,CNTDR,"Canatlán, Dgo.",0
-104.123333,26.521667,DGO,CEBDR,"Ceballos, Dgo.",0.02
-104.121111,24.4375,DGO,CGVDR,"Ciudad Guadalupe Victoria, Dgo.",0
-103.521667,25.533333,DGO,CLRDR,"Ciudad Lerdo, Dgo.",0.01
-103.698889,24.871944,DGO,CNCDR,"Cuencamé, Dgo.",0
-104.666667,24.033333,DGO,DRGDR,"Durango, Dgo.",0.01
-104.480833,24.945,DGO,CTODR,"El Cuarto, Dgo.",0
-102.785,24.563056,DGO,TGRDR,"El Tigre, Dgo.",0
-106.538056,24.702222,DGO,TDRDR,"El Tule del Real, Dgo.",0
-103.960833,24.001667,DGO,FVLDR,"Francisco Villa, Dgo.",0
-103.773611,25.270833,DGO,FZRDR,"Francisco Zarco, Dgo.",0.01
-105.25,25.5,DGO,GESDR,"General Escobedo, Dgo.",1.01
-103.736944,24.401111,DGO,NIRDR,"Granja Nirvana, Dgo.",0
-105.955556,25.934722,DGO,GNCDR,"Guanaceví, Dgo.",4
-104.9225,24.803889,DGO,GUADR,"Guatimapé, Dgo.",0
-103.983333,26.549722,DGO,LAFLOR,"La Flor de Jimulco, Dgo. SMN*",0.6
-103.283889,25.068056,DGO,LFLDR,"La Flor, Coah.",0
-106.7,25.35,DGO,LHRDR,"La Huerta, Dgo.",2.5
-104.246944,23.387778,DGO,MICHILIA,"La Michilia, Dgo. SMN*",0
-105.466111,24.185833,DGO,LVEDR,"Las Vegas, Dgo. SMN*",0
-105.015833,25.594167,DGO,LCRDR,"Lázaro Cárdenas, Dgo.",0.31
-103.85,25.816667,DGO,MPMDR,"Mapimí, Dgo.",0.01
-103.7475,26.686389,DGO,MAPIMI,"Mapimí, Dgo. SMN*",1.8
-105.041667,23.834167,DGO,NAVDR,"Navíos Viejos, Dgo.",0
-105.725,25.341111,DGO,TLHDR,"Observatorio de Tepehuanes, Dgo.",0
-104.333056,24.538333,DGO,PDCDR,"Pánuco de Coronado, Dgo.",0
-104.656667,24.203889,DGO,PAGDR,"Peña del Águila, Dgo.",0.5
-104.034167,24.791111,DGO,PBLDR,"Peñón Blanco, Dgo.",0.01
-104.753056,23.961111,DGO,GVCDR,"Presidente Guadalupe Victoria, Dgo.",0
-104.9,25.75,DGO,RPADR,"Radar Palmito, Dgo.",2.52
-105.443056,25.225,DGO,SACDR,"Salomé Acosta, Dgo.",0
-105.560833,26.436667,DGO,SGBDR,"San Gabriel, Dgo.",6
-102.778056,24.630556,DGO,SJGDR,"San Juan de Guadalupe, Dgo.",0
-102.774444,24.631389,DGO,SANJUANGPE,"San Juan Guadalupe, Dgo. SMN*",0
-104.276944,25.085,DGO,SLCDR,"San Luis del Cordero, Dgo.",0
-104.2925,25.564167,DGO,SPGDR,"San Pedro del Gallo, Dgo.",0.01
-103.353056,24.469167,DGO,SCLDR,"Santa Clara, Dgo.",0
-104.054444,23.623056,DGO,SELDR,"Santa Elena, Dgo.",0
-105.366667,25.953333,DGO,SMODR,"Santa María del Oro, Dgo.",0
-104.675833,23.874444,DGO,SBYDR,"Santiago Bayacora, Dgo.",0
-105.422222,25.0375,DGO,SPPDR,"Santiago Papasquiaro, Dgo.",0
-105.566667,26.084444,DGO,SRDDR,"Sardinas, Dgo.",0.02
-103.917778,23.623889,DGO,SUCDR,"Suchil, Dgo.",0
-106.975,24.933333,DGO,TMZDR,"Tamazula, Dgo.",0.2
-103.441667,26.1125,DGO,THODR,"Tlahualilo, Dgo.",0.01
-103.979722,23.737778,DGO,VGCDR,"Vicente Guerrero, Dgo.",0
-104.928889,26.2425,DGO,VHGDR,"Villa Hidalgo, Dgo.",3
-105.506111,26.447778,DGO,VOCDR,"Villa Ocampo, Dgo.",6
-105.5025,26.440556,DGO,VILLAOCAMPO,"Villa Ocampo, Dgo. SMN*",3.4
-99.906667,16.849722,GRO,ACAGR,"Acapulco, Gro.",0
-99.909444,16.821944,GRO,ACAPULCOmar,"Acapulco, Gro. SEMAR*",0
-99.631111,17.178611,GRO,AGUASALADACFE,"Agua Salada, Gro. CFE*",0
-98.975278,17.719722,GRO,AHUGR,"Ahuacuotzingo, Gro.",0
-100.5175,18.075833,GRO,AFIGR,"Andrés Figueroa, Gro.",0
-100.433333,17.210278,GRO,ATYGR,"Atoyac, Gro.",0
-99.1,16.949444,GRO,AYUGR,"Ayutla, Gro.",0
-99.400833,18.459444,GRO,BVSGR,"Buena Vista, Gro.",1
-99.701111,17.672222,GRO,CCHGR,"Chichihualco, Gro.",0
-99.175833,17.608611,GRO,CHLGR,"Chilapa, Gro.",0
-99.5,17.545278,GRO,CHIGR,"Chilpancingo, Gro.",0
-100.664444,18.359444,GRO,CALGR,"Ciudad Altamirano, Gro.",0
-100.089444,17.008889,GRO,CDBGR,"Coyuca de Benítez, Gro.",0
-101.054444,17.376944,GRO,CYQGR,"Coyuquilla, Gro.",0
-98.411944,16.47,GRO,CNLGR,"Cuajinicuilapa, Gro.",0
-99.516667,17.233333,GRO,EOCGR,"El Ocotito, Gro.",0
-99.686111,17.148056,GRO,ELPUENTECFE,"El Puente, Gro. CFE*",0
-99.332778,18.3025,GRO,HTZGR,"Huitzuco, Gro.",0
-99.55,18.349722,GRO,IGLGR,"Iguala, Gro.",0.2
-99.524167,18.360278,GRO,IGUALA,"Iguala, Gro. SMN*",0
-99.995556,17.947778,GRO,ECAGR,"Ing. Carlos Ramírez Ulloa, Gro.",0
-98.513333,17.6225,GRO,IXTGR,"Ixcateopan de Tlapa, Gro.",1.8
-99.783333,16.966667,GRO,K21GR,"km 21, Gro.",0
-100.018056,16.958333,GRO,LDCGR,"Laguna de Coyuca, Gro.",0
-99.235,16.76,GRO,LDGGR,"Las Vigas, Gro.",0
-99.369167,17.471111,GRO,MCHGR,"Mochitlán, Gro.",0
-99.799722,16.8,GRO,ODAGR,"Observatorio de Acapulco, Gro.",0
-99.516944,17.576389,GRO,AERGR,"Observatorio de Chilpancingo Aeropuerto, Gro.",0
-99.5,17.6,GRO,ODZGR,"Observatorio de Zumpango, Gro.",12.1
-98.735,17.777222,GRO,OLNGR,"Olinalá, Gro.",2.5
-98.433333,16.683333,GRO,OMEGR,"Ometepec, Gro.",0
-99.45,17.483333,GRO,PETGR,"Petaquillas, Gro.",0
-99.591667,17.938889,GRO,PUENTEMEZCALCFE,"Puente Mezcal, Gro. CFE*",0.6
-98.500556,16.655833,GRO,QTZGR,"Quetzala, Gro.",0
-99.166111,16.823611,GRO,RMEGR,"Revolución Mexicana, Gro.",0
-100.472778,17.139444,GRO,SJEGR,"San Jerónimo, Gro.",0
-99.516944,17.920833,GRO,SJTETELCINGOCFE,"San Juan Tetelcingo, Gro. CFE*",0.3
-99.482778,16.796389,GRO,SNMGR,"San Marcos, Gro.",0
-99.605278,18.554444,GRO,TAXGR,"Taxco, Gro.",0
-99.399444,17.568056,GRO,TXTGR,"Tixtla, Gro.",0
-99.976389,17.789722,GRO,TLAGR,"Tlacotepec, Gro.",1.6
-98.6,17.5,GRO,TLPGR,"Tlapa, Gro.",2.5
-99.466111,18.295833,GRO,VTRGR,"Valerio Trujano, Gro.",0
-100.265833,18.382778,GRO,VGRGR,"Vicente Guerrero, Gro.",0
-98.488333,17.903889,GRO,XXHGR,"Xochihuehuetlán, Gro.",13
-99.933333,17.603333,GRO,YXTGR,"Yextla, Gro.",0
-101.548889,17.645278,GRO,ZHTGR,"Zihuatanejo, Gro.",0
-101.554167,17.645,GRO,ZIHUATANEJO,"Zihuatanejo, Gro. SMN*",0
-101.536667,20.446944,GTO,ABSGJ,"Abasolo, Gto.",3
-100.712222,20.0325,GTO,ACNGJ,"Acámbaro, Gto.",13
-101.625556,20.499167,GTO,ATBGJ,"Agua Tibia, Gto.",6.01
-100.5825,20.553889,GTO,AMCGJ,"Ameche, Gto.",3.02
-100.620833,20.454167,GTO,APSGJ,"Apaseo el Alto, Gto.",2.02
-100.683333,20.533333,GTO,AEGGJ,"Apaseo el Grande, Gto.",0
-100.816667,20.536389,GTO,CLYGJ,"Celaya, Gto.",4.3
-100.9,20.95,GTO,CSRGJ,"Cinco Señores, Gto.",11.03
-101.474722,21.068056,GTO,COMGJ,"Comanjilla, Gto.",0
-100.363333,20.198333,GTO,CORGJ,"Coroneo, Gto.",56.82
-100.962778,20.487778,GTO,CRTGJ,"Cortázar, Gto.",0.8
-101.666667,20.616667,GTO,CRMGJ,"Cuerámaro, Gto.",6
-100.933333,21.15,GTO,DHGGJ,"Dolores Hidalgo, Gto.",1.01
-101.838333,21.048611,GTO,BRRGJ,"El Barrial, Gto.",1.72
-101.835278,21.05,GTO,EBAGJ,"El Barrial, Gto.",0.01
-101.244444,20.872222,GTO,ECHGJ,"El Chapín, Gto.",8.52
-101.37,20.715833,GTO,ECNGJ,"El Conejo, Gto.",0
-100.9,20.279722,GTO,ECBGJ,"El Cubo, Gto.",0.04
-101.678889,21.173611,GTO,EPLGJ,"El Palote, Gto.",0.01
-101.996667,20.800556,GTO,FRIAS,"Frías, Gto. Protección Civil*",0
-100.825833,20.848056,GTO,IALGJ,"Ignacio Allende, Gto.",7.5
-101.35,20.683333,GTO,IRPGJ,"Irapuato, Gto.",0
-101.7425,20.439167,GTO,GLNGJ,"La Golondrina, Gto.",8
-101.287778,20.867222,GTO,PRSGJ,"La Purísima, Gto.",2.51
-101.107778,21.324167,GTO,LQMGJ,"La Quemada, Gto.",2.5
-101.073056,20.286944,GTO,LDYGJ,"Laguna de Yuriria, Gto.",0.02
-101.844167,20.675278,GTO,LADGJ,"Las Adjuntas, Gto.",0
-101.358889,20.276111,GTO,LJIGJ,"Las Jícamas, Gto.",0
-101.693333,21.136389,GTO,LENGJ,"León, Gto.",0
-101.6675,21.195556,GTO,CSTGJ,"Los Castillos, Gto.",0.01
-101.931111,20.507222,GTO,MABGJ,"Mariano Abasolo, Gto.",0
-100.501944,21.223611,GTO,MINERALPOZOS,"Mineral de Pozos, Gto. Protección Civil*",0.5
-101.266111,21.014167,GTO,GTOGJ,"Observatorio de Guanajuato, Gto.",7.92
-101.48,21.65,GTO,OCMGJ,"Ocampo, Gto.",1
-101.111389,20.5225,GTO,PERGJ,"Pericos, Gto.",0.01
-100.496111,21.22,GTO,POZGJ,"Pozos, Gto.",2.52
-100.883611,20.398333,GTO,LGVGJ,"Presa la Gavia, Gto.",7
-101.199444,20.565833,GTO,SLMGJ,"Salamanca, Gto.",4.82
-100.885833,20.216667,GTO,SLVGJ,"Salvatierra, Gto.",0.04
-101.216667,21.483333,GTO,SFEGJ,"San Felipe, Gto.",9
-100.516667,21.3,GTO,SLPGJ,"San Luis de la Paz, Gto.",0
-101.016389,20.430833,GTO,SMAGJ,"San Miguel de Allende, Gto.",6.5
-100.745833,20.577778,GTO,SMOGJ,"San Miguel Octopan, Gto.",2.4
-101.016667,20.4,GTO,SJLGJ,"Santa Julia, Gto.",0.1
-101.066944,20.298333,GTO,SRTGJ,"Santa Rita, Gto.",0.01
-100.669722,20.055278,GTO,SLSGJ,"Solís, Gto.",18
-101.3,20.6,GTO,TEMGJ,"Temascatío, Gto.",4
-101.178889,20.382778,GTO,VDSGJ,"Valle de Santiago, Gto.",0.07
-100.0925,21.298889,GTO,XICGJ,"Xichú, Gto.",3.4
-98.941667,20.268056,HGO,ACTHD,"Actopan, Hgo.",36
-98.348056,21.019444,HGO,ATCHD,"Atlapexco, Hgo.",44
-99.36,20.163889,HGO,ENDHD,"Endhó, Hgo.",16
-98.076111,20.46,HGO,HHTHD,"Huehuetla, Hgo.",37.8
-98.416667,21.15,HGO,HJTHD,"Huejutla, Hgo.",20.6
-99.220833,20.481944,HGO,IXMHD,"Ixmiquilpan, Hgo.",8.9
-99.329444,20.359722,HGO,PRGHD,"Javier Rojo Gómez, Hgo.",20.02
-98.334722,20.0575,HGO,PERHD,"La Esperanza, Hgo.",40.51
-98.128333,20.135556,HGO,LLAHD,"La Laguna, Hgo.",3.5
-98.128333,20.135833,HGO,LAGUNA,"La Laguna, Hgo. FENIX*",27.5
-98.757222,20.591667,HGO,LMTHD,"Metztitlán, Hgo.",17.81
-99.218611,20.2375,HGO,MXQHD,"Mixquiahuala, Hgo.",25
-98.7475,20.123333,HGO,PCOHD,"Observatorio de Pachuca, Hgo.",42.3
-98.369444,20.083333,HGO,TLGHD,"Observatorio de Tulancingo, Hgo.",40.8
-99.310833,19.963056,HGO,PRQHD,"Requena, Hgo.",5.03
-98.6,21.166667,HGO,ORZHD,"San Felipe Orizatlán, Hgo.",89.61
-99.385278,19.834722,HGO,TXMHD,"Taxhimay, Méx.",10
-99.375833,20.435556,HGO,PVAHD,"Vicente Aguirre, Hgo.",7.02
-98.647222,20.652778,HGO,ZXTHD,"Zacualtipán, Hgo.",10
-103.228611,22.325833,JAL,ACHZC,"Achimec, Jal.",0
-103.133333,20.316667,JAL,ACHAPALAGDL,"Acueducto Chapala Guadalajara, Jal. SGT*",0
-102.436944,21.599444,JAL,AJJJL,"Ajojúcar, Jal.",0
-103.091944,20.397222,JAL,ATQJL,"Atequiza, Jal.",0
-103.446389,20.746667,JAL,BAZJL,"Base Aérea Zapopan, Jal.",0
-104.061111,19.913611,JAL,BBAJL,"Basilio Vadillo, Jal.",0
-103.724444,22.406111,JAL,BCSJL,"Bocas, Jal.",0
-103.782778,21.831667,JAL,BLNJL,"Bolaños, Jal.",0
-105.129722,19.9975,JAL,CPEJL,"Cajón de Peña, Jal.",0
-104.566667,19.233333,JAL,CIHJL,"Cihuatlán, Jal.",0
-102.774167,19.287778,JAL,CHLMC,"Constitución de Apatzingán, Jal.",0
-104.780833,20.479722,JAL,CRNJL,"Corrinchis, Jal.",0
-105.218333,20.593333,JAL,CULJL,"Cuale, Jal.",0
-103.45,21.066667,JAL,CXTJL,"Cuixtla, Jal.",0
-104.555278,19.627778,JAL,CHFJL,"El Chiflón, Jal.",0
-104.285278,19.845833,JAL,ELCJL,"El Corcovado, Jal.",0
-101.7375,21.497778,JAL,CRTJL,"El Cuarenta, Jal.",0.02
-103.354444,20.680556,JAL,GUAJL,"Guadalajara Centro, Jal.",0
-105.184444,19.653889,JAL,HIGJL,"Higuera Blanca 2, Jal.",0
-102.25,20.483333,JAL,HUAJL,"Huascato, Jal.",0.5
-103.651111,20.466944,JAL,HRTJL,"Hurtado, Jal.",0
-102.976111,20.681389,JAL,EGCJL,"Ing. Elías González Chávez, Jal.",0.1
-102.231944,20.491111,JAL,POLJL,"Ing. Guillermo Lugo Sanabria, Jal.",0
-103.845833,20.596389,JAL,VEGJL,"Ing. Santiago Camarena, Jal.",0
-102.705833,20.293889,JAL,JMYJL,"Jamay, Jal.",0
-102.558333,20.275556,JAL,LABARCA,"La Barca, Jal. SGT*",0
-103.426111,20.430556,JAL,LABOQUILLACFE,"La Boquilla, Jal. CFE*",0
-103.335,20.723333,JAL,EXPJL,"La Experiencia, Jal.",0
-101.835556,21.359167,JAL,SA1JL,"La Sauceda, Jal.",0
-101.85,21.35,JAL,SAUJL,"La Sauceda, Jal.",0
-103.201667,20.290556,JAL,LDCJL,"Lago de Chapala, Jal.",0
-101.919722,21.359722,JAL,LDMJL,"Lagos de Moreno, Jal.",0
-103.705556,20.908889,JAL,SRSJL,"Manuel M. Diéguez, Jal.",0
-103.033333,20.316667,JAL,MEZCALA,"Mezcala Poncitlán, Jal. SGT*",0
-103.590833,19.592222,JAL,NEVADOCOLIMA,"Nevado de Colima, Jal. SMN*",7
-103.392778,20.706667,JAL,GUCJL,"Observatorio de Guadalajara, Jal.",0
-101.916667,21.366667,JAL,OLMJL,"Observatorio de Lagos de Moreno, Jal.",1
-103.361667,20.583889,JAL,PITJL,"PIAE Toluquilla, Jal.",0
-104.370278,19.976111,JAL,TMLJL,"Ramón Corona Madrigal General, Jal.",0
-104.05,20.55,JAL,RAMJL,"Río Ameca, Jal.",0
-105.133611,19.998611,JAL,RIOTOMATLAN,"Río Tomatlán, Jal. SMN*",0
-102.5,21.3,JAL,SGRJL,"San Gaspar de los Reyes, Jal.",1.3
-103.9175,19.463611,JAL,SMANANTLANI,"Sierra Manatlán 1, Jal. SMN*",1.6
-103.396667,18.967222,JAL,TRJCM,"Solidaridad, Jal.",0
-104.320278,20.036111,JAL,TCTJL,"Tacotán, Jal.",0
-103.198611,22.171944,JAL,TENJL,"Tenasco, Jal.",0
-102.583333,21.45,JAL,TCAJL,"Teocaltiche, Jal.",0.01
-103.419444,20.4425,JAL,TLAJOMULCO,"Tlajomulco, Jal. SMN*",1.6
-103.316667,20.583333,JAL,TLAJL,"Tlaquepaque, Jal.",0
-102.729444,20.395278,JAL,ZULJL,"Zula río, Jal.",0
-98.912222,19.543611,MEX,ATEMX,"Atenco, Méx.",49.21
-99.866667,19.783333,MEX,ATPMX,"Atlacomulco Prepa., Méx.",85.91
-100.436389,18.781111,MEX,BEJMX,"Bejucos, Méx.",8.6
-99.298611,19.406667,MEX,CDBMX,"Caída del Borracho, Méx.",25.39
-99.298611,19.406667,MEX,CDELBORRACHO,"Caída del Borracho, Méx. SACMEX*",25.39
-99.239444,19.534167,MEX,CLYMX,"Calacoaya, Méx.",24
-99.7,19.333333,MEX,CALMX,"Calixtlahuaca, Méx.",23.91
-98.884722,19.483333,MEX,CHPMX,"Chapingo, Méx.",66.6
-99.041667,19.593889,MEX,CHICONAUTLAI,"Chiconautla 1, Méx. SACMEX*",34.55
-99.108333,19.515556,MEX,CHICONAUTLAII,"Chiconautla 2, Méx. SACMEX*",12.44
-100.152778,19.350556,MEX,CHIMX,"Chilesdo, Méx.",13.7
-99.4675,18.795833,MEX,CHDMX,"Colonia Hidalgo, Méx",3.4
-100.225,19.178889,MEX,COLMX,"Colorines, Méx.",15
-99.559722,19.884722,MEX,DNXMX,"Danxhó, Méx.",29.5
-99.377222,19.377222,MEX,2RSMX,"Dos Ríos, Méx.",27.02
-99.238333,19.453611,MEX,EMOMX,"El Molinito Río Hondo, Méx.",21
-99.739722,20.124167,MEX,PMNMX,"El Molino, Méx.",4.05
-99.334167,19.382222,MEX,VNDMX,"El Venado, Méx.",0
-99.334444,19.383611,MEX,ELVENADO,"El Venado, Méx. SACMEX*",0
-99.790278,19.829167,MEX,PFBMX,"Francisco José Trinidad Fabela, Méx.",15
-99.511667,19.205,MEX,CGCMX,"Gerencia Conagua CODAGEM, Méx.",24.51
-99.696944,20.046389,MEX,HPNMX,"Huapango, Méx.",8.04
-99.775,19.461667,MEX,PIRMX,"Ignacio Ramírez, Méx.",25.21
-99.769444,19.5675,MEX,IXCMX,"Ixtlahuaca, Méx.",2.32
-99.704722,19.465833,MEX,SBBMX,"José Antonio Alzate, Méx.",24
-99.05,19.633333,MEX,K27MX,"km 27+250, Méx.",37.75
-99.304444,19.695,MEX,CNPMX,"La Concepción, Méx.",21.1
-98.917222,19.578889,MEX,GRDMX,"La Grande, Méx.",58.51
-99.216667,19.566667,MEX,ARBMX,"Las Arboledas, Méx.",0
-100.075833,19.383333,MEX,LBEMX,"Los Berros, Méx.",4.8
-99.260833,19.526944,MEX,PMDMX,"Madín, Méx.",24
-99.220833,19.477778,MEX,MBLMX,"Molino Blanco, Méx.",8.02
-99.683333,19.116667,MEX,NEVMX,"Nevado de Toluca, Méx. SMN*",14.45
-99.864444,20.038611,MEX,PNDMX,"Ñadó, Méx.",14.01
-99.631667,19.292222,MEX,COBMX,"Observatorio de Toluca, Méx.",35.34
-99.714167,19.291111,MEX,TOLUCAob,"Observatorio de Toluca, Méx. SMN*",33.19
-99.420833,18.990833,MEX,OCUMX,"Ocuilán de Arteaga, Méx",12.5
-99.248889,19.429444,MEX,PLMMX,"Palmas, Méx.",29.72
-99.254722,19.429722,MEX,PALMASDF,"Palmas, Méx. SACMEX*",28.96
-99.010278,19.636944,MEX,PCTMX,"Planta Chiconautla 1, Méx.",43.18
-99.025,19.65,MEX,PCCMX,"Planta Chiconautla 2, Méx.",16.25
-99.184722,19.580833,MEX,PBTMX,"Planta de bombeo Barrientos, Méx.",8.9
-99.728333,18.928333,MEX,PDZMX,"Porfirio Díaz, Méx.",0
-99.283333,19.453611,MEX,PTLMX,"Presa Totolica, Méx.",11.51
-99.181944,19.743056,MEX,PCGMX,"Puente Colgante, Méx.",43.51
-99.603333,19.213333,MEX,RECMX,"Rectoría, Méx.",8.03
-99.961389,19.660833,MEX,TPTMX,"San Andrés Tepetitlán, Méx.",22.53
-98.911111,19.530556,MEX,SADMX,"San Andrés, Méx.",65
-99.741667,19.591667,MEX,SLBMX,"San Bartolo del Llano, Méx.",10.01
-99.764722,19.238333,MEX,SJHMX,"San Juan de las Huertas, Méx.",23.3
-99.285,19.574444,MEX,SNJMX,"San Juan, Méx",13.5
-98.858611,19.644722,MEX,SNLMX,"San Lucas, Méx.",37.2
-98.870833,19.190278,MEX,SLAMX,"San Luis Ameca, Méx.",10.03
-99.8,19.633333,MEX,SMLMX,"Santa María del Llano, Méx.",85
-99.252222,19.635556,MEX,GDLMX,"Sierra de Guadalupe, Méx.",26
-99.123889,19.904722,MEX,TTQMX,"Tajo de Tequixquiac, Méx",41.51
-99.283056,19.4525,MEX,TTLMX,"Totolica hidrométrica, Méx.",13.8
-99.283333,19.453889,MEX,TOTMX,"Totolica, Méx",18.7
-99.799167,19.343056,MEX,TBRMX,"Tres Barrancas, Méx.",16.52
-99.6125,19.429167,MEX,TROMX,"Trojes, Méx.",21.28
-100.18,19.2075,MEX,VBRMX,"Valle de Bravo, Méx.",11
-99.211667,19.510278,MEX,VDCDF,"Vaso de Cristo, Méx.",5.08
-99.213611,19.510833,MEX,VASOCRISTO,"Vaso de Cristo, Méx. SACMEX*",0.51
-100.055556,19.461667,MEX,VVCMX,"Villa Victoria, Méx.",2.02
-100.608889,19.579722,MICH,AGOMC,"Agostitlán, Mich.",0
-102.371111,19.083056,MICH,APTMC,"Apatzingán, Mich.",0
-101.661111,19.926111,MICH,AMEMC,"Aristeo Mercado, Mich.",2.4
-102.419167,20.183889,MICH,BIBMC,"Barraje de Ibarra, Mich.",0
-100.9,18.5,MICH,CMNMC,"Caimanera, Mich.",0
-101.461389,20.324167,MICH,CBLMC,"Casa Blanca, Mich.",1.9
-102.265278,19.973611,MICH,CHAMC,"Chaparaco, Mich.",4.7
-100.55,19.7,MICH,CHIMC,"Ciudad Hidalgo, Mich.",42.01
-101.259167,19.629722,MICH,COIMC,"Coíntzio, Mich.",8.5
-101.861667,20.207222,MICH,CORMC,"Corrales, Mich.",2.51
-100.421111,19.387778,MICH,DBOMC,"El Bosque, Mich.",3
-100.45,19.966667,MICH,EGIMC,"El Gigante, Mich.",7.5
-102.541389,19.979167,MICH,GUAMC,"Guaracha, Mich.",1.4
-101.883333,18.266667,MICH,INFMC,"Infiernillo, Mich.",0
-102.601944,19.958333,MICH,JARMC,"Jaripo, Mich.",1.5
-102.180278,18.048333,MICH,VILMC,"José María Morelos y Pavón, Mich.",0
-102.2,18.8,MICH,LPSMC,"La Pastoría, Mich.",0.01
-102.004444,20.354444,MICH,LPDMC,"La Piedad, Mich.",2.2
-102.865556,19.210833,MICH,LOLMC,"Los Olivos, Mich.",0
-102.133333,18.848611,MICH,LPNMC,"Los Panches, Mich.",14.3
-101.2,18.8,MICH,LPZMC,"Los Pinzanes, Mich.",0
-100.873611,19.829167,MICH,MLPMC,"Malpaís, Mich.",13.4
-100.439167,19.890833,MICH,MRVMC,"Maravatío, Mich.",9.03
-102.205833,18.023056,MICH,MLCMC,"Melchor Ocampo L.C., Mich.",0
-101.724444,20.127222,MICH,MOCMC,"Melchor Ocampo, Mich.",2.5
-101.1,19.7,MICH,MCEMC,"Morelia Centro, Mich.",11.02
-101.2,19.7,MICH,MNOMC,"Morelia Norte, Mich.",13.62
-101.176111,19.688611,MICH,MORMC,"Observatorio de Morelia, Mich.",15.4
-102.284167,20.006667,MICH,ZAMMC,"Observatorio de Zamora, Mich.",8.5
-102.316667,19.983333,MICH,ZAMORAob,"Observatorio de Zamora, Mich. SMN*",0.4
-102.325,19.964167,MICH,ORAMC,"Orandino, Mich.",0
-101.6,20.3,MICH,PORMC,"Pastor Ortiz, Mich.",2.02
-101.044167,19.826944,MICH,PDBMC,"Planta de bombeo, Mich.",9.5
-102.136944,19.961389,MICH,PUREPETIRO,"Presa Urepetiro, Mich. SGT*",2.4
-100.684167,19.621389,MICH,PUCMC,"Pucuato, Mich.",0
-102.716667,20.066667,MICH,SAHMC,"Sahuayo, Mich.",0
-102.464722,20.208333,MICH,SCRMC,"San Cristóbal, Mich.",0
-102.651389,19.839444,MICH,SJUMC,"San Juanico, Mich.",15
-102.4,20.1,MICH,SSIMC,"San Simón, Mich.",0.01
-100.229167,20.000278,MICH,TEPMC,"Tepuxtepec, Mich.",22.4
-100.229167,20.000556,MICH,TEPUXTEPECF,"Tepuxtepec, Mich. FENIX*",23.7
-100.299167,19.766389,MICH,TMUMC,"Tercer Mundo, Mich.",2.2
-102.137778,19.962222,MICH,UREMC,"Urepetiro, Mich.",1.8
-101.45,19.55,MICH,VJIMC,"Villa Jiménez, Mich.",14.1
-102.242222,20.339444,MICH,YURMC,"Yurécuaro, Mich.",0
-102.283333,20.333333,MICH,YURECUARO,"Yurécuaro, Mich. SGT*",0
-101.795,19.805278,MICH,ZCAMC,"Zacapu, Mich.",12.5
-101.931944,18.921111,MICH,ZICMC,"Zicuirán, Mich.",0
-100.828611,19.860278,MICH,ZINMC,"Zinapécuaro, Mich.",3.12
-98.829167,18.947222,MOR,ACHMR,"Achichipico, Mor.",1.5
-99.258056,18.734722,MOR,ALUMR,"Alpuyeca, Mor.",2.01
-99.376944,18.596111,MOR,AMCMR,"Amacuzac, Mor.",8.8
-98.771111,18.755278,MOR,AMIMR,"Amilcingo, Mor.",3
-99.463611,18.68,MOR,APAMR,"Apacingo, Mor.",24.21
-98.928056,18.948889,MOR,ATLMR,"Atlatlahucan, Mor.",0.2
-98.955278,18.850556,MOR,CASMR,"Casasano, Mor.",0
-98.954444,18.817778,MOR,CUSMR,"Cuautla SMN, Mor.",0
-98.948889,18.808611,MOR,CUAMR,"Cuautla, Mor.",0.02
-99.375556,18.701667,MOR,CUTMR,"Cuautlita, Mor.",0.02
-99.2,18.9,MOR,CUEMR,"Cuernavaca, Mor.",0.04
-98.786667,18.690556,MOR,ELPMR,"El Peñón, Mor.",1.01
-99.331389,18.765278,MOR,RODMR,"El Rodeo, Mor.",0
-99.273611,18.503889,MOR,EZPMR,"Emiliano Zapata, Mor.",0
-99.180278,18.573889,MOR,HIGMR,"Higuerón, Mor.",1.2
-99.424167,18.608333,MOR,HUAMR,"Huajintlán, Mor.",8
-99.025,18.441389,MOR,HUTMR,"Huautla, Mor.",5.8
-98.75,18.883333,MOR,HUEMR,"Hueyapan, Mor.",5.5
-99.265,19.028889,MOR,HUIMR,"Huitzilac, Mor.",14.73
-99.158611,18.883611,MOR,IMTMR,"Instituto Mexicano de Tecnología del Agua, Mor. SMN*",0
-99.2,18.6,MOR,JOJMR,"Jojutla, Mor.",0.2
-98.8,18.7,MOR,JNCMR,"Jonacatepec, Mor.",1.01
-98.914444,18.683611,MOR,LCUMR,"La Cuera, Mor.",2.41
-99.4,18.7,MOR,MIAMR,"Miacatlán, Mor.",12.5
-99.004722,18.727222,MOR,MYOMR,"Moyotepec, Mor.",0.01
-99.140833,18.519444,MOR,NEXMR,"Nexpa, Mor.",0.01
-99.031389,18.923333,MOR,OACMR,"Oacalco, Mor.",1
-98.901389,18.900556,MOR,OAXMR,"Oaxtepec, Mor.",6
-99.219167,18.908889,MOR,OBSMR,"Observatorio de Cuernavaca, Mor.",2.41
-99.196667,18.651389,MOR,ZCTMR,"Observatorio de Zacatepec, Mor.",0.51
-98.758611,18.8825,MOR,OCTMR,"Ocuituco, Mor.",2
-99.433333,18.8675,MOR,PAPMR,"Palpan, Mor.",0.91
-99.156944,18.771111,MOR,PROMR,"Progreso, Mor.",0
-99.322778,18.633333,MOR,PIXMR,"Puente de Ixtla, Mor.",7.02
-99.042778,18.580278,MOR,SPHMR,"San Pablo Hidalgo, Mor.",3.3
-99.190556,18.918333,MOR,SLDMR,"Solidaridad, Mor.",0.01
-99.093889,18.705833,MOR,TMPMR,"Temilpa, Mor.",0
-99.223611,18.856944,MOR,TEMMR,"Temixco, Mor.",0.01
-98.786944,18.778056,MOR,TMCMR,"Temoac, Mor.",0.01
-98.83,18.638333,MOR,TEBMR,"Tepalcingo Bachillerato, Mor.",1.3
-98.843611,18.596389,MOR,TPLMR,"Tepalcingo, Mor.",0.01
-99.072778,18.971389,MOR,TPZMR,"Tepoztlán, Mor.",2.51
-99.250278,18.611111,MOR,TQGMR,"Tequesquitengo, Mor.",5.4
-98.710278,18.876389,MOR,TETMR,"Tetela del Volcán, Mor.",1.2
-99.103889,18.794167,MOR,TICMR,"Ticumán, Mor.",0.2
-99.306111,18.487778,MOR,TILMR,"Tilzapotla, Mor.",4.7
-98.75,18.813333,MOR,TLOMR,"Tlacotepec, Mor.",6
-98.943611,19.038056,MOR,TLCMR,"Tlacualera, Mor.",2
-98.9,18.9,MOR,TLYMR,"Tlayacapan, Mor.",2.3
-98.92,18.9875,MOR,TOTMR,"Totolapan, Mor.",0
-99.241667,19.054167,MOR,TMAMR,"Tres Marías, Mor.",13.03
-99.3875,18.731389,MOR,VIAMR,"Vista Alegre, Mor.",1.53
-99.190278,18.528889,MOR,XICMR,"Xicatlacotla, Mor.",4.4
-99.25,18.683333,MOR,XXOMR,"Xoxocotla, Mor.",0.3
-99.050556,18.899167,MOR,YAHMR,"Yautepec, Mor.",0
-98.858333,18.891667,MOR,YEEMR,"Yecapixtla ETA 118, Mor.",2
-105.354167,22.49,NAY,ACANR,"Acaponeta, Nay.",0
-104.802222,21.839167,NAY,AGMNR,"Aguamilpa Solidaridad, Nay.",0
-104.5,21.944167,NAY,CHPNR,"Chapalagana, Nay.",0
-105.136667,20.889722,NAY,GAVNR,"Gaviotas, Nay.",0
-104.516944,22.250833,NAY,JMANR,"Jesús María, Nay.",0
-105.341667,22.558333,NAY,LESNR,"La Estancia, Nay.",0
-104.450833,21.428333,NAY,CJNNR,"Leonardo Rodríguez Alcaine, Nay.",0
-104.891944,21.489444,NAY,TEPNR,"Observatorio de Tepic, Nay.",0
-105.020833,22.377778,NAY,PAJNR,"Pajaritos, Nay.",0
-105.211667,22.119722,NAY,ROMNR,"Rosamorada, Nay.",0
-105.1425,21.958333,NAY,RUINR,"Ruiz, Nay.",0
-105.285556,21.531389,NAY,SANBLASmar,"San Blas, Nay. SEMAR*",0
-104.8875,21.780833,NAY,RSRNR,"San Rafael, Nay.",0
-99.816667,24.1,NL,ARRNL,"Aramberri, N.L.",4.12
-99.743889,24.99,NL,CABNL,"Cabezones, N.L.",69.51
-99.975,25.590278,NL,CDRNL,"Cadereyta, N.L.",30.21
-99.578889,24.871944,NL,CAMNL,"Camacho, N.L.",38.62
-99.439444,24.976111,NL,CARNL,"Carmen de los Elizondo Linares, N.L.",31.75
-99.614167,26.091389,NL,CRVNL,"Cerralvo, N.L.",48.32
-99.6975,24.783611,NL,CRUNL,"Crucitas, N.L.",54.5
-99.276944,25.711667,NL,CCHNL,"Cuchillo Solidaridad, N.L.",10.53
-100.276111,25.801389,NL,CanadaS,"El Canadá, N.L. SAHM*",39.15
-100.198056,25.5175,NL,ECSNL,"El Cerrito, N.L.",64.01
-100.308333,25.576944,NL,ELDIENTE,"El Diente, N. L. SMN*",32.98
-100.083333,24.833333,NL,GALNL,"Galeana, N.L.",18.51
-99.399722,24.9375,NL,CPRNL,"José López Portillo, N.L.",36.7
-99.911667,24.321944,NL,ASCNL,"La Ascensión, N.L.",2.5
-99.221667,24.992778,NL,PAMNL,"La Pamona, N.L.",30.03
-99.527222,25.497222,NL,LERNL,"Las Enramadas, N.L.",18.02
-100.118056,23.4225,NL,MYNNL,"Mier y Noriega, N.L.",9.22
-99.833333,25.174167,NL,MTMNL,"Montemorelos, N.L.",26.32
-100.304722,25.733611,NL,OBSNL,"Observatorio de Monterrey, N.L.",19.01
-100.304722,25.733611,NL,MONTERREYob,"Observatorio de Monterrey, N.L. SMN*",11.8
-100.128889,25.429444,NL,PLABOCA,"Presa La Boca, N.L. SGT*",15.6
-100.240278,25.856944,NL,RADIOSONDEOMTY,"Radiosondeo, Monterrey N.L. SGT*",16.4
-100.128056,25.428056,NL,LBCNL,"Rodrigo Gómez, N.L.",31.8
-100.372222,27.429167,NL,PSANL,"Salinillas, N.L.",55.52
-100.551111,25.028333,NL,SRANL,"San Rafael, N.L.",10.52
-99.777778,23.981389,NL,ZRGNL,"Zaragoza, N.L.",0
-95.700556,16.010833,OAX,ASTOX,"Astata, Oax.",0
-96.53,17.43,OAX,ATEOX,"Atepec, Oax.",3.5
-96.1,17.016667,OAX,AYUOX,"Ayutla, Oax.",23.2
-95.929167,16.647222,OAX,BOQOX,"Boquilla 1, Oax.",13.31
-98.278333,17.532778,OAX,CALOX,"Calihualá, Oax.",0.01
-94.816667,16.583333,OAX,CHIOX,"Chicapa, Oax.",2.82
-96.658333,18.492778,OAX,CSPOX,"Cosolapa, Oax.",30.14
-96.388889,18.1525,OAX,DPSOX,"Dique Pescaditos, Oax.",58.31
-95.374444,16.434722,OAX,EMAOX,"El Marqués, Oax.",0
-97.680278,17.267222,OAX,TLXOX,"Heroica Ciudad de Tlaxiaco, Oax.",1.4
-97.808333,17.654444,OAX,TSLOX,"Heroica Villa Tezoatlán de Segura y Luna, Oax.",6.4
-97.776111,17.806667,OAX,HDLOX,"Huajuapan de León, Oax.",4.62
-95.053889,16.503611,OAX,IXTALTEPEC,"Ixtaltepec, Oax. SGT*",11.6
-95.1,16.583333,OAX,IXTOX,"Ixtepec, Oax.",7.21
-96.55,17.266667,OAX,SCIOX,"Ixtepeji, Oax.",10
-96.2,17.866667,OAX,JACOX,"Jacatepec, Oax.",108
-95.483333,17.45,OAX,MAROX,"María Lombardo, Oax.",44.92
-96.263611,17.999167,OAX,CDOOX,"Miguel de la Madrid Hurtado, Oax.",78.2
-96.733333,17.066667,OAX,OACOX,"Oaxaca Centro, Oax.",9.11
-96.7,17.001389,OAX,OAOOX,"Observatorio de Aeropuerto Oaxaca, Oax.",11.04
-97.776111,17.806667,OAX,HLOOX,"Observatorio de Huajuapan de León, Oax.",4.8
-96.483333,15.666667,OAX,PTAOX,"Observatorio de Puerto Ángel, Oax.",0
-95.2,16.183333,OAX,SCROX,"Observatorio de Salina Cruz, Oax.",5.8
-96.716667,17.072778,OAX,PIAOX,"Organismo de Cuenca Pacífico Sur PIAE, Oax.",2.91
-94.4,16.5,OAX,OSTOX,"Ostuta, Oax.",8.51
-96.083333,18.166667,OAX,PAPOX,"Papaloapan, Oax.",70.14
-96.412222,18.232222,OAX,TEMOX,"Presidente Alemán, Oax.",73.3
-95.397778,16.445556,OAX,JDMOX,"Presidente Benito Juárez, Oax.",0
-95.481389,16.585278,OAX,RHOOX,"Río Hondo, Oax.",0
-95.916667,17.733333,OAX,RMLOX,"Río Manso Lalana, Oax.",93.8
-97.725,16.102778,OAX,RVEOX,"Río Verde, Oax.",0
-97.839444,17.156667,OAX,SACOX,"San Andrés Chicahuaxtla, Oax.",0.3
-97.720556,17.533611,OAX,AMTOX,"San Antonino Monte Verde, Oax.",12.3
-96.453611,17.1175,OAX,SMAOX,"San Antonio Cuajimoloyas, Oax.",16.41
-96.533333,17.883333,OAX,SFUOX,"San Felipe Usila, Oax.",36
-96.721944,15.812222,OAX,COZOX,"San Francisco Cozoaltepec, Oax.",0
-97.819167,17.746389,OAX,FOYOX,"San Francisco Yosocuta, Oax.",9.3
-98.282222,17.846111,OAX,SJCOX,"San Juan Cieneguillas, Oax.",16
-97.626667,18.1,OAX,SJNOX,"San Juan Nochixtlán, Oax.",0.01
-97.424444,17.550556,OAX,TEPOX,"San Juan Teposcolula, Oax.",21.43
-97.023056,17.459167,OAX,CMTOX,"Santiago Camotlán, Oax.",0.01
-97.680278,18.188611,OAX,SNCOX,"Santiago Chazumba, Oax.",10.4
-97.536667,17.726111,OAX,STTOX,"Santiago Teotongo, Oax.",11.6
-96.55,18.05,OAX,STDOX,"Santo Domingo, Oax.",56.11
-98.1425,17.501389,OAX,SLAOX,"Silacayoápam, Oax.",6.32
-95.6,16.416667,OAX,TEQOX,"Tequisistlán, Oax.",0.02
-97.426111,17.849167,OAX,TPLOX,"Tlacotepec Plumas, Oax.",13.4
-96.544722,15.739167,OAX,TNMOX,"Tonameca, Oax.",0
-96.133333,18.083333,OAX,TUXOX,"Tuxtepec, Oax.",103.52
-96.435278,17.933056,OAX,UCFOX,"Usila CFE, Oax.",48.2
-96.3,17.776389,OAX,VANOX,"Valle Nacional, Oax.",41.3
-97.826111,17.724444,OAX,YOSOX,"Yosocuta, Oax.",8.5
-95.93,17.15,OAX,ZACOX,"Zacatepec, Oax.",34.52
-94.216111,16.4025,OAX,ZANOX,"Zanatepec, Oax.",20.82
-98.389444,17.755278,OAX,ZALOX,"Zapotitlán Lagunas, Oax.",2.4
-97.818056,17.889722,OAX,ZAPOX,"Zapotitlán Palmas, Oax.",6.5
-97.934167,19.0625,PUE,ACJPB,"Acajete, Pue.",14.6
-98.055,18.277222,PUE,ADOPB,"Acatlán de Osorio, Pue.",10
-98.135833,18.9425,PUE,AFRPB,"Áfricam, Pue.",8.4
-97.920833,18.854167,PUE,AHAPB,"Ahuatepec, Pue.",2
-97.418056,19.45,PUE,ACHPB,"Alchichilca, Pue.",13.93
-97.845,20.406944,PUE,APAPB,"Apapantilla, Pue.",33.81
-98.420833,18.921111,PUE,ATXPB,"Atlixco, Pue.",6.2
-97.881111,20.385833,PUE,AVCPB,"Ávila Camacho, Pue.",66
-97.503333,19.961389,PUE,BAIPB,"Buenos Aires CFE, Pue.",147.74
-98.059444,19.092778,PUE,CPLPB,"Capulac, Pue.",12
-97.958333,18.968889,PUE,CEMPB,"Cemex, Pue.",17
-98.579167,18.516111,PUE,CHIPB,"Chietla, Pue.",0.54
-98.049722,19.743333,PUE,CNGPB,"Chignahuapan, Pue.",17.51
-98.567778,18.109722,PUE,CHSPB,"Chila de la Sal, Pue.",0
-97.360833,18.316389,PUE,CHCPB,"Chilac, Pue.",0
-98.318056,19.068611,PUE,CHLPB,"Cholula, Pue.",4.01
-97.441667,18.987222,PUE,CDSPB,"Ciudad Serdán, Pue.",46
-98.164722,18.612778,PUE,COAPB,"Coatzingo, Pue.",2.61
-98.198611,19.022778,PUE,CNAPB,"Conagua, Pue.",8
-97.516667,20.033333,PUE,CTZPB,"Cuetzalan del Progreso, Pue.",160.02
-98.275556,18.966111,PUE,ECHPB,"Echeverría, Pue.",0.54
-98.540278,18.772222,PUE,HQCPB,"Huaquechula, Pue.",0.1
-98.050833,20.176389,PUE,HUAPB,"Huauchinango, Pue.",64.71
-98.456111,19.101111,PUE,HJTPB,"Huejotzingo, Pue.",10.53
-98.72,18.039722,PUE,IXCAMILPACFE,"Ixcamilpa, Pue. CFE*",0
-97.815833,19.621667,PUE,IXTPB,"Ixtacamaxtitlán, Pue.",33.24
-98.466389,18.610833,PUE,IZMPB,"Izúcar de Matamoros, Pue.",5
-97.446667,19.960833,PUE,SOLPB,"La Soledad, Pue.",132.86
-97.691111,19.457222,PUE,LIBPB,"Libres, Pue.",58.52
-98.108611,18.9125,PUE,BDDPB,"Manuel Ávila Camacho, Pue.",3.23
-98.231111,19.010556,PUE,MAYPB,"Mayorazgo 21 Poniente, Pue.",5.06
-97.850278,20.733056,PUE,MTLPB,"Metlaltoyuca, Pue.",26.3
-96.781389,18.360278,PUE,NARPB,"Naranjastitla, Pue.",32.42
-98.000556,20.216667,PUE,NNEPB,"Necaxa, Pue.",38
-98.166667,19.05,PUE,PUOPB,"Observatorio de Puebla, Pue.",6.7
-98.166667,19.05,PUE,PUEBLAob,"Observatorio de Puebla, Pue. SMN*",7
-97.533333,19.7,PUE,OYAPB,"Oyameles, Pue.",17.05
-97.251389,18.918056,PUE,PCRPB,"Paso Carretas, Pue.",58
-97.883333,20.233333,PUE,PTLPB,"Patla, Pue.",97.5
-98.264722,18.2,PUE,PIXPB,"Piaxtla, Pue.",9.51
-97.702778,20.445833,PUE,PTEPALOMAS,"Puente Palomas, Pue. SGT*",20.3
-97.616667,19.25,PUE,QUIPB,"Quimixtlán, Pue.",44.41
-97.401667,20.116111,PUE,RNAPB,"Rancho Nuevo, Pue.",105.5
-98.22,19.113056,PUE,SCRPB,"San Cristóbal Caleras, Pue.",5.72
-97.208333,20.131389,PUE,SJAPB,"San José Acateno, Pue.",16
-98.4175,19.284167,PUE,SMTPB,"San Martín Texmelucan, Pue.",13.1
-97.91,18.735,PUE,SMCPB,"San Miguel Canoa, Pue.",0.01
-98.582222,19.330278,PUE,SRTPB,"Santa Rita Tlahuapan, Pue.",18.01
-97.486389,19.952778,PUE,STLPB,"Sontalalco CFE, Pue.",115.6
-97.7525,18.878889,PUE,TECPB,"Tecamachalco, Pue.",11.5
-97.395556,18.479167,PUE,TEHPB,"Tehuacán, Pue.",0
-98.777222,18.451944,PUE,TELPB,"Teotlalco, Pue.",0.9
-97.7925,20.004444,PUE,TDRPB,"Tepango de Rodríguez, Pue.",167
-97.9475,20.21,PUE,TEPPB,"Tepexic, Pue.",15
-96.861389,18.483611,PUE,TYAPB,"Tepeyac, Pue.",81.47
-97.491944,19.489167,PUE,TPYPB,"Tepeyahualco, Pue.",28.53
-97.805833,19.829444,PUE,TEOPB,"Tetela de Ocampo, Pue.",28.88
-97.359722,19.815278,PUE,TEZPB,"Teziutlán, Pue.",34.53
-96.849722,18.405,PUE,TLPPB,"Tlacotepec de Díaz, Pue.",43.1
-98.050833,20.176389,PUE,UDSPB,"Universidad de la Sierra, Pue.",56.13
-97.675833,20.510278,PUE,VENPB,"Venustiano Carranza, Pue.",10
-97.956944,20.277222,PUE,XDJPB,"Xicotepec de Juárez, Pue.",86.4
-97.585,19.859722,PUE,ZCPPB,"Zacapoaxtla, Pue.",33.81
-97.832778,20.178611,PUE,ZRGPB,"Zaragoza, Pue.",16.5
-97.011389,18.332222,PUE,ZOQPB,"Zoquitlán, Pue.",37.01
-100.435556,20.604167,QRO,CARQT,"Carrillo, Qro.",1.5
-100.080278,20.418611,QRO,CNSQT,"Constitución de 1917, Qro.",0
-100.412222,20.504167,QRO,BATQT,"El Batán, Qro.",0
-100.453333,20.535,QRO,EPUQT,"El Pueblito, Qro.",2
-100.366667,20.566667,QRO,GHQQT,"Gerencia Hidalgo, Qro.",2
-99.479722,21.230278,QRO,JLPQT,"Jalpan, Qro.",0.01
-100.45,20.7,QRO,JRQQT,"Juriquilla, Qro.",3.3
-100.366667,20.566667,QRO,OBSQT,"Observatorio de Querétaro, Qro.",1.3
-99.815,21.055833,QRO,PMLQT,"Peñamiller, Qro.",0
-99.9625,20.198611,QRO,IDFQT,"San Ildefonso, Qro.",1
-100,20.3625,QRO,SJSQT,"San José, Qro.",0.7
-87.300556,18.755556,QROO,CHINCHORROmar,"Banco Chinchorro, Q. Roo. SEMAR*",47.74
-86.775833,21.074444,QROO,CNCQR,"Cancún Radar, Q. Roo. SMN*",21.77
-86.820278,21.156667,QROO,CANQR,"Cancún, Q. Roo.",30.2
-86.946111,20.51,QROO,COZQR,"Cozumel, Q. Roo.",131.2
-86.906944,20.476944,QROO,CO2QR,"Cozumel, Q. Roo. SMN*",66.8
-88.703611,19.752222,QROO,JMORELOS,"José María Morelos, Q. Roo. SMN*",45
-88.880278,17.896944,QROO,LAUNION,"La Unión, Q. Roo. SMN*",0
-88.923889,18.455278,QROO,NICOLASBRAVO,"Nicolás Bravo, Q. Roo. SMN*",54.25
-88.3275,18.500556,QROO,CHOQR,"Observatorio de Chetumal, Q. Roo.",87.92
-88.3275,18.500556,QROO,CHETUMALob,"Observatorio de Chetumal, Q. Roo. SMN*",78
-88.045,19.575556,QROO,FCRQR,"Observatorio de Felipe Carrillo Puerto, Q. Roo.",70.6
-106.654167,24.047222,SIN,ACTSI,"Acatitán, Sin.",0
-107.388333,25.101389,SIN,ALMSI,"Adolfo López Mateos, Sin.",0
-108.7,25.7,SIN,ARCSI,"Adolfo Ruiz Cortines, Sin.",0
-107.466667,25.033333,SIN,AWSSI,"Andrew Weiss, Sin.",0.1
-107.911944,25.855278,SIN,GD2SI,"Bacurato hidrométrica de Gustavo Díaz Ordaz, Sin.",0
-107.5375,25.333333,SIN,BDRSI,"Badiraguato, Sin.",0
-108.3,26.3,SIN,CFRSI,"Cofradía, Sin.",0
-107.4,24.816667,SIN,CLCSI,"Culiacán, Sin.",1
-109.333333,26.1,SIN,CRRSI,"El Carrizo, Sin.",0
-108.616667,26.433333,SIN,EFTSI,"El Fuerte, Sin.",0
-108.316667,26.083333,SIN,GB2SI,"El Sabinal hidrométrica, Sin.",0.1
-107.383333,25.090278,SIN,AL2SI,"El Varejonal hidrométrica, Sin.",0.1
-108.358611,25.739167,SIN,ZOPSI,"El Zopilote, Sin.",0.1
-108.480833,25.806667,SIN,ENASI,"Estación Naranjo, Sin.",0.1
-108.091667,25.469444,SIN,GMCSI,"Guamúchil, Sin.",0.1
-108.466667,25.716667,SIN,GSVSI,"Guasave, Sin.",0
-107.225,25.344444,SIN,GTNSI,"Guatenipa, Sin.",2.51
-107.911111,25.856667,SIN,GDOSI,"Gustavo Díaz Ordaz, Sin.",0
-109.333333,25.983333,SIN,HDZSI,"Higuera de Zaragoza, Sin.",0
-106.695833,24.121944,SIN,SLTSI,"Ing. Aurelio Benassini Vizcaíno, Sin.",0
-108.3275,26.103056,SIN,GBESI,"Ing. Guillermo Blake Aguilar, Sin.",0
-106.595833,23.955556,SIN,IXPSI,"Ixpalino, Sin.",0
-108.013889,25.9,SIN,JNASI,"Jaina, Sin.",0
-106.807222,24.571667,SIN,JLPSI,"José López Portillo, Sin.",0
-108.7025,26.426944,SIN,JORSI,"Josefa Ortiz de Domínguez, Sin.",0
-107.059444,24.753611,SIN,JGRSI,"Juan Guerrero Alcocer, Sin.",0
-106.9,23.916667,SIN,LCRSI,"La Cruz, Sin.",0
-105.846944,23.088333,SIN,TORSI,"Las Tortugas, Sin.",0
-108.065556,25.484722,SIN,EBLSI,"Lic. Eustaquio Buelna, Sin.",0
-109,25.8,SIN,MCHSI,"Los Mochis, Sin.",0
-108.367778,26.844722,SIN,LDCSI,"Luis Donaldo Colosio, Sin.",0
-108.58,26.509722,SIN,PMHSI,"Miguel Hidalgo, Sin.",0
-108.329167,26.736111,SIN,CHXSI,"Observatorio de Choix, Sin.",0
-107.440556,24.634722,SIN,OBSSI,"Observatorio de Culiacán, Sin.",0
-106.4,23.233333,SIN,MZTSI,"Observatorio de Mazatlán, Sin.",0
-106.466667,23.5625,SIN,QLTSI,"Quelite, Sin.",0
-105.85,22.983333,SIN,RSRSI,"Rosario, Sin.",0
-107.8425,25.486667,SIN,SJNSI,"San Juan, Sin.",0
-107.1,24.45,SIN,SLRSI,"San Lorenzo, Sin.",0.1
-107.151389,24.815,SIN,SNLSI,"Sanalona, Sin.",0
-106.952778,24.484722,SIN,SCRSI,"Santa Cruz, Sin.",0
-106.25,23.35,SIN,SQRSI,"Siqueros, Sin.",0
-108.779167,26.073611,SIN,SFRSI,"Sufragio, Sin.",0
-109.070278,25.590833,SIN,TOPOLOBAMPOmar,"Topolobampo, Sin. SEMAR*",0
-107.059722,24.7475,SIN,VINSI,"Vinoramas, Sin.",0
-98.955833,21.748889,SLP,BLMSL,"Ballesmi, S.L.P.",15.2
-99.016667,21.983333,SLP,CDVSL,"Ciudad Valles, S.L.P.",6
-98.939722,21.847222,SLP,PUJSL,"El Pujal, S.L.P.",6.6
-99.239444,21.906944,SLP,GANSL,"Gallinas, S.L.P.",15.6
-100.548333,21.629444,SLP,TIESL,"La Muñeca, S.L.P.",0.01
-98.558333,21.972222,SLP,AJTSL,"Las Adjuntas, S.L.P.",1.91
-100.642778,23.656944,SLP,MATSL,"Matehuala, S.L.P.",0.02
-99.159444,22.12,SLP,MICSL,"Micos, S.L.P.",2.8
-99.32,22.523333,SLP,NRJSL,"Naranjos, S.L.P.",12.83
-98.8,21.333333,SLP,MTPSL,"Observatorio de Matlapa, S.L.P.",100.52
-99.995,21.931389,SLP,RVDSL,"Observatorio de Río Verde, S.L.P.",14.82
-101.019167,22.148056,SLP,SLPSL,"Observatorio de San Luis Potosí, S.L.P.",0
-100.983611,22.175833,SLP,SLPOTOSIob,"Observatorio de San Luis Potosí, S.L.P. SMN*",1.6
-98.773333,22.003611,SLP,TMISL,"Observatorio de Tamuín, S.L.P.",4.2
-100.762222,21.849722,SLP,OCTSL,"Ojo Caliente, S.L.P.",0.03
-99.830556,21.651111,SLP,PMYSL,"Pedro Montoya, S.L.P.",2.52
-98.888611,21.425,SLP,RQTSL,"Requetemu, S.L.P.",156.7
-101.683333,22.633333,SLP,SDHSL,"Salinas, S.L.P.",0
-98.617222,21.692778,SLP,SVTSL,"San Vicente, S.L.P.",13.9
-99.055833,22.02,SLP,STRSL,"Santa Rosa, S.L.P.",10.05
-101,22.2,SLP,SGRSL,"Soledad Graciano, S.L.P.",0
-99.146111,21.822222,SLP,TANCHACHIN,"Tanchachín, S.L.P. SGT*",20
-98.758889,21.241111,SLP,TMTSL,"Temamatla, S.L.P.",102.7
-98.857222,21.246667,SLP,TBLSL,"Tierra Blanca, S.L.P.",77.4
-100.820556,21.88,SLP,IVGSL,"Valentín Gama, S.L.P.",0.03
-110.92,29.076667,SON,ARLSO,"Abelardo Rodríguez Luján, Son.",2.2
-110.226111,29.825,SON,ACNSO,"Aconchi, Son.",2.5
-109.106667,27.226111,SON,ARCSO,"Adolfo Ruiz Cortines, Son.",0.01
-109.887778,27.75,SON,AGCSO,"Agua Caliente, Son.",7
-108.95,27.033333,SON,ALMSO,"Álamos, Son.",1.1
-109.8925,27.8225,SON,AOBSO,"Álvaro Obregón, Son.",5
-109.088611,30.07,SON,ARISO,"Aribabi, Son.",0.01
-110.1675,30.335833,SON,ARZSO,"Arizpe, Son.",0
-110.238611,30.598889,SON,BCNSO,"Bacanuchi, Son.",5.6
-108.931667,30.355278,SON,BCRSO,"Bacerac, Son.",2.51
-108.860833,27.421667,SON,BICSO,"Bicentenario, Son. SGT*",13.51
-112.435278,30.771944,SON,CABORCA,"Caborca, Son. SMN*",7.2
-110.290833,30.98,SON,CNNSO,"Cananea, Son.",9.51
-108.7625,26.603611,SON,CZNSO,"Cazanate, Son.",0
-109.625,27.416667,SON,CCRSO,"Cocoraque, Son.",7.01
-111.516389,30.873333,SON,CHTSO,"Cuauhtémoc, Son.",34
-110.736389,29.472222,SON,CJNSO,"El Cajón, Son.",0
-109.233333,29.2,SON,ECBSO,"El Cubil, Son.",4.1
-113.304722,31.68,SON,PINACATE,"El Pinacate, Son. SMN*",6.4
-110.85,27.95,SON,GYMSO,"Guaymas, Son.",2.2
-110.925833,29.073056,SON,HMNSO,"Hermosillo, Son.",2.81
-108.957222,30.210556,SON,HSHSO,"Huachinera, Son.",10
-110.396944,28.426389,SON,IRASO,"Ignacio R. Alatorre, Son.",3
-110.886944,30.761667,SON,IMRSO,"Imuris, Son.",8
-110.725556,29.2125,SON,PMOSO,"Ing. Rodolfo Félix Valdés, Son.",3.51
-109.378889,30.437778,SON,LCDSO,"Lázaro Cárdenas, Son.",2.8
-109.443333,27.071944,SON,NVJSO,"Navojoa, Son.",2.5
-110.947222,31.318889,SON,NGLSO,"Nogales, Son.",19.8
-110.913889,31.297778,SON,NOGALES,"Nogales, Son. SMN*",19.8
-109.930556,27.372222,SON,OBOSO,"Observatorio Cd. Obregón, Son. SMN*",2.11
-111.733333,30.716667,SON,ALTSO,"Observatorio de Altar, Son.",10
-109.938056,27.5,SON,COBSO,"Observatorio de Ciudad Obregón, Son.",7.01
-110.8,27.95,SON,EPLSO,"Observatorio de Empalme, Son.",3
-110.8,27.95,SON,EMPALMEob,"Observatorio de Empalme, Son. SMN*",3
-110.916667,29.066667,SON,HM2SO,"Observatorio de Hermosillo, Son.",2.21
-109.6875,30.374444,SON,NCZSO,"Observatorio de Nacozari, Son.",2.4
-113.550833,31.352778,SON,PT2SO,"Observatorio de Puerto Peñasco, Son.",1.5
-109.083333,29.433333,SON,PDNSO,"Paso Nácori, Son.",0.01
-112.116667,30.697778,SON,PTQSO,"Pitiquito, Son.",5.3
-109.642222,28.976667,SON,PECSO,"Plutarco Elías Calles, Son.",4
-110.308333,28.472222,SON,PTASO,"Punta de Agua 2, Son.",2.41
-111.021389,30.050556,SON,QRBSO,"Querobabi, Son.",4
-110.570556,29.707778,SON,RAYSO,"Rayón, Son.",0
-108.876667,27.411944,SON,SBNSO,"San Bernardo, Son.",13.51
-110.239167,28.713333,SON,SJPSO,"San José de Pimas, Son.",3
-111.445278,30.394722,SON,SRSSO,"Santa Rosa 2, Son.",0.02
-112.85,31.866667,SON,NYNSO,"Sonoyta, Son.",10.21
-112.846389,31.865278,SON,SONOYTA,"Sonoyta, Son. SMN*",11.39
-109.5,29.534722,SON,TPCSO,"Tepache, Son.",0.5
-109.2125,27.658333,SON,TSOSO,"Tesocoma, Son.",13.51
-110.289722,27.643611,SON,VCMSO,"Vícam, Son.",6.5
-108.927778,28.371389,SON,YCRSO,"Yécora, Son.",35.52
-91.535,17.756667,TAB,BALANCANHM,"Balancán, Tab. SGT*",35
-91.483333,17.433333,TAB,BDCTB,"Boca del Cerro, Tab.",103.3
-93.362778,17.865,TAB,CAMOAPA,"Camoapa, Tab. SGT*",0.4
-93.376389,18.001111,TAB,CARTB,"Cárdenas, Tab.",37
-92.814722,18.043611,TAB,EPOTB,"El Porvenir, Tab.",99.1
-93,17.975,TAB,GONTB,"González, Tab.",133.9
-93.066667,17.966667,TAB,GONZALEZ,"González, Tab. SGT*",135.1
-92.976944,17.980278,TAB,POSTA,"La Posta, Tab. SGT*",121
-92.92,17.75,TAB,LOSAGAVES,"Los Agaves, Tab. SGT*",67.5
-92.6,17.766667,TAB,MACTB,"Macuspana, Tab.",86.2
-92.6,17.766667,TAB,MACUSPANAHM,"Macuspana, Tab. SGT*",82.5
-93.316111,17.954444,TAB,MEZCALAPA,"Mezcalapa, Tab. SGT*",87
-92.929444,17.98,TAB,OBSTB,"Observatorio de Villahermosa, Tab.",124.4
-92.75,17.380556,TAB,OXOTB,"Oxolotán, Tab.",114.4
-93.33,18.42,TAB,PARAISO,"Paraíso SMN, Tab.",317.5
-93.390278,17.769167,TAB,PAREDON,"Paredón HC, Tab. SGT*",66
-93.622778,18.175,TAB,POBLADOC11,"Poblado C11, Tab. SGT*",136.8
-92.877222,18.010833,TAB,PORVENIR,"Porvenir, Tab. SGT*",98.6
-92.879167,17.854167,TAB,PNVTB,"Pueblo Nuevo, Tab.",97.7
-92.9375,17.566667,TAB,PUYTB,"Puyacatengo, Tab.",254.1
-93.275556,17.996944,TAB,SAMTB,"Samaria, Tab.",117.8
-93.283333,18,TAB,SAMARIA,"Samaria, Tab. SGT*",122.9
-91.158333,17.791667,TAB,SPTTB,"San Pedro, Tab.",39.4
-92.778611,17.456944,TAB,TAPTB,"Tapijulapa, Tab.",51.5
-93.02,18.25,TAB,TECOLUTA,"Tecoluta SGT, Tab.",328.3
-92.333889,17.840556,TAB,TEPETITAN,"Tepetitán, Tab. SGT*",27.3
-92.96,17.96,TAB,VIEJOMEZCALAPA,"Viejo Mezcalapa, Tab. SGT*",190.2
-92.916667,17.98,TAB,EMUTB,"Villahermosa Muelle, Tab.",124.4
-98.39,24.065556,TAMPS,ABSTP,"Abasolo, Tamps.",69.2
-98.370556,24.046667,TAMPS,ABASOLO,"Abasolo, Tamps. SGT*",69.2
-99.148889,22.986944,TAMPS,AHLTP,"Ahualulco, Tamps.",44.11
-97.876111,22.238333,TAMPS,BTCHAIREL,"Boca Toma Chairel, Tamps. SGT*",1.5
-97.926944,22.386111,TAMPS,BALTP,"Bombas Altamira, Tamps.",2.72
-98.814167,25.030833,TAMPS,CNDTP,"Cándido Aguilar, Tamps.",3.6
-99.1875,23.730278,TAMPS,CVTTP,"Ciudad Victoria, Tamps.",7.42
-97.817778,25.966389,TAMPS,CONTP,"Control, Tamps.",88.51
-98.935833,23.939167,TAMPS,CORTP,"Corona, Tamps.",4.1
-98.936389,23.937778,TAMPS,CORONA,"Corona, Tamps. SGT*",4.1
-99.233611,26.408889,TAMPS,LBLTP,"Derivadora Las Blancas, Tamps.",60.6
-99.123056,24.080556,TAMPS,BR1TP,"El Barretal Uno, Tamps.",5.31
-98.691667,22.605,TAMPS,ERCTP,"Estudiante Ramiro Caballero Dorantes, Tamps.",33.91
-99.154722,23.046667,TAMPS,GOMEZFARIAS,"Gómez Farías, Tamps. SGT*",12.4
-98.405278,22.798611,TAMPS,GONZALEZTP,"González, Tamps. SGT*",12.6
-99.078611,23.384444,TAMPS,ENNTP,"La Encantada, Tamps.",6.8
-97.953333,23.166389,TAMPS,LAETP,"La Esperanza, Tamps.",5.4
-99.120556,22.852778,TAMPS,LSRTP,"La Servilleta, Tamps.",16.22
-99.548333,26.816944,TAMPS,LASTORTILLASC,"Las Tortillas Río Salado, Tamps. CILA*",14
-98.791389,22.943889,TAMPS,SLZTP,"Lic. Emilio Portes Gil, Tamps.",3.8
-97.844167,22.283889,TAMPS,MDRTP,"Madero, Tamps.",7
-98.705556,22.795833,TAMPS,MGSTP,"Magiscatzín Dos, Tamps.",13.5
-99.551111,24.566667,TAMPS,MAGTP,"Magueyes, Tamps.",15.1
-99.546944,24.570278,TAMPS,MAGUEYES,"Magueyes, Tamps. SGT*",11.8
-98.925556,26.204722,TAMPS,MRGTP,"Marte Rodolfo Gómez, Tamps.",60.6
-97.522778,25.833333,TAMPS,MATTP,"Matamoros, Tamps.",33.05
-98.586389,25.1175,TAMPS,MENTP,"Mendez, Tamps.",84.7
-98.595,25.102222,TAMPS,MENDEZ,"Méndez, Tamps. SGT*",83.6
-99.148611,26.430556,TAMPS,CMRTP,"Mier, Tamps.",22.81
-99.434444,24.2525,TAMPS,MHGTP,"Miguel Hidalgo, Tamps.",13.52
-98.633889,22.494444,TAMPS,NVAAPOLONIA,"Nueva Apolonia, Tamps. SGT*",26.6
-99.490278,27.495556,TAMPS,NVLTP,"Nuevo Laredo, Tamps.",0
-99.166667,23.716667,TAMPS,CVCTP,"Observatorio de Ciudad Victoria, Tamps.",10.41
-98.208889,23.762222,TAMPS,SLMTP,"Observatorio de Soto la Marina, Tamps.",45.21
-98.9,24.05,TAMPS,PADTP,"Padilla, Tamps.",7.4
-98.901944,24.041389,TAMPS,PADILLA,"Padilla, Tamps. SGT*",6
-98.745833,23.726667,TAMPS,PDMTP,"Paso de Molina, Tamps.",6.21
-99.555833,24.2475,TAMPS,PJMTP,"Pedro José Méndez, Tamps.",15.62
-99.019167,24.208056,TAMPS,PILTP,"Pilón, Tamps.",5.9
-98.867778,24.115,TAMPS,PILON,"Pilón, Tamps. SGT*",5.9
-98.666667,23.961389,TAMPS,PVGUERRERO,"Presa Vicente Guerrero, Tamps. SGT*",31.2
-97.8,25.8,TAMPS,PANTP,"Pueblo Anáhuac, Tamps.",17.74
-99.583333,24.183333,TAMPS,PVLTP,"Puerto de Valles, Tamps.",14.5
-99.5975,24.184167,TAMPS,PTODEVALLES,"Puerto de Valles, Tamps. SGT*",14
-97.991944,23.259444,TAMPS,RSPTP,"República Española, Tamps.",9.1
-98,25.966667,TAMPS,RIBTP,"Río Bravo, Tamps.",55.81
-99.026111,22.843056,TAMPS,RFRTP,"Río Frío, Tamps.",26.31
-99.093056,23.031389,TAMPS,SBNTP,"Sabinas, Tamps.",31.8
-98.869444,22.784444,TAMPS,SDATP,"Saca de Agua, Tamps.",29.3
-98.787222,23.083611,TAMPS,SGBTP,"San Gabriel, Tamps.",27.6
-98.574722,25.135556,TAMPS,SNLORENZO,"San Lorenzo, Tamps. SGT*",74.6
-99.274167,24.0225,TAMPS,STETP,"Santa Engracia, Tamps.",13.1
-99.040833,26.374167,TAMPS,MGATP,"S-J-1-2 Miguel Alemán, Tamps.",60.91
-98.5975,26.238056,TAMPS,CDOTP,"S-J-2-18 Ciudad Díaz Ordaz, Tamps.",73.71
-98.883333,26.166667,TAMPS,RYNTP,"S-J-2-9 Reynosa, Tamps.",98
-98.285833,26.079722,TAMPS,RYATP,"S-J-3-42 Reynosa, Tamps.",98
-98.422778,22.423889,TAMPS,TMSTP,"Tamesí, Tamps.",40
-97.876111,22.238333,TAMPS,TMPTP,"Tampico, Tamps.",9.6
-97.8,25.7,TAMPS,VHMTP,"Valle Hermoso, Tamps.",43.55
-98.666389,23.959444,TAMPS,VGRTP,"Vicente Guerrero, Tamps.",30.1
-99.551111,24.566667,TAMPS,VSMTP,"Victoria San Marcos, Tamps.",7.01
-97.804167,25.906111,TAMPS,VCATP,"Villa Cárdenas, Tamps.",29.44
-98.131111,19.428611,TLAX,APITL,"Apizaco, Tlax.",20.01
-98.563889,19.586111,TLAX,CPPTL,"Calpulalpan, Tlax.",21.71
-97.769722,19.298889,TLAX,CUATL,"Cuapiaxtla, Tlax.",30.9
-97.6475,19.318056,TLAX,ECTTL,"El Carmen Tequexquitla, Tlax.",5.55
-98.246944,19.324722,TLAX,OBSTL,"Observatorio de Tlaxcala, Tlax.",13.41
-98.200556,19.556111,TLAX,SJATL,"San José Atlanga, Tlax.",15.02
-98.243056,19.219444,TLAX,ZACTL,"Zacatelco, Tlax.",8.4
-97.908056,19.200278,TLAX,ZITTL,"Zitlaltepec, Tlax.",30.02
-96.843889,19.695833,VER,ACAVC,"Acatlán, Ver.",73.03
-96.5875,19.495,VER,ACTVC,"Actopan, Ver.",42.42
-96.583333,19.495278,VER,ACTOPANVER,"Actopan, Ver. SGT*",10.4
-94.144444,18.141667,VER,AGDVC,"Agua Dulce, Ver.",71
-97.68,20.93,VER,ALAVC,"Álamo Temapache, Ver.",19.01
-97.234722,19.7625,VER,ALTVC,"Altotonga, Ver.",120.31
-95.4375,18.583333,VER,ARCVC,"Ángel Rosario Cabada, Ver.",6.42
-96.944444,19.588889,VER,BANVC,"Banderilla, Ver.",87
-96.933333,19.483333,VER,BRIVC,"Briones, Ver.",142.83
-96.971667,19.948889,VER,BUVVC,"Buena Vista Protección Civil, Ver.",99.8
-95.118333,18.415833,VER,LDCVC,"Canseco, Ver.",15.4
-96.374444,19.364722,VER,CRDVC,"Cardel, Ver.",11.2
-96.697778,19.433056,VER,CEGVC,"Cerro Gordo, Ver.",31.7
-95.8,18.3,VER,CCLVC,"Chacaltianguis, Ver.",73.4
-97.545,21.068333,VER,CLHVC,"Chalahuite, Ver.",16.42
-96.853611,18.563333,VER,CHMVC,"Chicomapa, Ver.",58.3
-96.939444,19.453889,VER,COAVC,"Coatepec, Ver.",141.61
-96.994444,19.332778,VER,CDCVC,"Cosautlán de Carvajal, Ver.",184.51
-97.0475,19.073333,VER,COSCOMATEPECB,"Coscomatepec, Ver. SGT*",48.2
-95.295833,18.144444,VER,CTTVC,"Cuatotolapan, Ver.",0.01
-97.470556,20.253056,VER,CIRVC,"El Ciruelo, Ver. PC",37.62
-97.399167,20.2575,VER,ESPVC,"El Espinal, Ver.",26.2
-98.459167,21.773611,VER,HGOVC,"El Higo, Ver.",9.8
-97.814444,21.184444,VER,PEMVC,"El Moralillo, Ver.",7.5
-97.097778,20.421944,VER,MRRVC,"El Morro, Ver. PC",26.1
-96.36,19.405833,VER,ENRVC,"El Naranjillo, Ver.",14
-98.5125,21.840278,VER,OLVVC,"El Olivo, Ver.",5
-96.713889,20.157778,VER,RAUVC,"El Raudal, Ver.",26
-96.210833,18.726944,VER,REMVC,"El Remolino Protección Civil, Ver.",2
-96.158333,19.068889,VER,ETEVC,"El Tejar, Ver.",0.04
-96.9975,18.897778,VER,FORVC,"Fortín, Ver.",101.7
-95.556944,18.270556,VER,GARVC,"Garro, Ver.",4.01
-96.950833,19.181667,VER,HTSVC,"Huatusco, Ver.",105.5
-98.483333,20.533333,VER,HUYVC,"Huayacocotla, Ver.",21.5
-96.554167,19.404167,VER,IDOVC,"Ídolos, Ver.",15.61
-96.884444,19.604722,VER,INCVC,"Ingenio Concepción, Ver.",103.51
-97.2175,21.471667,VER,ISLALOBOSmar,"Isla Lobos, Ver. SEMAR*",9.4
-97.3,19.816667,VER,JLNVC,"Jalacingo, Ver.",60
-94.666667,17.95,VER,JALVC,"Jaltipán, Ver.",23.3
-95.033333,17.433333,VER,JCRVC,"Jesús Carranza, Ver.",8
-94.330833,18.109444,VER,LCAVC,"La Cangrejera, Ver.",188.5
-96.666389,19.361667,VER,CUMVC,"La Cumbre, Ver.",3
-97.021111,19.603611,VER,JOYVC,"La Joya, Ver.",83.22
-96.210833,18.931389,VER,PEPVC,"La Pepehua Protección Civil, Ver.",0.02
-94.916667,17.416667,VER,LPEVC,"Las Perlas, Ver.",13
-97.1,19.65,VER,LVRVC,"Las Vigas de Ramírez, Ver.",37.2
-95.35,18.25,VER,LAUVC,"Lauchapan, Ver.",0.02
-96.978333,20.051944,VER,LIBVC,"Libertad, Ver.",202.75
-96.411111,19.261389,VER,LOFVC,"Loma Fina, Ver.",13.01
-97.231944,18.922778,VER,LGRVC,"Loma Grande, Ver.",25
-98.2875,21.194444,VER,HLSVC,"Los Hules, Ver.",12.4
-96.333333,19.15,VER,MFAVC,"Manlio Fabio Altamirano, Ver.",4.52
-97.048333,20.0675,VER,MDTVC,"Martínez de la Torre, Ver.",136.9
-98.045,20.8325,VER,MILVC,"Milcahual, Ver.",103
-94.771111,18.135278,VER,MNZVC,"Minzapan, Ver.",4.86
-96.833333,19.933333,VER,MZNVC,"Misantla, Ver.",113.81
-96.873611,19.650556,VER,NACVC,"Naolinco AC, Ver.",107.71
-96.872222,19.65,VER,NAOVC,"Naolinco, Ver.",129
-94.4,18.1,VER,COTVC,"Observatorio de Coatzacoalcos, Ver.",90.8
-97.1,18.85,VER,ORZVC,"Observatorio de Orizaba, Ver.",55.62
-97.4,20.955556,VER,TXPVC,"Observatorio de Tuxpan, Ver.",11.33
-96.111111,19.154167,VER,VERVC,"Observatorio de Veracruz, Ver.",0.42
-96.916667,19.533333,VER,XOBVC,"Observatorio de Xalapa, Ver.",157.02
-96.97,19.55,VER,OTIVC,"Otilpan, Ver.",132
-96.918056,19.48,VER,PAVVC,"Pacho Viejo, Ver.",150.04
-98.176667,22.06,VER,PNCVC,"Pánuco, Ver.",1.66
-97.316667,20.45,VER,PPNVC,"Papantla, Ver.",67
-98.155833,21.7375,VER,CHYVC,"Paso de Piedras, Ver.",16.91
-96.399444,18.837778,VER,PARVC,"Paso Real Protección Civil, Ver.",5.54
-97.238889,19.580556,VER,PERVC,"Perote, Ver.",26.23
-96.979722,19.588611,VER,PILVC,"Piletas, Ver.",74.82
-96.9025,20.172778,VER,CEPVC,"Pital Protección Civil, Ver.",48.54
-94.193611,17.872778,VER,PCNVC,"Planta de Bombeo 1 de La Cangrejera, Ver.",135.01
-94.253889,17.954444,VER,CB2VC,"Planta de Bombeo 2 de La Cangrejera, Ver.",148.01
-94.3775,18.103611,VER,PB3VC,"Planta de Bombeo 3 de La Cangrejera, Ver.",163.51
-98.356667,21.297778,VER,PSNVC,"Platón Sánchez, Ver.",16.3
-96.795278,18.888056,VER,PTNVC,"Potrero Nuevo, Ver.",54.03
-97.478333,20.540833,VER,PRCVC,"Poza Rica, Ver.",39.5
-97.475,20.543333,VER,POZARICA,"Poza Rica, Ver. SGT*",24.7
-97.254167,20.573611,VER,VEDVC,"Poza Verde, Ver. PC",16
-96.665,19.043333,VER,PTE4CAMINOS,"Puente Cuatro Caminos, Ver. SGT*",34
-96.704444,18.821944,VER,PTEAUTOPISTA,"Puente de la Autopista, Ver. SGT*",34.4
-95.627778,18.716667,VER,RALVC,"Radar Alvarado, Ver.",5.11
-88.160278,21.571111,VER,RILYC,"Río Lagartos, Yuc. SMN*",31.59
-97.608333,20.332778,VER,ANDVC,"San Andrecito, Ver. PC",0.06
-95.212778,18.450833,VER,STXVC,"San Andrés Tuxtla AC, Ver.",0
-94.088889,17.873611,VER,JDCVC,"San José del Carmen, Ver.",76.5
-96.130556,19.085833,VER,SJNVC,"San José Novillero, Ver.",1.91
-95.133333,17.883333,VER,SJEVC,"San Juan Evangelista, Ver.",49.62
-97.293056,19.696944,VER,SNTVC,"Santa Ana, Ver. PC",28.77
-96.921389,19.578611,VER,SEDVC,"Sedeño, Ver.",125.02
-95.183333,18.45,VER,SIHVC,"Sihuapán, Ver.",3.7
-97.809722,20.887222,VER,SBTVC,"Sombrerete, Ver.",54.88
-95.033333,18.516667,VER,SONVC,"Sontecomapan, Ver.",30.02
-96.488889,19.338889,VER,TAMVC,"Tamarindo, Ver.",80
-89.047222,20.030278,VER,TNTYC,"Tantaquín, Yuc. SMN*",22.08
-96.966667,19.45,VER,TAPVC,"Tapachapan, Ver.",143.1
-98.409444,21.499722,VER,TMPVC,"Tempoal, Ver.",50.1
-96.916667,19.811111,VER,TNCVC,"Tenochtitlán, Ver.",91.3
-96.966667,19.383333,VER,TCOVC,"Teocelo, Ver.",122
-96.797778,19.674444,VER,TEPVC,"Tepetlán Protección Civil, Ver.",24.5
-98.153056,21.039722,VER,TRRVC,"Terrerillos, Ver.",28.2
-94.163333,17.571944,VER,TMOVC,"Tierra Morada, Ver.",33
-97.125278,18.579722,VER,TLQVC,"Tlaquilpa, Ver.",32.41
-97.2225,19.921944,VER,TOMVC,"Tomata, Ver.",115.71
-96.950278,19.233611,VER,TOTVC,"Totutla, Ver.",89.21
-95.416667,18.466667,VER,TZAVC,"Tres Zapotes, Ver.",9.5
-96.613889,19.022222,VER,VTEVC,"Villa Tejeda, Ver.",0
-96.929167,19.511944,VER,XBSVC,"Xalapa Base PC, Ver.",141.8
-96.927778,19.542222,VER,XBMVC,"Xalapa Bomberos PC, Ver.",53.8
-96.863889,19.546667,VER,XCAVC,"Xalapa Castillo PC, Ver.",146
-96.85,19.55,VER,XCFVC,"Xalapa CFE, Ver.",146.42
-96.916111,19.536944,VER,XCNVC,"Xalapa Constituyentes PC, Ver.",141.6
-96.903889,19.542222,VER,XCRVC,"Xalapa Cristal, Ver.",128.73
-96.901111,19.534722,VER,XDAVC,"Xalapa Dos de Abril, Ver.",91.2
-96.935278,19.529167,VER,XIMVC,"Xalapa IMAC PC, Ver.",158.2
-96.935556,19.547222,VER,XMGVC,"Xalapa Magisterial, Ver.",71.63
-96.871667,19.511667,VER,XOLVC,Xalapa Olmos,115.94
-96.923889,19.527222,VER,XPMVC,"Xalapa Palacio PC, Ver.",124.8
-96.915556,19.565833,VER,XREVC,"Xalapa Revolución, Ver.",139.4
-96.929444,19.563333,VER,XSPVC,"Xalapa Sefiplan PC, Ver.",121.6
-96.894444,19.555833,VER,XSUVC,"Xalapa Sumidero, Ver.",136.9
-96.777778,19.863889,VER,YECVC,"Yecuatla, Ver.",54.5
-97.388889,19.413889,VER,ZALVC,"Zalayeta, Ver.",13
-89.681111,20.649444,YUC,ABAYC,"Abalá, Yuc.",20
-89.218889,19.883056,YUC,BECYC,"Becanchén, Yuc.",11
-89.081667,20.463056,YUC,CANYC,"Cantamayec, Yuc.",35
-90.3825,20.858056,YUC,CELYC,"Celestún, Yuc. SMN*",14.19
-89.638056,21.03,YUC,CICYC,"Centro de Investigación Científica, Yuc.",54
-89.657222,20.983611,YUC,CHMR_MERIDA,"Centro Hidrometeorológico Regional Mérida, Yuc. SMN*",59.6
-89.829444,20.752778,YUC,CHOYC,"Chocholá, Yuc.",21.5
-89.501111,21.078889,YUC,CONYC,"Conkal, Yuc.",31
-87.676667,21.5125,YUC,CYOYC,"El Cuyo, Yuc.",27.8
-89.583611,20.983889,YUC,EZAYC,"Emiliano Zapata, Yuc.",31.2
-89.4375,21.105556,YUC,MOCYC,"Mocochá, Yuc.",12.9
-89.291667,21.094167,YUC,MTOYC,"Motul, Yuc.",18.3
-89.711667,20.493333,YUC,MUNYC,"Muna, Yuc.",14.5
-89.651111,20.946389,YUC,MEOYC,"Observatorio de Mérida, Yuc.",86.9
-89.653889,21.275833,YUC,PROYC,"Observatorio de Progreso, Yuc.",80.3
-88.204167,20.69,YUC,VALYC,"Observatorio de Valladolid, Yuc.",55.9
-89.658056,20.984167,YUC,GARYC,"Organismo de Cuenca Península de Yucatán, Yuc.",73.5
-89.394722,20.290556,YUC,OXKYC,"Oxkutzcab, Yuc.",28.01
-88.930833,20.1325,YUC,PETYC,"Peto, Yuc.",11
-88.160556,21.571667,YUC,RLAYC,"Río Lagartos, Yuc.",37.4
-89.558056,20.397778,YUC,TICYC,"Ticul, Yuc.",27.91
-88.1725,21.158611,YUC,TIZYC,"Tizimín, Yuc.",26.4
-103.459167,21.811389,ZAC,ATGZC,"Atolinga, Zac.",0
-103.88,23.471944,ZAC,TCHZC,"Chalchihuites, Zac.",0
-102.346944,22.453056,ZAC,CUAZC,"Ciudad Cuauhtémoc, Zac.",0
-101.389444,24.621389,ZAC,CORZC,"Concepción del Oro, Zac.",0
-103.093611,23.693056,ZAC,ELCZC,"El Cazadero, Zac.",0
-102.889167,22,ZAC,CHIZC,"El Chique, Zac.",0
-102.040833,22.673056,ZAC,ELSZC,"El Saladillo, Zac.",0
-102.890833,23.173889,ZAC,FREZC,"Fresnillo, Zac.",0
-102.46,22.4875,ZAC,GRCZC,"Genaro Codina, Zac.",0
-103.093333,21.933333,ZAC,GJAZC,"General Joaquín Amaro, Zac.",0
-103.207222,23.179444,ZAC,LREZC,"Gobernador Leobardo Reynoso, Zac.",0
-102.506667,22.745556,ZAC,GPEZC,"Guadalupe, Zac.",0
-103.605556,21.223889,ZAC,HITZC,"Huitzila, Zac.",0
-103.493333,22.333056,ZAC,STEZC,"Independencia Nacional, Zac.",0
-102.859167,22.120833,ZAC,TAYZC,"Ing. Julián Adame Alatorre, Zac.",0
-103.001944,22.642778,ZAC,JERZC,"Jerez, Zac.",0
-103.337778,21.604722,ZAC,VILZC,"José María Morelos, Zac.",0
-103.397778,24.281667,ZAC,JALZC,"Juan Aldama, Zac.",0.4
-103.113889,21.404167,ZAC,JCHZC,"Juchipila, Zac.",0
-103.603056,22.687222,ZAC,LFLZC,"La Florida, Zac.",0
-102.660556,22.996944,ZAC,LLBZC,"Llano Blanco, Zac.",0
-101.985556,22.264722,ZAC,LORZC,"Loreto, Zac.",0
-102.897222,21.723056,ZAC,PMOZC,"Los Moraleños, Zac.",0
-102.251667,22.438611,ZAC,LMOZC,"Luis Moya, Zac.",0
-103.383333,22.836667,ZAC,LOBZC,"Manuel Felgueres, Zac.",0
-103.362222,21.212778,ZAC,MORZC,"Mezquital del Oro, Zac.",0
-103.339722,21.649444,ZAC,EXCZC,"Miguel Alemán, Zac.",0
-103.443056,24.2875,ZAC,MGAZC,"Miguel Auza, Zac.",0.01
-103.561667,22.306944,ZAC,MRSZC,"Monte Escobedo, Zac.",0
-102.845556,21.3575,ZAC,NCTZC,"Nochistlán, Zac.",0.01
-102.615,24.983056,ZAC,NTAZC,"Nuevo Tampico, Zac.",0.02
-103.636389,23.638889,ZAC,SOMZC,"Observatorio de Sombrerete, Zac.",0
-102.566944,22.778889,ZAC,LBUZC,"Observatorio de Zacatecas, Zac.",0
-102.269444,22.577778,ZAC,OCAZC,"Ojo Caliente, Zac.",0
-102.796667,22.347222,ZAC,PALZC,"Palomas, Zac.",0
-101.399167,22.117778,ZAC,PINZC,"Pino Suárez, Zac.",0
-102.951667,22.823611,ZAC,BTEZC,"Ramón López Velarde, Zac.",0
-103.025833,23.816944,ZAC,RGRZC,"Río Grande, Zac.",0
-102.8825,24.326111,ZAC,SFOZC,"San Francisco, Zac.",0.03
-103.112778,22.925833,ZAC,STRZC,"Santa Rosa, Zac.",0
-103.488889,24.289167,ZAC,SGOZC,"Santiago, Zac.",0.02
-103.461944,21.468611,ZAC,TGOZC,"Teúl de González Ortega, Zac.",0
-103.309444,21.773611,ZAC,TLLZC,"Tlaltenango, Zac.",0.01
-101.917222,22.520278,ZAC,VGOZC,"Villa González Ortega, Zac.",0
-102.585556,22.765,ZAC,ZACZC,"Zacatecas, Zac.",0
