LON,LAT,EDO,CLAVE,ESTACION,nov-23
-102.712222,21.849167,AGS,CALVILLO,"Calvillo, Ags. SMN*",17.83
-102.676944,21.9975,AGS,CDRAG,"La Codorniz, Ags.",29.1
-102.197222,22.007222,AGS,CHOAG,"Cañada Honda, Ags.",75.5
-102.189167,21.826667,AGS,CLVAG,"Calvillo, Ags.",56.81
-101.992222,21.897778,AGS,CNSAG,"Los Conos, Ags.",60.42
-102.296667,22.362778,AGS,CSOAG,"Cosío, Ags.",61.01
-102.356944,22.121667,AGS,JCQAG,"Jocoque, Ags.",63.3
-102.788333,21.8075,AGS,MNLAG,"Media Luna, Ags.",50.97
-102.371667,21.78,AGS,NGRAG,"El Niágara, Ags.",62.03
-102.001944,22.020556,AGS,NVLAG,"El Novillo, Ags.",107.5
-102.290556,21.850833,AGS,OBSAG,"Observatorio de Aguascalientes, Ags.",53.83
-102.465,22.189167,AGS,P50ANIV,"Presa Cincuenta Aniversario, Ags. SMN*",46.8
-101.966667,21.916667,AGS,PALAG,"Palo Alto, Ags.",57
-102.279167,22.147222,AGS,PBLAG,"Pabellón, Ags.",46
-102.417222,22.141111,AGS,PECAG,"Plutarco Elías Calles, Ags.",51.01
-102.135,22.202778,AGS,PTOAG,"Puerto de la Concepción, Ags.",61.11
-102.4375,22.235,AGS,PTRAG,"Derivadora Pabellón, Ags.",52.61
-102.108889,21.885,AGS,SNVAG,"Sandovales, Ags.",57
-102.127778,21.807778,AGS,TNJAG,"La Tinaja 2, Ags.",43
-102.0675,22.097778,AGS,VJZAG,"Villa Juárez, Ags.",60
-116.908333,32.444722,BC,ALRBN,"Abelardo L. Rodríguez, B.C.",16.3
-114.719167,29.727222,BC,CATAVINA,"Cataviña, B.C. SMN*",14.67
-116.696944,32.479444,BC,CRRBN,"El Carrizo, B.C.",32.8
-116.828333,32.468056,BC,EFLBN,"El Florido, B.C.",20.32
-116.6025,31.890278,BC,ELZBN,"Emilio López Zamora, B.C.",30.4
-115.931389,30.517222,BC,ENBBN,"San Quintín, B.C.",16.12
-115.15,32.411111,BC,ENLBN,"Observatorio de Ejido Nuevo León, B.C.",2.9
-116.302778,32.516389,BC,HNGBN,"El Hongo, B.C.",36.1
-115.1875,28.034444,BC,ISLACEDROSmar,"Isla Cedros, B.C. SEMAR*",4.06
-114.728056,32.705,BC,JMRBN,"Interconexión José María Morelos y Pavón, B.C.",2.01
-115.27,32.39,BC,MXCBN,"Mexicali, B.C.",3.9
-114.729444,32.703889,BC,PDMBN,"Presa derivadora Morelos, B.C.",2.01
-116.205556,32.272222,BC,RUMOROSA,"La Rumorosa, B.C. SMN*",0
-114.85,31.033333,BC,SFLBN,"Observatorio de San Felipe, B.C.",12
-116.661667,32.568611,BC,TECATE,"Tecate, B.C. SMN*",17.4
-111.663611,25.009722,BCS,CCNBS,"Observatorio de Ciudad Constitución, B.C.S.",3.21
-109.925833,22.8975,BCS,CSLBS,"Cabo San Lucas, B.C.S.",4.52
-113.457778,27.643611,BCS,DORBS,"Díaz Ordaz, B.C.S.",0.52
-114.051944,27.963056,BCS,GNGBS,"Guerrero Negro, B.C.S.",8.64
-109.697222,23.680556,BCS,LBABS,"Los Barriles, B.C.S.",4
-110.366667,24.15,BCS,LPZBS,"Observatorio de La Paz, B.C.S.",4.6
-111.349167,26.011667,BCS,LRTBS,"Observatorio de Loreto, B.C.S.",0.83
-111.983056,26.896111,BCS,MLGBS,"Mulegé, B.C.S.",0.41
-111.829444,24.481111,BCS,PCORTESmar,"Puerto Cortés, B.C.S. SEMAR*",4.826
-109.934167,23.9675,BCS,PLNBS,"Los Planes, B.C.S.",2.01
-109.591389,23.593056,BCS,RBRBS,"La Ribera, B.C.S.",4.04
-110.059167,23.805,BCS,SANBS,"San Antonio, B.C.S.",4.32
-109.995,24.083889,BCS,SARBS,"El Sargento, B.C.S.",3.02
-109.843889,23.738333,BCS,SBABS,"San Bartolo, B.C.S.",3.01
-109.708333,23.118889,BCS,SJCBS,"San José del Cabo, B.C.S.",3
-109.998611,23.555556,BCS,SLAGUNA,"Sierra La Laguna, B.C.S. SMN*",13
-109.713611,23.490278,BCS,SNTBS,"Santiago, B.C.S.",2.11
-112.272778,27.337778,BCS,SRLBS,"Observatorio de Santa Rosalía, B.C.S.",0.2
-110.210556,23.478889,BCS,TSNBS,"Todos Santos, B.C.S.",1
-89.743889,20.003889,CAMP,BOLCA,"Bolonchén, Camp.",63.81
-90.575556,19.295,CAMP,CANCA,"Canasayab, Camp.",225.2
-91.761389,18.654167,CAMP,CARCA,"El Carmen, Camp.",322.1
-91.962778,20.203889,CAMP,CAYOARCASmar,"Cayo Arcas, Camp. SEMAR*",123.19
-90.72,19.361667,CAMP,CHMCA,"Champotón, Camp.",132.02
-90.544167,19.838333,CAMP,CMPCA,"Campeche, Camp.",46.5
-91.046111,18.183056,CAMP,CNDCA,"Candelaria, Camp.",178.15
-90.507222,19.838611,CAMP,COBCA,"Observatorio de Campeche, Camp.",55.8
-90.741111,18.604444,CAMP,ESCCA,"Escárcega, Camp.",83.22
-90.105556,20.184167,CAMP,HECCA,"Hecelchakán, Camp.",10
-89.848333,19.751944,CAMP,HPOCA,"Hopelchen, Camp.",75.8
-90.820833,18.056944,CAMP,MONCLOVACAMP,"Monclova, Camp. SMN*",92
-90.221389,19.605833,CAMP,NYXCA,"Noh-Yaxché, Camp.",127.7
-92.086944,18.253056,CAMP,PLZCA,"Palizada, Camp.",450
-91.175833,18.972778,CAMP,SBNCA,"Sabancuy, Camp.",170.01
-89.860278,19.664444,CAMP,XCPCA,"Xcupil, Camp.",164.3
-89.396111,18.502222,CAMP,XPJCA,"Xpujil, Camp.",122
-107.482778,28.481667,CHIH,AGZCH,"Abraham González, Chih.",13
-107.9,27.9,CHIH,BTVCH,"Batovira, Chih.",3.7
-107.930833,30.376667,CHIH,CAGCH,"Observatorio de Nuevo Casas Grandes, Chih.",3.8
-106.84,28.396667,CHIH,CDCUAUHTEMOC,"Ciudad Cuauhtémoc, Chih. SMN*",8.2
-105.446944,28.210833,CHIH,CDLCH,"Ciudad Delicias, Chih.",11.51
-106.770556,26.229444,CHIH,CHNCH,"Chinatú, Chih. SMN*",22.29
-106.400278,31.736667,CHIH,CJZCH,"Ciudad Juárez, Chih.",12.4
-105.381667,27.410278,CHIH,CL2CH,"Colina hidrométrica, Chih.",16.5
-107.633333,27.75,CHIH,CRLCH,"Creel, Chih.",14.52
-105.628889,28.166111,CHIH,FIMCH,"Francisco I. Madero, Chih.",15.52
-107.072222,26.816667,CHIH,GCCCH,"Guachochi, Chih. SMN*",10
-108.3,29.2,CHIH,GPCCH,"Guapoca, Chih.",3.32
-107.879167,26.870833,CHIH,IGNCH,"San Ignacio, Chih.",25
-108.427222,30.838889,CHIH,JANOS,"Janos, Chih. SMN*",0
-105.414167,27.544722,CHIH,LBQCH,"La Boquilla, Chih.",19.5
-107.025833,29.88,CHIH,LJSCH,"Las Lajas, Chih.",8.02
-105.28,28.984444,CHIH,LLNCH,"Ing. Luis L. León, Chih.",11.92
-107.994167,27.858611,CHIH,MAGCH,"Maguarichi, Chih. SMN*",6.35
-106.486111,28.803333,CHIH,MAJALCA,"Cumbres de Majalca, Chih. SMN*",14.4
-104.43,29.583333,CHIH,OJINAGAC,"Ojinaga Río Conchos, Chih. CILA*",13
-104.410833,29.565,CHIH,OJNCH,"Ojinaga, Chih.",6.21
-105.254167,26.546389,CHIH,PAGCH,"Pico del Águila, Chih.",19.02
-105.675556,26.917778,CHIH,PRRCH,"Observatorio de Parral, Chih.",30
-106.085556,28.656944,CHIH,QIJCH,"Observatorio de Chihuahua, Chih.",11.22
-107.85,28.95,CHIH,TMCCH,"Observatorio de Temósachic, Chih.",1.11
-107.384167,29.5625,CHIH,TNTCH,"El Tintero, Chih.",7.21
-107.9125,27.216667,CHIH,URECH,"Urique, Chih.",0
-92.804167,16.552778,CHIS,ACACP,"Acala, Chis.",1.9
-92.034722,16.737778,CHIS,ALTAMIRANO,"Altamirano, Chis. SGT*",121
-92.778889,16.401389,CHIS,ANGCP,"Doctor Belisario Domínguez, Chis.",0.3
-93.8975,16.241111,CHIS,AROCP,"Observatorio de Arriaga, Chis.",1.5
-93.427222,17.253611,CHIS,AZAPACCFE,"Aza-Pac, Chis. CFE*",596.4
-92.905833,16.997222,CHIS,BOCHIL,"Bochil, Chis. SGT*",52.9
-93.026389,16.9525,CHIS,BOMBANA,"Bombana, Chis. SGT*",46.2
-93.15,16.641944,CHIS,BOQCP,"Boquerón, Chis.",4.7
-92.716667,15.35,CHIS,CACCP,"Cacaluta, Chis.",16.7
-92.479167,16.308333,CHIS,CASCP,"Cascajal, Chis.",1.1
-92.483056,15.969167,CHIS,CATARINITAS,"Catarinitas, Chis. SGT*",0.4
-91.949722,17.85,CHIS,CATAZAJA,"Catazajá, Chis. SGT*",0
-93.100556,16.941667,CHIS,CHICP,"Manuel Moreno Torres, Chis.",41.6
-92.283333,15.75,CHIS,CHMCP,"Chicomuselo, Chis.",64.3
-92.1,16.2,CHIS,COOCP,"Observatorio de Comitán, Chis.",12.6
-93.906111,16.2425,CHIS,CREDARRIAGA,"Cred Arriaga, Chis. SMN*",0
-92.135556,16.224444,CHIS,CREDCOMITAN,"Cred Comitan, Chis. SMN*",7.57
-92.113056,15.435833,CHIS,CUILCOCFE,"Cuilco, Chis. CFE*",68.1
-92.965278,15.727778,CHIS,CUXTEPEQUES,"Finca Cuxtepeques, Chis. SGT*",36.5
-92.575,15.204167,CHIS,DESCP,"Despoblado, Chis.",46.4
-92.925278,16.108333,CHIS,DORADOCFE,"El Dorado, Chis. CFE*",1.3
-92.590833,16.686111,CHIS,ELAGUAJE,"El Aguaje, Chis. SGT*",23.2
-92.584722,16.725833,CHIS,ELARCOTETE,"El Arcotete, Chis. SGT*",43.8
-92.95,15.495833,CHIS,ELNCP,"El Novillero, Chis.",1.2
-92.808056,15.656667,CHIS,ELTRIUNFO,"El Triunfo, Chis. SMN*",92.8
-92.829444,17.373056,CHIS,ESCALONCP,"El Escalón, Chis. SGT*",439.9
-92.666667,15.316667,CHIS,ESCCP,"Escuintla, Chis.",26.5
-93.342222,17.216667,CHIS,EZAPATACFE,"Emiliano Zapata, Chis. CFE*",401.3
-92.299167,15.126667,CHIS,FARCP,"Finca Argovia, Chis.",73.4
-92.325278,15.173889,CHIS,FHACP,"Finca Hamburgo, Chis.",78.3
-92.476111,15.346667,CHIS,FPZCP,"Finca la Paz, Chis.",70.5
-92.362778,15.184444,CHIS,FSCCP,"Finca San Cristóbal, Chis.",112
-93.125,16.975,CHIS,GRICP,"Grijalva, Chis.",38.1
-92.402778,14.997222,CHIS,HUECP,"Huehuetán, Chis.",30
-92.472222,15.133333,CHIS,HUICP,"Huixtla, Chis.",24
-92.725,15.866667,CHIS,JAPCP,"Jaltenango, Chis.",2.02
-93.381389,17.364167,CHIS,JDGCP,"Juan de Grijalva, Chis.",811.3
-92.898611,15.996389,CHIS,JSBCP,"Juan Sabines, Chis.",3.7
-90.702222,16.580833,CHIS,LACCP,"Lacantún, Chis.",159.1
-93.561111,16.695833,CHIS,LFLCP,"Las Flores, Chis.",17.5
-91.73,16.114444,CHIS,LMONTEBELLO,"Lagunas de Montebello, Chis. SMN*",264.6
-93.598889,17.178611,CHIS,MALCP,"Nezahualcóyotl, Chis.",278.26
-92.883333,15.45,CHIS,MAPCP,"Mapastepec, Chis.",11.2
-93.384444,16.0675,CHIS,MONTERREYCFE,"Monterrey, Chis. CFE*",3
-92.2675,15.333333,CHIS,MOTOZINTLA,"Motozintla, Chis. SGT*",37.9
-93.150556,17.220556,CHIS,OCOCP,"Ocotepec, Chis.",601.6
-93.458611,17.446111,CHIS,PENCP,"Ángel Albino Corzo, Chis.",768.9
-92.794167,15.714444,CHIS,PRUSIA,"Prusia, Chis. SGT*",67.2
-92.649167,16.725278,CHIS,PTEMORELOS,"Puente Morelos, Chis. SGT*",8.8
-92.618056,16.7475,CHIS,QUIOSCO,"Quiosco, Chis. SGT*",25.2
-92.666667,15.916667,CHIS,REFCP,"Reforma, Chis.",2.2
-93.079167,16.158333,CHIS,REVCP,"Revolución Mexicana, Chis.",2.4
-92.35,17.566667,CHIS,SAACP,"Salto de Agua, Chis.",559.1
-93.383333,17.425,CHIS,SAYCP,"Sayula, Chis.",872.9
-92.603056,16.727222,CHIS,SCCASASCFE,"San Cristóbal de las Casas, Chis. CFE*",14.8
-92.633333,16.733333,CHIS,SCOCP,"Observatorio de San Cristóbal, Chis.",17.2
-92.616667,16.741667,CHIS,SCRCP,"Puente Morelos, Chis.",10.5
-93.056389,16.4525,CHIS,SDOCP,"Santo Domingo, Chis.",2.5
-92.951389,15.872778,CHIS,SFRANCISCOII,"San Francisco 2, Chis. SGT*",3.2
-93.085,17.561111,CHIS,SJOCP,"San Joaquín, Chis.",542.6
-93.591111,16.152222,CHIS,SMORENACFE,"Sierra Morena, Chis. CFE*",41.4
-92.820833,16.938889,CHIS,SNACP,"Santa María, Chis.",233.3
-92.731389,17.035556,CHIS,SPNICHTALUCUM,"San Pedro Nichtalucum, Chis. SGT*",264.2
-93.034167,16.742778,CHIS,SUMIDEROCFE,"Cañón del Sumidero, Chis. CFE*",2.4
-93.529167,15.875,CHIS,TPICP,"Tres Picos, Chis.",23.7
-93.577778,16.227222,CHIS,TRESPICOSCFE,"Tres Picos, Chis. CFE*",4.8
-93.1,16.761944,CHIS,TUXCP,"Tuxtla Oriente, Chis.",4.6
-93.133333,16.75,CHIS,TXOCP,"Observatorio de Tuxtla Gutiérrez, Chis.",8.4
-93.5375,17.283333,CHIS,TZICP,"Tzimbac, Chis.",654.9
-92.909722,17.178333,CHIS,UNIVERSIDADLIND,"Universidad Lindavista, Chis. SMN*",303.98
-93.330556,17.116667,CHIS,YAMCP,"Yamonhó, Chis.",280.7
-91.729722,16.909167,CHIS,YAQUINTELA,"Yaquintela, Chis. SGT*",92.2
-100.837222,28.344444,COAH,ADLCL,"Allende, Coah.",36.02
-101.057222,29.446944,COAH,AMSCL,"Internacional La Amistad, Coah.",26.61
-100.929722,25.561111,COAH,ARACL,"Ramos Arizpe Aeropuerto, Coah.",68
-101.116667,29.15,COAH,CBRCL,"Cabeceras, Coah.",14.03
-102.064444,26.983333,COAH,CCGCL,"Cuatro Ciénegas, Coah.",4.31
-100.950278,29.327778,COAH,CDACL,"Ciudad Acuña, Coah.",36.01
-100.661111,26.844444,COAH,CDLCL,"Candela, Coah.",89.5
-100.95,29.213611,COAH,CNTCL,"El Centenario, Coah.",15
-103.469167,25.542222,COAH,CYTCL,"Coyote, Coah.",36.02
-100.920833,25.436111,COAH,ESLCL,"Secretaría de Agricultura Saltillo, Coah.",108.72
-100.954444,29.329167,COAH,LASVACASC,"Las Vacas. Ciudad Acuña, Coah. CILA*",25.4
-100.832222,28.82,COAH,LFGCL,"La Fragua, Coah.",0
-103.283889,25.068056,COAH,LFLDR,"La Flor, Coah.",52.4
-101.4225,26.908333,COAH,MCVCL,"Observatorio de Monclova, Coah.",37.01
-100.5325,28.706667,COAH,PNGCL,"Observatorio de Piedras Negras, Coah.",49.1
-100.556944,28.667778,COAH,RIOESCONDIDOC,"Río Escondido Villa De Fuentes, Coah. CILA*",25.75
-100.634444,28.898611,COAH,RioSanRodrigoC,"Río San Rodrigo cerca El Moral, Piedras Negras Coah., CILA*",34.75
-101.016667,25.376389,COAH,SALCL,"Observatorio de Saltillo, Coah.",118.7
-100.730833,29.071944,COAH,SANDIEGOC,"San Diego Jimenez, Coah. CILA*",27.75
-101.213056,28.399444,COAH,SANTACECILIA,"Santa Cecilia, Coah. SMN*",13.75
-101.122778,27.846667,COAH,SBNCL,"Sabinas, Coah.",18
-100.953889,29.034167,COAH,SMGCL,"San Miguel, Coah.",49
-103.699722,27.285278,COAH,SMJCL,"Sierra Mojada, Coah.",12.5
-102.979444,25.7575,COAH,SPECL,"San Pedro, Coah.",44.7
-101.016667,25.376389,COAH,STOCL,"Saltillo, Coah.",84.8
-103.45,25.541667,COAH,TORCL,"Observatorio de Torreón, Coah.",46.56
-100.616111,27.515,COAH,VCRCL,"Venustiano Carranza, Coah.",39.02
-103.613056,19.2475,COL,BVSCM,"Buenavista, Col.",4
-103.725556,18.758611,COL,CDOCM,"Cerro de Ortega, Col.",58.5
-103.702778,19.295,COL,CHNCM,"El Chanal, Col.",0
-103.757222,19.3175,COL,CMLCM,"Comala, Col.",1.01
-103.804167,19.2125,COL,CQMCM,"Coquimatlán, Col.",0.4
-103.6,19.325,COL,CUACM,"Cuauhtémoc, Col.",2.21
-103.884444,19.111389,COL,DJLCM,"Presa derivadora Jala, Col.",0.61
-114.733611,18.348611,COL,ICLARIONmar,"Isla Clarión, Col. SEMAR*",0
-110.953611,18.726667,COL,ISOCORROmar,"Isla Socorro, Col. SEMAR*",11
-103.866389,19.17,COL,LAECM,"La Esperanza, Col.",1.7
-103.774167,18.809167,COL,LDACM,"Laguna de Amela, Col.",59.4
-103.725278,19.223333,COL,LPSCM,"La Posta, Col.",36.5
-104.318611,19.044444,COL,MNZCM,"Observatorio de Manzanillo, Col.",17.7
-103.8125,19.3275,COL,PNTCM,"Peñitas, Col.",1
-104.100556,18.938611,COL,RDRCM,"Radar, Col.",0
-103.700833,19.408333,COL,SCHCM,"Suchitlán, Col.",0
-103.867778,18.911667,COL,TCMCM,"Tecomán, Col.",12
-103.663333,19.2775,COL,TRPCM,"Trapiche, Col.",1
-99.210278,19.218611,DF,AJSDF,"Ajusco, Cd. de Méx.",104.66
-99.102778,19.423056,DF,BALBUENA,"Balbuena, Cd. de Méx. UNAM*",26.785
-99.180556,19.346667,DF,CCUDF,"Universidad, Cd. de Méx.",35.31
-98.999444,19.357222,DF,CDMDF,"Cárcel de Mujeres, Cd. de Méx.",29.19
-99.1125,19.407778,DF,CDVDF,"Ciudad Deportiva, Cd. de Méx.",9.4
-99.1375,19.516667,DF,CEADF,"Campamento Amealco, Cd. de Méx.",28.53
-99.208333,19.155556,DF,CFSDF,"Caseta Forestal, Cd. de Méx.",6.6
-99.1375,19.469722,DF,CMTDF,"Avenida Cien Metros, Cd. de Méx.",10.42
-99.183333,19.486389,DF,CMYDF,"Campamento Mecoaya, Cd. de Méx.",40.3
-99.196111,19.406389,DF,CTMDF,"Observatorio de Tacubaya, Cd. de Méx.",23.5
-99.09,19.190278,DF,CTNDF,"San Salvador Cuauhtenco, Cd. de Méx.",87.63
-99.291667,19.355278,DF,CUAJIMALPA,"Memetla Cuajimalpa, Cd. de Méx. UNAM*",19.63
-99.140833,19.549444,DF,CUAUTEPEC,"Cuautepec, Cd. de Méx. UNAM*",17.43
-99.105,19.323333,DF,CULHUACAN,"Culhuacán, Cd. de Méx. UNAM*",27.086
-99.09,19.484167,DF,CYLDF,"Coyol, Cd. de Méx.",0
-99.205,19.3,DF,DATDF,"Desviación Alta, Cd. de Méx.",11
-99.131389,19.431111,DF,DDFDF,"Gobierno de la Ciudad de México, Cd. de Méx.",2.03
-99.309167,19.313333,DF,DTLDF,"Desierto de los Leones, Cd. de Méx.",72.9
-99.151944,19.300556,DF,EAZDF,"Estadio Azteca, Cd. de Méx.",74.92
-99.066667,19.377778,DF,EMRDF,"El Moral SACM, Cd. de Méx.",39.88
-99.286389,19.3625,DF,EYQDF,"El Yaqui, Cd. de Méx.",0
-99.091667,19.478056,DF,GCNDF,"km 6+250, Cd. de Méx.",44.4
-99.119444,19.496389,DF,INDIOSVER,"Indios Verdes, Cd. de Méx. UNAM*",25.41
-99.3,19.340556,DF,LVNDF,"La Venta, Cd. de Méx.",0
-99.043889,19.3375,DF,MEYEHUALCO,"Meyehualco, Cd. de Méx. UNAM*",26.53
-99.026944,19.187222,DF,MLPDF,"Milpa Alta, Cd. de Méx.",49.07
-99.233056,19.187778,DF,MZTDF,"Planta Abasolo (Mezontepec), Cd. de Méx.",87.35
-99.096389,19.316389,DF,OCSDF,"Organismo de Cuenca Aguas del Valle de Mécico Sur, Cd. de Méx.",35.78
-99.2275,19.294167,DF,PADIERNA,"Padierna, Cd. de Méx. UNAM*",20.82
-99.100278,19.379167,DF,PBADF,"Planta de bombeo Aculco, Cd. de Méx.",0
-99.057778,19.433333,DF,PBCDF,"Planta de bombeo Churubusco Lago, Cd. de Méx.",16.95
-99.119444,19.486667,DF,PBLDF,"Planta de bombeo Lindavista, Cd. de Méx.",10.92
-99.037778,19.38,DF,PBODF,"Planta de bombeo U.H. Ejército de Oriente, Cd. de Méx.",22.61
-99.170556,19.435556,DF,PBTDF,"Planta de bombeo Tizoc, Cd. de Méx.",8.25
-99.2,19.413056,DF,PCHDF,"Planta Chapultepec, Cd. de Méx.",33.79
-99.097222,19.455833,DF,PGNDF,"Planta Generadora 101, Cd. de Méx.",39.41
-99.076389,19.336944,DF,PLEDF,"Planta de Tratamiento Cerro de La Estrella, Cd. de Méx.",33.79
-99.068333,19.420278,DF,PLMDF,"Planta de bombeo López Mateos, Cd. de Méx.",44.17
-99.126389,19.365278,DF,PMLDF,"Planta de bombeo Municipio Libre, Cd. de Méx.",37.09
-99.090833,19.246389,DF,PNTDF,"Planta Nativitas, Cd. de Méx.",49.01
-99.154444,19.513056,DF,PRMDF,"Planta de Tratamiento Río de La Magdalena, Cd. de Méx.",20.56
-99.154444,19.513056,DF,PRRDF,"Planta de Tratamiento Río Remedios, Cd. de Méx.",25.66
-99.023056,19.299167,DF,PSCDF,"Planta de Tratamiento Santa Catarina, Cd. de Méx.",47.3
-99.05,19.233333,DF,PSLDF,"Planta San Luis, Cd. de Méx.",40.12
-99.163889,19.468889,DF,PSNDF,"Planta de bombeo Nueva Santa María, Cd. de Méx.",28.91
-99.171111,19.263056,DF,PSPDF,"Pueblo San Pedro Mártir, Cd. de Méx.",0
-99.190278,19.509167,DF,PTRDF,"Planta de Tratamiento Rosario, Cd. de Méx.",24.8
-99.126111,19.285833,DF,PVCDF,"Planta de bombeo Villa Coapa, Cd. de Méx.",62.99
-99.143056,19.331944,DF,PXTDF,"Planta de bombeo Xotepingo, Cd. de Méx.",39.1
-99.194167,19.296111,DF,RBTDF,"Rebombeo Bosque de Tlalpan, Cd. de Méx.",55.88
-99.17,19.4,DF,RCMDF,"Radio Comunicación, Cd. de Méx.",8.85
-99,19.166667,DF,SANDF,"Santa Ana, Cd. de Méx.",0.76
-99.028889,19.338333,DF,SCMDF,"Rebombeo La Quebradora (Santa Cruz Meyehualco), Cd. de Méx.",20.03
-99.122222,19.572222,DF,SGDDF,"Sierra Guadalupe, Cd. de Méx.",32.25
-99.079167,19.465278,DF,SJADF,"San Juan de Aragón, Cd. de Méx.",39.92
-98.960556,19.320833,DF,SSCDF,"La Caldera Subestación eléctrica Santa Lucía, Méx.",2.8
-99.141389,19.344444,DF,TAXQUENA,"Taxqueña, Cd. de Méx. UNAM*",22.45
-99.1425,19.556111,DF,TCMDF,"Tanque Chalmita, Cd. de Méx.",20.82
-99.272222,19.373056,DF,TECDF,"Tanque el Cartero, Cd. de Méx.",38.6
-99.246389,19.333889,DF,TELDF,"Tanque el Lienzo, Cd. de Méx.",21.09
-99.098889,19.385556,DF,TEZDF,"Tezontle, Cd. de Méx. SMN*",0.51
-99.211667,19.399167,DF,TNGDF,"Triángulo, Cd. de Méx.",32.52
-99.135833,19.199444,DF,TPJDF,"Topilejo, Cd. de Méx.",89.92
-99.084722,19.440833,DF,TPNDF,"Tanque Peñón, Cd. de Méx.",43.94
-99.2125,19.361944,DF,TRGDF,"Tarango, Cd. de Méx.",10.92
-99.248611,19.316667,DF,TSFDF,"Tanque San Francisco, Cd. de Méx.",28.7
-99.228611,19.436389,DF,TSJDF,"Tanque San Joaquín, Cd. de Méx.",17.28
-99.264444,19.359722,DF,TSLDF,"Santa Fe (Santa Lucía), Cd. de Méx.",35.81
-99.106667,19.250278,DF,XOCHIMILCO,"Xochimilco, Cd. de Méx. UNAM*",31.75
-104.810278,24.538333,DGO,CBRDR,"Caboraca, Dgo.",49.53
-104.121111,24.4375,DGO,CGVDR,"Ciudad Guadalupe Victoria, Dgo.",29.01
-103.521667,25.533333,DGO,CLRDR,"Ciudad Lerdo, Dgo.",43.11
-103.698889,24.871944,DGO,CNCDR,"Cuencamé, Dgo.",45
-104.75,24.5,DGO,CNTDR,"Canatlán, Dgo.",50.2
-104.666667,24.033333,DGO,DRGDR,"Durango, Dgo.",71.9
-103.960833,24.001667,DGO,FVLDR,"Francisco Villa, Dgo.",65
-103.773611,25.270833,DGO,FZRDR,"Francisco Zarco, Dgo.",39.01
-105.25,25.5,DGO,GESDR,"General Escobedo, Dgo.",20.04
-105.955556,25.934722,DGO,GNCDR,"Guanaceví, Dgo.",4.01
-104.9225,24.803889,DGO,GUADR,"Guatimapé, Dgo.",31.31
-104.753056,23.961111,DGO,GVCDR,"Presidente Guadalupe Victoria, Dgo.",80.8
-103.983333,26.549722,DGO,LAFLOR,"La Flor de Jimulco, Dgo. SMN*",9.2
-104.75,23.516667,DGO,LBYDR,"Las Bayas, Dgo.",67.4
-105.015833,25.594167,DGO,LCRDR,"Lázaro Cárdenas, Dgo.",0.02
-106.7,25.35,DGO,LHRDR,"La Huerta, Dgo.",7.5
-105.466111,24.185833,DGO,LVEDR,"Las Vegas, Dgo. SMN*",24.5
-104.246944,23.387778,DGO,MICHILIA,"La Michilia, Dgo. SMN*",69.8
-103.85,25.816667,DGO,MPMDR,"Mapimí, Dgo.",22.04
-105.041667,23.834167,DGO,NAVDR,"Navíos Viejos, Dgo.",82.8
-104.656667,24.203889,DGO,PAGDR,"Peña del Águila, Dgo.",65.9
-104.558333,25.181944,DGO,RDODR,"Rodeo, Dgo.",33
-105.443056,25.225,DGO,SACDR,"Salomé Acosta, Dgo.",7.42
-104.675833,23.874444,DGO,SBYDR,"Santiago Bayacora, Dgo.",66.5
-104.054444,23.623056,DGO,SELDR,"Santa Elena, Dgo.",101
-105.560833,26.436667,DGO,SGBDR,"San Gabriel, Dgo.",4
-102.778056,24.630556,DGO,SJGDR,"San Juan de Guadalupe, Dgo.",132.5
-104.276944,25.085,DGO,SLCDR,"San Luis del Cordero, Dgo.",33.52
-105.422222,25.0375,DGO,SPPDR,"Santiago Papasquiaro, Dgo.",6.95
-105.566667,26.084444,DGO,SRDDR,"Sardinas, Dgo.",9.51
-106.538056,24.702222,DGO,TDRDR,"El Tule del Real, Dgo.",9.51
-102.785,24.563056,DGO,TGRDR,"El Tigre, Dgo.",107.9
-105.725,25.341111,DGO,TLHDR,"Observatorio de Tepehuanes, Dgo.",9.2
-106.975,24.933333,DGO,TMZDR,"Tamazula, Dgo.",2.2
-103.979722,23.737778,DGO,VGCDR,"Vicente Guerrero, Dgo.",67.01
-104.928889,26.2425,DGO,VHGDR,"Villa Hidalgo, Dgo.",39
-99.906667,16.849722,GRO,ACAGR,"Acapulco, Gro.",88.2
-99.516944,17.576389,GRO,AERGR,"Observatorio de Chilpancingo Aeropuerto, Gro.",38.5
-100.5175,18.075833,GRO,AFIGR,"Andrés Figueroa, Gro.",38.3
-98.975278,17.719722,GRO,AHUGR,"Ahuacuotzingo, Gro.",19.8
-100.433333,17.210278,GRO,ATYGR,"Atoyac, Gro.",45.3
-99.400833,18.459444,GRO,BVSGR,"Buena Vista, Gro.",61
-100.664444,18.359444,GRO,CALGR,"Ciudad Altamirano, Gro.",4.5
-99.701111,17.672222,GRO,CCHGR,"Chichihualco, Gro.",3
-100.089444,17.008889,GRO,CDBGR,"Coyuca de Benítez, Gro.",46.5
-99.5,17.545278,GRO,CHIGR,"Chilpancingo, Gro.",27.6
-99.175833,17.608611,GRO,CHLGR,"Chilapa, Gro.",61.5
-98.411944,16.47,GRO,CNLGR,"Cuajinicuilapa, Gro.",3
-99.661944,18.245278,GRO,COCGR,"Cocula, Gro.",15.2
-98.970833,16.614722,GRO,COPGR,"Copala, Gro.",70
-101.054444,17.376944,GRO,CYQGR,"Coyuquilla, Gro.",15
-99.995556,17.947778,GRO,ECAGR,"Ing. Carlos Ramírez Ulloa, Gro.",16.1
-99.516667,17.233333,GRO,EOCGR,"El Ocotito, Gro.",80.6
-99.332778,18.3025,GRO,HTZGR,"Huitzuco, Gro.",14.4
-99.55,18.349722,GRO,IGLGR,"Iguala, Gro.",18.9
-98.513333,17.6225,GRO,IXTGR,"Ixcateopan de Tlapa, Gro.",65
-101.003056,18.418611,GRO,LCLGR,"La Calera, Gro.",8
-100.018056,16.958333,GRO,LDCGR,"Laguna de Coyuca, Gro.",52
-99.235,16.76,GRO,LDGGR,"Las Vigas, Gro.",71
-99.369167,17.471111,GRO,MCHGR,"Mochitlán, Gro.",46.4
-99.5,17.6,GRO,ODZGR,"Observatorio de Zumpango, Gro.",33.7
-98.735,17.777222,GRO,OLNGR,"Olinalá, Gro.",33.5
-98.433333,16.683333,GRO,OMEGR,"Ometepec, Gro.",125.4
-99.45,17.483333,GRO,PETGR,"Petaquillas, Gro.",50
-98.500556,16.655833,GRO,QTZGR,"Quetzala, Gro.",99.9
-99.166111,16.823611,GRO,RMEGR,"Revolución Mexicana, Gro.",95
-100.472778,17.139444,GRO,SJEGR,"San Jerónimo, Gro.",1
-99.605278,18.554444,GRO,TAXGR,"Taxco, Gro.",70.1
-99.526389,17.1675,GRO,TCOGR,"Tierra Colorada, Gro.",13.8
-99.976389,17.789722,GRO,TLAGR,"Tlacotepec, Gro.",20.6
-98.6,17.5,GRO,TLPGR,"Tlapa, Gro.",60.16
-99.399444,17.568056,GRO,TXTGR,"Tixtla, Gro.",108.3
-100.265833,18.382778,GRO,VGRGR,"Vicente Guerrero, Gro.",11
-99.466111,18.295833,GRO,VTRGR,"Valerio Trujano, Gro.",11.5
-98.488333,17.903889,GRO,XXHGR,"Xochihuehuetlán, Gro.",71.5
-99.933333,17.603333,GRO,YXTGR,"Yextla, Gro.",50.7
-101.548889,17.645278,GRO,ZHTGR,"Zihuatanejo, Gro.",4.4
-101.536667,20.446944,GTO,ABSGJ,"Abasolo, Gto.",22.54
-100.712222,20.0325,GTO,ACNGJ,"Acámbaro, Gto.",32.06
-100.683333,20.533333,GTO,AEGGJ,"Apaseo el Grande, Gto.",20.24
-100.5825,20.553889,GTO,AMCGJ,"Ameche, Gto.",23.04
-101.370833,20.712778,GTO,ANSGJ,"Arandas, Gto.",31.1
-100.620833,20.454167,GTO,APSGJ,"Apaseo el Alto, Gto.",15.52
-101.625556,20.499167,GTO,ATBGJ,"Agua Tibia, Gto.",8.01
-101.838333,21.048611,GTO,BRRGJ,"El Barrial, Gto.",45.81
-100.816667,20.536389,GTO,CLYGJ,"Celaya, Gto.",31.22
-101.474722,21.068056,GTO,COMGJ,"Comanjilla, Gto.",25
-100.363333,20.198333,GTO,CORGJ,"Coroneo, Gto.",38.8
-101.630278,20.506667,GTO,CORRALEJO,"Corralejo Hidalgo, Gto. Protección Civil*",6.07
-101.666667,20.616667,GTO,CRMGJ,"Cuerámaro, Gto.",4.52
-100.962778,20.487778,GTO,CRTGJ,"Cortázar, Gto.",18.9
-100.9,20.95,GTO,CSRGJ,"Cinco Señores, Gto.",61.93
-101.666667,21.191667,GTO,CSSGJ,"Los Castillos, Gto.",67.1
-101.6675,21.195556,GTO,CSTGJ,"Los Castillos, Gto.",67.1
-100.933333,21.15,GTO,DHGGJ,"Dolores Hidalgo, Gto.",23.21
-101.835278,21.05,GTO,EBAGJ,"El Barrial, Gto.",45.81
-100.9,20.279722,GTO,ECBGJ,"El Cubo, Gto.",30.05
-101.244444,20.872222,GTO,ECHGJ,"El Chapín, Gto.",12.01
-101.37,20.715833,GTO,ECNGJ,"El Conejo, Gto.",13.9
-101.678889,21.173611,GTO,EPLGJ,"El Palote, Gto.",72.5
-101.996667,20.800556,GTO,FRIAS,"Frías, Gto. Protección Civil*",15.24
-101.7425,20.439167,GTO,GLNGJ,"La Golondrina, Gto.",6.02
-101.266111,21.014167,GTO,GTOGJ,"Observatorio de Guanajuato, Gto.",19.82
-100.825833,20.848056,GTO,IALGJ,"Ignacio Allende, Gto.",15.22
-101.35,20.683333,GTO,IRPGJ,"Irapuato, Gto.",19.41
-100.518333,20.145556,GTO,JCRGJ,"Jerécuaro, Gto.",21.42
-101.844167,20.675278,GTO,LADGJ,"Las Adjuntas, Gto.",31.21
-101.073056,20.286944,GTO,LDYGJ,"Laguna de Yuriria, Gto.",18.51
-101.693333,21.136389,GTO,LENGJ,"León, Gto.",27
-100.883611,20.398333,GTO,LGVGJ,"Presa la Gavia, Gto.",18
-101.358889,20.276111,GTO,LJIGJ,"Las Jícamas, Gto.",3
-101.107778,21.324167,GTO,LQMGJ,"La Quemada, Gto.",10.5
-100.501944,21.223611,GTO,MINERALPOZOS,"Mineral de Pozos, Gto. Protección Civil*",17.45
-101.48,21.65,GTO,OCMGJ,"Ocampo, Gto.",51.01
-101.111389,20.5225,GTO,PERGJ,"Pericos, Gto.",13.62
-100.878333,21.105,GTO,PNLGJ,"Peñuelitas, Gto.",36.6
-100.496111,21.22,GTO,POZGJ,"Pozos, Gto.",23.05
-101.287778,20.867222,GTO,PRSGJ,"La Purísima, Gto.",13.22
-101.216667,21.483333,GTO,SFEGJ,"San Felipe, Gto.",63.9
-99.831389,21.320833,GTO,SGORDAII,"Sierra Gorda 2, Gto. SMN*",8.6
-101.016667,20.4,GTO,SJLGJ,"Santa Julia, Gto.",39.8
-100.666667,20.05,GTO,SL2GJ,"Solis, Gto.",36.06
-101.199444,20.565833,GTO,SLMGJ,"Salamanca, Gto.",34.02
-100.669722,20.055278,GTO,SLSGJ,"Solís, Gto.",36.06
-100.885833,20.216667,GTO,SLVGJ,"Salvatierra, Gto.",26.01
-101.016389,20.430833,GTO,SMAGJ,"San Miguel de Allende, Gto.",26.71
-100.745833,20.577778,GTO,SMOGJ,"San Miguel Octopan, Gto.",17.4
-101.066944,20.298333,GTO,SRTGJ,"Santa Rita, Gto.",45.14
-101.3,20.6,GTO,TEMGJ,"Temascatío, Gto.",26.3
-101.178889,20.382778,GTO,VDSGJ,"Valle de Santiago, Gto.",2.5
-100.0925,21.298889,GTO,XICGJ,"Xichú, Gto.",4.84
-98.941667,20.268056,HGO,ACTHD,"Actopan, Hgo.",17.5
-98.348056,21.019444,HGO,ATCHD,"Atlapexco, Hgo.",111
-98.716111,20.185556,HGO,ELCHICO,"El Chico, Hgo. SMN*",41
-99.36,20.163889,HGO,ENDHD,"Endhó, Hgo.",30
-98.076111,20.46,HGO,HHTHD,"Huehuetla, Hgo.",92.1
-98.416667,21.15,HGO,HJTHD,"Huejutla, Hgo.",128.9
-99.220833,20.481944,HGO,IXMHD,"Ixmiquilpan, Hgo.",17
-98.128333,20.135833,HGO,LAGUNA,"La Laguna, Hgo. FENIX*",85.7
-98.128333,20.135556,HGO,LLAHD,"La Laguna, Hgo.",15.62
-98.757222,20.591667,HGO,LMTHD,"Metztitlán, Hgo.",4
-99.218611,20.2375,HGO,MXQHD,"Mixquiahuala, Hgo.",16.51
-98.6,21.166667,HGO,ORZHD,"San Felipe Orizatlán, Hgo.",126.8
-98.7475,20.123333,HGO,PCOHD,"Observatorio de Pachuca, Hgo.",40.2
-99.329444,20.359722,HGO,PRGHD,"Javier Rojo Gómez, Hgo.",7.02
-99.310833,19.963056,HGO,PRQHD,"Requena, Hgo.",45.02
-99.375833,20.435556,HGO,PVAHD,"Vicente Aguirre, Hgo.",5.02
-98.369444,20.083333,HGO,TLGHD,"Observatorio de Tulancingo, Hgo.",27.71
-99.501111,20.663333,HGO,ZMPHD,"Ing. Fernando Hiriart Balderrama, Hgo.",8.2
-98.647222,20.652778,HGO,ZXTHD,"Zacualtipán, Hgo.",59
-103.133333,20.316667,JAL,ACHAPALAGDL,"Acueducto Chapala Guadalajara, Jal. SGT*",6.2
-103.225278,22.327222,JAL,ACHZC,"Achimec, Jal.",36.72
-102.436944,21.599444,JAL,AJJJL,"Ajojúcar, Jal.",24.12
-103.091944,20.397222,JAL,ATQJL,"Atequiza, Jal.",11.42
-103.446389,20.746667,JAL,BAZJL,"Base Aérea Zapopan, Jal.",23
-104.061111,19.913611,JAL,BBAJL,"Basilio Vadillo, Jal.",0.01
-103.724444,22.406111,JAL,BCSJL,"Bocas, Jal.",41.9
-103.782778,21.831667,JAL,BLNJL,"Bolaños, Jal.",8.3
-103.201944,20.290556,JAL,CHAJL,"Chapala 1, Jal. SMN*",8.64
-104.555278,19.627778,JAL,CHFJL,"El Chiflón, Jal.",2.13
-102.774167,19.287778,JAL,CHLMC,"Constitución de Apatzingán, Jal.",0
-104.566667,19.233333,JAL,CIHJL,"Cihuatlán, Jal.",0
-105.129722,19.9975,JAL,CPEJL,"Cajón de Peña, Jal.",0
-104.780833,20.479722,JAL,CRNJL,"Corrinchis, Jal.",20.73
-101.7375,21.497778,JAL,CRTJL,"El Cuarenta, Jal.",54.6
-105.218333,20.593333,JAL,CULJL,"Cuale, Jal.",32.5
-103.45,21.066667,JAL,CXTJL,"Cuixtla, Jal.",6.02
-102.976111,20.681389,JAL,EGCJL,"Ing. Elías González Chávez, Jal.",3.6
-104.285278,19.845833,JAL,ELCJL,"El Corcovado, Jal.",16.7
-103.335,20.723333,JAL,EXPJL,"La Experiencia, Jal.",0.46
-103.354444,20.680556,JAL,GUAJL,"Guadalajara Centro, Jal.",4.41
-103.392778,20.706667,JAL,GUCJL,"Observatorio de Guadalajara, Jal.",3
-105.184444,19.653889,JAL,HIGJL,"Higuera Blanca 2, Jal.",0.3
-103.651111,20.466944,JAL,HRTJL,"Hurtado, Jal.",4.01
-102.25,20.483333,JAL,HUAJL,"Huascato, Jal.",10.01
-102.705833,20.293889,JAL,JMYJL,"Jamay, Jal.",11.4
-102.558333,20.275556,JAL,LABARCA,"La Barca, Jal. SGT*",18
-103.201667,20.290556,JAL,LDCJL,"Lago de Chapala, Jal.",8.8
-103.033333,20.316667,JAL,MEZCALA,"Mezcala Poncitlán, Jal. SGT*",2.2
-103.590833,19.592222,JAL,NEVADOCOLIMA,"Nevado de Colima, Jal. SMN*",12.4
-101.916667,21.366667,JAL,OLMJL,"Observatorio de Lagos de Moreno, Jal.",43.8
-103.361667,20.583889,JAL,PITJL,"Protección a Infraestructura y Atención a Emergencias, Jal.",0.82
-104.105833,21.196944,JAL,PLYJL,"Ing. Alfredo Elías Ayub, Jal.",5.7
-104.05,20.55,JAL,RAMJL,"Río Ameca, Jal.",4.9
-105.133611,19.998611,JAL,RIOTOMATLAN,"Río Tomatlán, Jal. SMN*",0
-101.85,21.35,JAL,SAUJL,"La Sauceda, Jal.",54.2
-102.5,21.3,JAL,SGRJL,"San Gaspar de los Reyes, Jal.",5.52
-103.9175,19.463611,JAL,SMANANTLANI,"Sierra Manatlán 1, Jal. SMN*",72.4
-103.705556,20.908889,JAL,SRSJL,"Manuel M. Diéguez, Jal.",61.8
-102.583333,21.45,JAL,TCAJL,"Teocaltiche, Jal.",10.51
-104.320278,20.036111,JAL,TCTJL,"Tacotán, Jal.",6
-103.198611,22.171944,JAL,TENJL,"Tenasco, Jal.",20
-103.316667,20.583333,JAL,TLAJL,"Tlaquepaque, Jal.",0.03
-103.419444,20.4425,JAL,TLAJOMULCO,"Tlajomulco, Jal. SMN*",2.4
-104.370278,19.976111,JAL,TMLJL,"Ramón Corona Madrigal General, Jal.",7
-103.396667,18.967222,JAL,TRJCM,"Solidaridad, Jal.",19.3
-103.845833,20.596389,JAL,VEGJL,"Ing. Santiago Camarena, Jal.",17
-103.05,22.05,JAL,ZPTJL,"El Zapote, Jal.",40.52
-98.655278,19.118611,MEX,ALTZOMONI,"Altzomoni, Méx SMN*",63.6
-98.912222,19.543611,MEX,ATEMX,"Atenco, Méx.",65.41
-99.298611,19.406667,MEX,CDBMX,"Caída del Borracho, Méx.",45.73
-100.152778,19.350556,MEX,CHIMX,"Chilesdo, Méx.",183.3
-98.884722,19.483333,MEX,CHPMX,"Chapingo, Méx.",69.1
-99.304444,19.695,MEX,CNPMX,"La Concepción, Méx.",35.5
-100.225,19.178889,MEX,COLMX,"Colorines, Méx.",95.9
-99.559722,19.884722,MEX,DNXMX,"Danxhó, Méx.",44.5
-99.238333,19.453611,MEX,EMOMX,"El Molinito Río Hondo, Méx.",39.5
-99.252222,19.635556,MEX,GDLMX,"Sierra de Guadalupe, Méx.",46
-98.917222,19.578889,MEX,GRDMX,"La Grande, Méx.",56.41
-99.250833,19.415833,MEX,HERRADURA,"Herradura, Méx. UNAM*",23.21
-99.696944,20.046389,MEX,HPNMX,"Huapango, Méx.",80.04
-99.05,19.633333,MEX,K27MX,"km 27+250, Méx.",42.53
-100.075833,19.383333,MEX,LBEMX,"Los Berros, Méx.",155.3
-99.220833,19.477778,MEX,MBLMX,"Molino Blanco, Méx.",34.01
-99.243333,19.473889,MEX,NAUCALPAN,"Naucalpan, Méx. UNAM*",39.89
-99.683333,19.116667,MEX,NEVMX,"Nevado de Toluca, Méx. SMN*",107.95
-99.420833,18.990833,MEX,OCUMX,"Ocuilán de Arteaga, Méx",75.04
-99.184722,19.580833,MEX,PBTMX,"Planta de bombeo Barrientos, Méx.",19.05
-99.025,19.65,MEX,PCCMX,"Planta Chiconautla 2, Méx.",39.62
-99.181944,19.743056,MEX,PCGMX,"Puente Colgante, Méx.",39.03
-99.010278,19.636944,MEX,PCTMX,"Planta Chiconautla 1, Méx.",5.59
-99.790278,19.829167,MEX,PFBMX,"Francisco José Trinidad Fabela, Méx.",71
-99.775,19.461667,MEX,PIRMX,"Ignacio Ramírez, Méx.",53.91
-99.248889,19.429444,MEX,PLMMX,"Palmas, Méx.",26.42
-99.260833,19.526944,MEX,PMDMX,"Madín, Méx.",40.7
-99.739722,20.124167,MEX,PMNMX,"El Molino, Méx.",43.05
-99.864444,20.038611,MEX,PNDMX,"Ñadó, Méx.",58
-99.283333,19.453611,MEX,PTLMX,"Presa Totolica, Méx.",49.7
-98.911111,19.530556,MEX,SADMX,"San Andrés, Méx.",75.7
-99.704722,19.465833,MEX,SBBMX,"José Antonio Alzate, Méx.",63.8
-98.870833,19.190278,MEX,SLAMX,"San Luis Ameca, Méx.",52.1
-99.741667,19.591667,MEX,SLBMX,"San Bartolo del Llano, Méx.",65
-99.8,19.633333,MEX,SMLMX,"Santa María del Llano, Méx.",91
-99.285,19.574444,MEX,SNJMX,"San Juan, Méx",31.5
-98.858611,19.644722,MEX,SNLMX,"San Lucas, Méx",53.5
-99.799167,19.343056,MEX,TBRMX,"Tres Barrancas, Méx.",71.1
-99.935833,18.931389,MEX,TESMX,"Texcaltitlán, Méx.",121.11
-99.905278,19.856944,MEX,TJCMX,"El Tejocote, Méx.",75.51
-99.283333,19.453889,MEX,TOTMX,"Totolica, Méx",49.2
-99.961389,19.660833,MEX,TPTMX,"San Andrés Tepetitlán, Méx.",86.64
-99.6125,19.429167,MEX,TROMX,"Trojes, Méx.",69.83
-99.283056,19.4525,MEX,TTLMX,"Totolica hidrométrica, Méx.",42.1
-99.123889,19.904722,MEX,TTQMX,"Tajo de Tequixquiac, Méx",73.5
-99.385278,19.834722,MEX,TXMHD,"Taxhimay, Méx.",36.01
-100.18,19.2075,MEX,VBRMX,"Valle de Bravo, Méx.",139.2
-99.211667,19.510278,MEX,VDCDF,"Vaso de Cristo, Méx.",17.45
-99.334167,19.382222,MEX,VNDMX,"El Venado, Méx.",50.79
-100.055556,19.461667,MEX,VVCMX,"Villa Victoria, Méx.",121.01
-101.99,20.231389,MICH,ADUMC,"Adjuntas, Mich.",8.8
-100.608889,19.579722,MICH,AGOMC,"Agostitlán, Mich.",12.71
-102.371111,19.083056,MICH,APTMC,"Apatzingán, Mich.",0.01
-102.419167,20.183889,MICH,BIBMC,"Barraje de Ibarra, Mich.",27
-102.265278,19.973611,MICH,CHAMC,"Chaparaco, Mich.",6
-100.55,19.7,MICH,CHIMC,"Ciudad Hidalgo, Mich.",41.51
-100.9,18.5,MICH,CMNMC,"Caimanera, Mich.",3.6
-101.259167,19.629722,MICH,COIMC,"Coíntzio, Mich.",10.74
-101.861667,20.207222,MICH,CORMC,"Corrales, Mich.",17.94
-100.421111,19.387778,MICH,DBOMC,"El Bosque, Mich.",77.31
-102.436944,20.304444,MICH,DGNMC,"De Gonzalo, Mich.",18.2
-102.541389,19.979167,MICH,GUAMC,"Guaracha, Mich.",9.7
-101.883333,18.266667,MICH,INFMC,"Infiernillo, Mich.",54.91
-102.601944,19.958333,MICH,JARMC,"Jaripo, Mich.",10.3
-101.626667,20.248889,MICH,LANMC,"Los Ángeles, Mich.",37.6
-102.865556,19.210833,MICH,LOLMC,"Los Olivos, Mich.",0
-102.004444,20.354444,MICH,LPDMC,"La Piedad, Mich.",2.42
-102.133333,18.848611,MICH,LPNMC,"Los Panches, Mich.",5.7
-102.2,18.8,MICH,LPSMC,"La Pastoría, Mich.",4.21
-100.873611,19.829167,MICH,MLPMC,"Malpaís, Mich.",65.92
-101.724444,20.127222,MICH,MOCMC,"Melchor Ocampo, Mich.",11.01
-101.102778,18.538889,MICH,PINZANESCFE,"Pinzanes, Mich. CFE*",23.7
-102.136944,19.961389,MICH,PUREPETIRO,"Presa Urepetiro, Mich. SGT*",16.4
-102.464722,20.208333,MICH,SCRMC,"San Cristóbal, Mich.",26.5
-102.651389,19.839444,MICH,SJUMC,"San Juanico, Mich.",5
-100.229167,20.000278,MICH,TEPMC,"Tepuxtepec, Mich.",41.1
-102.137778,19.962222,MICH,UREMC,"Urepetiro, Mich.",19.8
-102.180278,18.048333,MICH,VILMC,"José María Morelos y Pavón, Mich.",39
-101.45,19.55,MICH,VJIMC,"Villa Jiménez, Mich.",50.01
-102.242222,20.339444,MICH,YURMC,"Yurécuaro, Mich.",48.5
-101.931944,18.921111,MICH,ZICMC,"Zicuirán, Mich.",17
-98.829167,18.947222,MOR,ACHMR,"Achichipico, Mor.",168.5
-99.258056,18.734722,MOR,ALUMR,"Alpuyeca, Mor.",27.6
-99.376944,18.596111,MOR,AMCMR,"Amacuzac, Mor.",66.8
-99.463611,18.68,MOR,APAMR,"Apacingo, Mor.",22.9
-98.928056,18.948889,MOR,ATLMR,"Atlatlahucan, Mor.",68.2
-98.955278,18.850556,MOR,CASMR,"Casasano, Mor.",43.22
-98.948889,18.808611,MOR,CUAMR,"Cuautla, Mor.",42.01
-99.2,18.9,MOR,CUEMR,"Cuernavaca, Mor.",108.4
-99.375556,18.701667,MOR,CUTMR,"Cuautlita, Mor.",54.91
-98.786667,18.690556,MOR,ELPMR,"El Peñón, Mor.",47.01
-99.180278,18.573889,MOR,HIGMR,"Higuerón, Mor.",45.5
-99.424167,18.608333,MOR,HUAMR,"Huajintlán, Mor.",31.01
-99.267222,19.045,MOR,HUCMR,"C.B.T.A.154 Huitzilac, Mor.",169.1
-98.75,18.883333,MOR,HUEMR,"Hueyapan, Mor.",101.82
-99.265,19.028889,MOR,HUIMR,"Huitzilac, Mor.",184.51
-99.025,18.441389,MOR,HUTMR,"Huautla, Mor.",48.51
-98.781667,18.936667,MOR,HUXMR,"Huecahuaxco, Mor.",165.8
-99.158611,18.883611,MOR,IMTMR,"Instituto Mexicano de Tecnología del Agua, Mor. SMN*",61.09
-98.8,18.7,MOR,JNCMR,"Jonacatepec, Mor.",36.1
-99.2,18.6,MOR,JOJMR,"Jojutla, Mor.",62.6
-98.914444,18.683611,MOR,LCUMR,"La Cuera, Mor.",45.81
-99.004722,18.727222,MOR,MYOMR,"Moyotepec, Mor.",45.54
-99.031389,18.923333,MOR,OACMR,"Oacalco, Mor.",34
-98.901389,18.900556,MOR,OAXMR,"Oaxtepec, Mor.",41
-99.219167,18.908889,MOR,OBSMR,"Observatorio de Cuernavaca, Mor.",155.2
-98.758611,18.8825,MOR,OCTMR,"Ocuituco, Mor.",60.5
-99.433333,18.8675,MOR,PAPMR,"Palpan, Mor.",65.94
-99.322778,18.633333,MOR,PIXMR,"Puente de Ixtla, Mor.",48.01
-99.156944,18.771111,MOR,PROMR,"Progreso, Mor.",102.5
-99.331389,18.765278,MOR,RODMR,"El Rodeo, Mor.",20
-99.190556,18.918333,MOR,SLDMR,"Solidaridad, Mor.",113
-99.042778,18.580278,MOR,SPHMR,"San Pablo Hidalgo, Mor.",55.3
-98.83,18.638333,MOR,TEBMR,"Tepalcingo Bachillerato, Mor.",29.81
-99.223611,18.856944,MOR,TEMMR,"Temixco, Mor.",86
-98.710278,18.876389,MOR,TETMR,"Tetela del Volcán, Mor.",55.5
-99.103889,18.794167,MOR,TICMR,"Ticumán, Mor.",49.7
-99.306111,18.487778,MOR,TILMR,"Tilzapotla, Mor.",42.3
-98.943611,19.038056,MOR,TLCMR,"Tlacualera, Mor.",109.03
-98.75,18.813333,MOR,TLOMR,"Tlacotepec, Mor.",67
-99.241667,19.054167,MOR,TMAMR,"Tres Marías, Mor.",166.03
-98.786944,18.778056,MOR,TMCMR,"Temoac, Mor.",13.21
-99.093889,18.705833,MOR,TMPMR,"Temilpa, Mor.",78.3
-98.92,18.9875,MOR,TOTMR,"Totolapan, Mor.",37.8
-98.843611,18.596389,MOR,TPLMR,"Tepalcingo, Mor.",46.7
-99.072778,18.971389,MOR,TPZMR,"Tepoztlán, Mor.",136.51
-99.250278,18.611111,MOR,TQGMR,"Tequesquitengo, Mor.",37
-99.190278,18.528889,MOR,XICMR,"Xicatlacotla, Mor.",21.8
-99.25,18.683333,MOR,XXOMR,"Xoxocotla, Mor.",38.1
-99.050556,18.899167,MOR,YAHMR,"Yautepec, Mor.",64.2
-99.196667,18.651389,MOR,ZCTMR,"Observatorio de Zacatepec, Mor.",72.6
-105.354167,22.49,NAY,ACANR,"Acaponeta, Nay.",8.34
-104.802222,21.839167,NAY,AGMNR,"Aguamilpa Solidaridad, Nay.",28.6
-104.5,21.944167,NAY,CHPNR,"Chapalagana, Nay.",3.2
-104.450833,21.428333,NAY,CJNNR,"Leonardo Rodríguez Alcaine, Nay.",19
-105.136667,20.889722,NAY,GAVNR,"Gaviotas, Nay.",0.06
-104.516944,22.250833,NAY,JMANR,"Jesús María, Nay.",4.7
-105.020833,22.377778,NAY,PAJNR,"Pajaritos, Nay.",18.19
-105.211667,22.119722,NAY,ROMNR,"Rosamorada, Nay.",6.84
-104.8875,21.780833,NAY,RSRNR,"San Rafael, Nay.",12.7
-105.1425,21.958333,NAY,RUINR,"Ruiz, Nay.",22.15
-105.285556,21.531389,NAY,SANBLASmar,"San Blas, Nay. SEMAR*",52.55
-104.891944,21.489444,NAY,TEPNR,"Observatorio de Tepic, Nay.",14.11
-99.680556,24.897222,NL,ADJUNTASHUALA,"Las Adjuntas, N.L. SGT*",147
-99.816667,24.1,NL,ARRNL,"Aramberri, N.L.",60.72
-99.911667,24.321944,NL,ASCNL,"La Ascensión, N.L.",83.8
-99.578889,24.871944,NL,CAMNL,"Camacho, N.L.",155.72
-99.276944,25.711667,NL,CCHNL,"Cuchillo Solidaridad, N.L.",105.84
-99.746944,27.699167,NL,COLOMBIA,"Colombia, N.L. SGT*",180.3
-99.399722,24.9375,NL,CPRNL,"José López Portillo, N.L.",133.51
-99.6975,24.783611,NL,CRUNL,"Crucitas, N.L.",100
-99.614167,26.091389,NL,CRVNL,"Cerralvo, N.L.",73.33
-100.308333,25.576944,NL,ELDIENTE,"El Diente, N. L. SMN*",117.8
-100.083333,24.833333,NL,GALNL,"Galeana, N.L.",138
-100.128056,25.428056,NL,LBCNL,"Rodrigo Gómez, N.L.",128.5
-99.527222,25.497222,NL,LERNL,"Las Enramadas, N.L.",133.05
-99.833333,25.174167,NL,MTMNL,"Montemorelos, N.L.",175.82
-100.271667,25.6825,NL,MTRNL,"Monterrey, N.L.",113.56
-100.118056,23.4225,NL,MYNNL,"Mier y Noriega, N.L.",92.52
-100.304722,25.733611,NL,OBSNL,"Observatorio de Monterrey, N.L.",113.56
-99.221667,24.992778,NL,PAMNL,"La Pamona, N.L.",115
-100.128889,25.429444,NL,PLABOCA,"Presa La Boca, N.L. SGT*",45.05
-100.551111,25.028333,NL,SRANL,"San Rafael, N.L.",143.53
-97.720556,17.533611,OAX,AMTOX,"San Antonino Monte Verde, Oax.",15.6
-95.700556,16.010833,OAX,ASTOX,"Astata, Oax.",47
-96.1,17.016667,OAX,AYUOX,"Ayutla, Oax.",40.5
-95.929167,16.647222,OAX,BOQOX,"Boquilla 1, Oax.",0.6
-98.278333,17.532778,OAX,CALOX,"Calihualá, Oax.",40.01
-96.263611,17.999167,OAX,CDOOX,"Miguel de la Madrid Hurtado, Oax.",184.9
-94.816667,16.583333,OAX,CHIOX,"Chicapa, Oax.",2.63
-97.023056,17.459167,OAX,CMTOX,"Santiago Camotlán, Oax.",43.01
-97.799444,16.780278,OAX,COSOX,"Cosoltepec, Oax.",25.5
-96.658333,18.492778,OAX,CSPOX,"Cosolapa, Oax.",28.38
-96.388889,18.1525,OAX,DPSOX,"Dique Pescaditos, Oax.",107.78
-95.374444,16.434722,OAX,EMAOX,"El Marqués, Oax.",0
-97.819167,17.746389,OAX,FOYOX,"San Francisco Yosocuta, Oax.",69.7
-97.776111,17.806667,OAX,HDLOX,"Huajuapan de León, Oax.",51
-97.776111,17.806667,OAX,HLOOX,"Observatorio de Huajuapan de León, Oax.",61.61
-96.133889,15.748889,OAX,HUATULCOmar,"Huatulco, Oax. SEMAR*",14.732
-95.869722,17.024722,OAX,HUYOX,"Huayapam, Oax.",86.2
-95.053889,16.503611,OAX,IXTALTEPEC,"Ixtaltepec, Oax. SGT*",9.2
-95.1,16.583333,OAX,IXTOX,"Ixtepec, Oax.",34.31
-96.2,17.866667,OAX,JACOX,"Jacatepec, Oax.",159.5
-95.483333,17.45,OAX,MAROX,"María Lombardo, Oax.",92.52
-96.733333,17.066667,OAX,OACOX,"Oaxaca Centro, Oax.",32.21
-96.083333,18.166667,OAX,PAPOX,"Papaloapan, Oax.",45.35
-96.483333,15.666667,OAX,PTAOX,"Observatorio de Puerto Ángel, Oax.",366.2
-95.481389,16.585278,OAX,RHOOX,"Río Hondo, Oax.",0
-95.916667,17.733333,OAX,RMLOX,"Río Manso Lalana, Oax.",95.2
-97.725,16.102778,OAX,RVEOX,"Río Verde, Oax.",15
-97.895,17.905833,OAX,SCHOX,"Santiago Chilixtlahuaca, Oax.",35.21
-96.55,17.266667,OAX,SCIOX,"Ixtepeji, Oax.",0
-96.533333,17.883333,OAX,SFUOX,"San Felipe Usila, Oax.",208.5
-98.1425,17.501389,OAX,SLAOX,"Silacayoápam, Oax.",95.77
-97.881389,17.228889,OAX,SMNOX,"San Martín Itunyoso, Oax.",64.5
-97.680278,18.188611,OAX,SNCOX,"Santiago Chazumba, Oax.",10.5
-96.55,18.05,OAX,STDOX,"Santo Domingo, Oax.",99.83
-97.536667,17.726111,OAX,STTOX,"Santiago Teotongo, Oax.",44.4
-96.412222,18.232222,OAX,TEMOX,"Presidente Alemán, Oax.",42.1
-97.424444,17.550556,OAX,TEPOX,"San Juan Teposcolula, Oax.",17.22
-95.6,16.416667,OAX,TEQOX,"Tequisistlán, Oax.",0.02
-97.808333,17.654444,OAX,TSLOX,"Heroica Villa Tezoatlán de Segura y Luna, Oax.",15.5
-96.133333,18.083333,OAX,TUXOX,"Tuxtepec, Oax.",79.02
-96.435278,17.933056,OAX,UCFOX,"Usila CFE, Oax.",251.4
-96.3,17.776389,OAX,VANOX,"Valle Nacional, Oax.",181.52
-97.826111,17.724444,OAX,YOSOX,"Yosocuta, Oax.",73.1
-98.389444,17.755278,OAX,ZALOX,"Zapotitlán Lagunas, Oax.",54.9
-97.818056,17.889722,OAX,ZAPOX,"Zapotitlán Palmas, Oax.",83.4
-98.285,19.016667,PUE,ACAPB,"Acatepec, Pue.",0
-97.418056,19.45,PUE,ACHPB,"Alchichilca, Pue.",23.61
-97.934167,19.0625,PUE,ACJPB,"Acajete, Pue.",60
-98.055,18.277222,PUE,ADOPB,"Acatlán de Osorio, Pue.",21
-98.135833,18.9425,PUE,AFRPB,"Áfricam, Pue.",57.61
-97.845,20.406944,PUE,APAPB,"Apapantilla, Pue.",100.7
-98.420833,18.921111,PUE,ATXPB,"Atlixco, Pue.",78.7
-97.881111,20.385833,PUE,AVCPB,"Ávila Camacho, Pue.",106.01
-97.503333,19.961389,PUE,BAIPB,"Buenos Aires CFE, Pue.",153.33
-98.108611,18.9125,PUE,BDDPB,"Manuel Ávila Camacho, Pue.",47.51
-97.441667,18.987222,PUE,CDSPB,"Ciudad Serdán, Pue.",9
-97.958333,18.968889,PUE,CEMPB,"Cemex, Pue.",72.5
-97.360833,18.316389,PUE,CHCPB,"Chilac, Pue.",4.8
-98.579167,18.516111,PUE,CHIPB,"Chietla, Pue.",68.11
-98.318056,19.068611,PUE,CHLPB,"Cholula, Pue.",50
-98.567778,18.109722,PUE,CHSPB,"Chila de la Sal, Pue.",23
-98.198611,19.022778,PUE,CNAPB,"Conagua, Pue.",53
-98.049722,19.743333,PUE,CNGPB,"Chignahuapan, Pue.",44.31
-98.059444,19.092778,PUE,CPLPB,"Capulac, Pue.",152
-97.516667,20.033333,PUE,CTZPB,"Cuetzalan del Progreso, Pue.",350.52
-98.275556,18.966111,PUE,ECHPB,"Echeverría, Pue.",95.51
-98.456111,19.101111,PUE,HJTPB,"Huejotzingo, Pue.",86.42
-98.540278,18.772222,PUE,HQCPB,"Huaquechula, Pue.",117.8
-98.050833,20.176389,PUE,HUAPB,"Huauchinango, Pue.",115.21
-97.815833,19.621667,PUE,IXTPB,"Ixtacamaxtitlán, Pue.",12.44
-98.466389,18.610833,PUE,IZMPB,"Izúcar de Matamoros, Pue.",70.01
-98.231111,19.010556,PUE,MAYPB,"Mayorazgo 21 Poniente, Pue.",56.53
-97.850278,20.733056,PUE,MTLPB,"Metlaltoyuca, Pue.",69.5
-96.781389,18.360278,PUE,NARPB,"Naranjastitla, Pue.",200.99
-98.002222,20.001667,PUE,NECAXA,"Necaxa, Pue. FENIX*",91.2
-98.000556,20.216667,PUE,NNEPB,"Necaxa, Pue.",88
-97.533333,19.7,PUE,OYAPB,"Oyameles, Pue.",27.24
-98.156667,20.2775,PUE,PAHUATLAN,"Pahuatlán de Valle, Pue. SGT*",112.8
-97.251389,18.918056,PUE,PCRPB,"Paso Carretas, Pue.",19
-98.264722,18.2,PUE,PIXPB,"Piaxtla, Pue.",36.1
-97.702778,20.445833,PUE,PTEPALOMAS,"Puente Palomas, Pue. SGT*",123.1
-97.883333,20.233333,PUE,PTLPB,"Patla, Pue.",53.4
-98.166667,19.05,PUE,PUOPB,"Observatorio de Puebla, Pue.",38.8
-97.616667,19.25,PUE,QUIPB,"Quimixtlán, Pue.",98.4
-98.22,19.113056,PUE,SCRPB,"San Cristóbal Caleras, Pue.",45.32
-97.208333,20.131389,PUE,SJAPB,"San José Acateno, Pue.",72.53
-97.91,18.735,PUE,SMCPB,"San Miguel Canoa, Pue.",64.01
-97.446667,19.960833,PUE,SOLPB,"La Soledad, Pue.",177.33
-98.582222,19.330278,PUE,SRTPB,"Santa Rita Tlahuapan, Pue.",60
-97.486389,19.952778,PUE,STLPB,"Sontalalco CFE, Pue.",140.06
-97.7925,20.004444,PUE,TDRPB,"Tepango de Rodríguez, Pue.",180.8
-97.7525,18.878889,PUE,TECPB,"Tecamachalco, Pue.",2.86
-97.395556,18.479167,PUE,TEHPB,"Tehuacán, Pue.",1.2
-97.805833,19.829444,PUE,TEOPB,"Tetela de Ocampo, Pue.",38.62
-97.9475,20.21,PUE,TEPPB,"Tepexic, Pue.",95.3
-97.430556,18.468889,PUE,TETPB,"Teotipilco, Pue.",8.2
-97.359722,19.815278,PUE,TEZPB,"Teziutlán, Pue.",94.02
-97.876111,20.315278,PUE,TLAXCALALTON,"Tlaxcalaltongo, Pue. SGT*",110.7
-96.861389,18.483611,PUE,TYAPB,"Tepeyac, Pue.",148.38
-98.050833,20.176389,PUE,UDSPB,"Universidad de la Sierra, Pue.",105.53
-97.675833,20.510278,PUE,VENPB,"Venustiano Carranza, Pue.",92.2
-97.956944,20.277222,PUE,XDJPB,"Xicotepec de Juárez, Pue.",105.8
-97.585,19.859722,PUE,ZCPPB,"Zacapoaxtla, Pue.",86.6
-97.011389,18.332222,PUE,ZOQPB,"Zoquitlán, Pue.",119.01
-97.832778,20.178611,PUE,ZRGPB,"Zaragoza, Pue.",97.5
-100.412222,20.504167,QRO,BATQT,"El Batán, Qro.",14.01
-100.435556,20.604167,QRO,CARQT,"Carrillo, Qro.",8.5
-100.080278,20.418611,QRO,CNSQT,"Constitución de 1917, Qro.",20.8
-100.453333,20.535,QRO,EPUQT,"El Pueblito, Qro.",23.2
-100.366667,20.566667,QRO,GHQQT,"Gerencia Hidalgo, Qro.",21.41
-99.9625,20.198611,QRO,IDFQT,"San Ildefonso, Qro.",57.8
-99.479722,21.230278,QRO,JLPQT,"Jalpan, Qro.",20.2
-100.45,20.7,QRO,JRQQT,"Juriquilla, Qro.",16.7
-100.366667,20.566667,QRO,OBSQT,"Observatorio de Querétaro, Qro.",19.02
-99.815,21.055833,QRO,PMLQT,"Peñamiller, Qro.",6.55
-100,20.3625,QRO,SJSQT,"San José, Qro.",22.4
-86.820278,21.156667,QROO,CANQR,"Cancún, Q. Roo.",167.41
-87.300556,18.755556,QROO,CHINCHORROmar,"Banco Chinchorro, Q. Roo. SEMAR*",258.534
-88.3275,18.500556,QROO,CHOQR,"Observatorio de Chetumal, Q. Roo.",154.02
-88.300833,18.518889,QROO,CHTQR,"Chetumal Tecnológico, Q. Roo.",146.2
-86.775833,21.074444,QROO,CNCQR,"Cancún Radar, Q. Roo. SMN*",211.29
-86.946111,20.51,QROO,COZQR,"Cozumel, Q. Roo.",554.4
-88.045,19.575556,QROO,FCRQR,"Observatorio de Felipe Carrillo Puerto, Q. Roo.",225
-88.459444,18.572222,QROO,INIQR,"Instituto Nacional de Innovación Agraria, Q. Roo.",193.8
-88.703611,19.752222,QROO,JMORELOS,"José María Morelos, Q. Roo. SMN*",115.4
-87.077778,20.634444,QROO,PDCQR,"Playa del Carmen, Q. Roo.",196.8
-87.465556,20.1275,QROO,SIAQR,"Sian Ka'an 2, Q. Roo. SMN*",0.5
-106.654167,24.047222,SIN,ACTSI,"Acatitán, Sin.",0
-109.183333,25.916667,SIN,AHMSI,"Ahome, Sin.",0.8
-107.383333,25.090278,SIN,AL2SI,"El Varejonal hidrométrica, Sin.",4
-107.388333,25.101389,SIN,ALMSI,"Adolfo López Mateos, Sin.",4.2
-108.7,25.7,SIN,ARCSI,"Adolfo Ruíz Cortínes, Sin.",5
-107.466667,25.033333,SIN,AWSSI,"Andrew Weiss, Sin.",2.5
-107.5375,25.333333,SIN,BDRSI,"Badiraguato, Sin.",8.02
-107.4,24.816667,SIN,CLCSI,"Culiacán, Sin.",2.5
-109.333333,26.1,SIN,CRRSI,"El Carrizo, Sin.",1
-108.065556,25.484722,SIN,EBLSI,"Lic. Eustaquio Buelna, Sin.",17.1
-108.616667,26.433333,SIN,EFTSI,"El Fuerte, Sin.",3.5
-108.480833,25.806667,SIN,ENASI,"Estación Naranjo, Sin.",7.31
-108.316667,26.083333,SIN,GB2SI,"El Sabinal hidrométrica, Sin.",0
-107.911944,25.855278,SIN,GD2SI,"Bacurato hidrométrica de Gustavo Diaz Ordáz, Sin.",17
-107.911111,25.856667,SIN,GDOSI,"Gustavo Díaz Ordaz, Sin.",17
-108.091667,25.469444,SIN,GMCSI,"Guamúchil, Sin.",17.1
-108.466667,25.716667,SIN,GSVSI,"Guasave, Sin.",25.6
-107.225,25.344444,SIN,GTNSI,"Guatenipa, Sin.",0.01
-106.595833,23.955556,SIN,IXPSI,"Ixpalino, Sin.",4.13
-107.059444,24.753611,SIN,JGRSI,"Juan Guerrero Alcocer, Sin.",3.01
-106.807222,24.571667,SIN,JLPSI,"José López Portillo, Sin.",10.01
-108.712222,26.437222,SIN,JODSI,"El Sabino, Sin.",0.01
-108.7025,26.426944,SIN,JORSI,"Josefa Ortiz de Domínguez, Sin.",0.01
-106.9,23.916667,SIN,LCRSI,"La Cruz, Sin.",1.51
-108.35,26.904167,SIN,LD2SI,"Huites hidrométrica, Sin.",0
-108.367778,26.844722,SIN,LDCSI,"Luis Donaldo Colosio, Sin.",0
-109,25.8,SIN,MCHSI,"Los Mochis, Sin.",4.6
-108.583333,26.5,SIN,MHGSI,"Miguel Hidalgo, Sin.",3.5
-106.4,23.233333,SIN,MZTSI,"Observatorio de Mazatlán, Sin.",17.02
-107.188056,24.251111,SIN,OBISPO,"Obispo, Sin. SMN*",0.6
-107.440556,24.634722,SIN,OBSSI,"Observatorio de Culiacán, Sin.",1.3
-108.58,26.509722,SIN,PMHSI,"Miguel Hidalgo, Sin.",3.5
-106.466667,23.5625,SIN,QLTSI,"Quelite, Sin.",7
-107.755833,25.124722,SIN,RAVSI,"Estación Rancho Viejo, Sin.",0
-105.85,22.983333,SIN,RSRSI,"Rosario, Sin.",26
-107.843333,25.485556,SIN,SANJUAN,"San Juan, Sin. SMN*",7.75
-108.779167,26.073611,SIN,SFRSI,"Sufragio, Sin.",2
-107.8425,25.486667,SIN,SJNSI,"San Juan, Sin.",8.3
-106.695833,24.121944,SIN,SLTSI,"Ing. Aurelio Benassini Vizcaíno, Sin.",10
-107.158333,24.813889,SIN,SN2SI,"Sanalona hidrométrica, Sin.",2.51
-107.151389,24.815,SIN,SNLSI,"Sanalona, Sin.",2.51
-106.25,23.35,SIN,SQRSI,"Siqueros, Sin.",8.34
-109.070278,25.590833,SIN,TOPOLOBAMPOmar,"Topolobampo, Sin. SEMAR*",1
-105.846944,23.088333,SIN,TORSI,"Las Tortugas, Sin.",28.5
-107.059722,24.7475,SIN,VINSI,"Vinoramas, Sin.",3.01
-108.358611,25.739167,SIN,ZOPSI,"El Zopilote, Sin.",13
-98.558333,21.972222,SLP,AJTSL,"Las Adjuntas, S.L.P.",40.51
-98.955833,21.748889,SLP,BLMSL,"Ballesmi, S.L.P.",81.7
-99.016667,21.983333,SLP,CDVSL,"Ciudad Valles, S.L.P.",59
-99.239444,21.906944,SLP,GANSL,"Gallinas, S.L.P.",36.8
-100.820556,21.88,SLP,IVGSL,"Valentín Gama, S.L.P.",22.91
-100.665833,23.6475,SLP,MA2SL,"Matehuala, S.L.P. SMN*",108.8
-100.642778,23.656944,SLP,MATSL,"Matehuala, S.L.P.",128.03
-99.159444,22.12,SLP,MICSL,"Micos, S.L.P.",34.71
-98.8,21.333333,SLP,MTPSL,"Observatorio de Matlapa, S.L.P.",119.5
-99.32,22.523333,SLP,NRJSL,"Naranjos, S.L.P.",76.4
-100.762222,21.849722,SLP,OCTSL,"Ojo Caliente, S.L.P.",22.91
-99.830556,21.651111,SLP,PMYSL,"Pedro Montoya, S.L.P.",9.43
-98.939722,21.847222,SLP,PUJSL,"El Pujal, S.L.P.",78.4
-99.995,21.931389,SLP,RVDSL,"Observatorio de Río Verde, S.L.P.",19.82
-101,22.2,SLP,SGRSL,"Soledad Graciano, S.L.P.",29.51
-101.019167,22.148056,SLP,SLPSL,"Observatorio de San Luis Potosí, S.L.P.",29.1
-99.055833,22.02,SLP,STRSL,"Santa Rosa, S.L.P.",37.41
-98.617222,21.692778,SLP,SVTSL,"San Vicente, S.L.P.",63.4
-99.146111,21.822222,SLP,TANCHACHIN,"Tanchachín, S.L.P. SGT*",37.5
-98.857222,21.246667,SLP,TBLSL,"Tierra Blanca, S.L.P.",65.4
-98.758889,21.241111,SLP,TMTSL,"Temamatla, S.L.P.",89.6
-101.9125,22.831944,SLP,VRASL,"Villa de Ramos, S.L.P.",78.5
-110.226111,29.825,SON,ACNSO,"Aconchi, Son.",0
-108.937778,27.021667,SON,ALMSO,"Álamos, Son.",0
-111.733333,30.716667,SON,ALTSO,"Observatorio de Altar, Son.",1
-109.8925,27.8225,SON,AOBSO,"Álvaro Obregón, Son.",0
-109.106667,27.226111,SON,ARCSO,"Adolfo Ruíz Cortínes, Son.",0
-109.088611,30.07,SON,ARISO,"Aribabi, Son.",5.01
-110.92,29.076667,SON,ARLSO,"Abelardo Rodríguez Luján, Son.",0.02
-110.1675,30.335833,SON,ARZSO,"Arizpe, Son.",0
-111.83,28.75,SON,BAHIAKINO,"Bahía de Kino, Son. SMN*",0.25
-110.238611,30.598889,SON,BCNSO,"Bacanuchi, Son.",0
-108.931667,30.355278,SON,BCRSO,"Bacerac, Son.",0
-112.435278,30.771944,SON,CABORCA,"Caborca, Son. SMN*",2.2
-109.625,27.416667,SON,CCRSO,"Cocoraque, Son.",1
-111.516389,30.873333,SON,CHTSO,"Cuauhtémoc, Son.",3
-110.736389,29.472222,SON,CJNSO,"El Cajón, Son.",0
-110.290833,30.98,SON,CNNSO,"Cananea, Son.",0.01
-109.938056,27.5,SON,COBSO,"Observatorio de Ciudad Obregón, Son.",0.02
-108.7625,26.603611,SON,CZNSO,"Cazanate, Son.",0.03
-109.233333,29.2,SON,ECBSO,"El Cubil, Son.",2.7
-110.8,27.95,SON,EPLSO,"Observatorio de Empalme, Son.",0
-110.85,27.95,SON,GYMSO,"Guaymas, Son.",0.01
-110.916667,29.066667,SON,HM2SO,"Observatorio de Hermosillo, Son.",0.01
-110.925833,29.073056,SON,HMNSO,"Hermosillo, Son.",0
-108.957222,30.210556,SON,HSHSO,"Huachinera, Son.",0
-110.886944,30.761667,SON,IMRSO,"Imuris, Son.",0.4
-110.396944,28.426389,SON,IRASO,"Ignacio R. Alatorre, Son.",0
-109.378889,30.437778,SON,LCDSO,"Lázaro Cárdenas, Son.",0.01
-109.6875,30.374444,SON,NCZSO,"Observatorio de Nacozari, Son.",0
-110.947222,31.318889,SON,NGLSO,"Nogales, Son.",2.4
-110.913889,31.297778,SON,NOGALES,"Nogales, Son. SMN*",2.4
-109.443333,27.071944,SON,NVJSO,"Navojoa, Son.",2.41
-112.85,31.866667,SON,NYNSO,"Sonoyta, Son.",2.51
-109.083333,29.433333,SON,PDNSO,"Paso Nácori, Son.",0.01
-109.642222,28.976667,SON,PECSO,"Plutarco Elías Calles, Son.",0.01
-113.304722,31.68,SON,PINACATE,"El Pinacate, Son. SMN*",5.6
-110.725556,29.2125,SON,PMOSO,"Ing. Rodolfo Félix Valdés, Son.",0.01
-113.550833,31.352778,SON,PT2SO,"Observatorio de Puerto Peñasco, Son.",0.02
-110.308333,28.472222,SON,PTASO,"Punta de Agua 2, Son.",0
-112.116667,30.697778,SON,PTQSO,"Pitiquito, Son.",0.8
-111.021389,30.050556,SON,QRBSO,"Querobabi, Son.",0
-108.876667,27.411944,SON,SBNSO,"San Bernardo, Son.",4
-111.445278,30.394722,SON,SRSSO,"Santa Rosa 2, Son.",3.11
-109.5,29.534722,SON,TPCSO,"Tepache, Son.",0
-109.2125,27.658333,SON,TSOSO,"Tesocoma, Son.",1
-110.289722,27.643611,SON,VCMSO,"Vícam, Son.",0.03
-110.299167,27.639167,SON,VICAM,"Vícam, Son. SGT*",0
-108.927778,28.371389,SON,YCRSO,"Yécora, Son.",0
-91.483333,17.433333,TAB,BDCTB,"Boca del Cerro, Tab.",349.6
-91.229167,17.289722,TAB,CUSUMACINTA,"Cañón Usumacinta, Tab. SMN*",190.2
-92.916667,17.98,TAB,EMUTB,"Villahermosa Muelle, Tab.",189.1
-92.814722,18.043611,TAB,EPOTB,"El Porvenir, Tab.",258.9
-93,17.975,TAB,GONTB,"González, Tab.",348.2
-92.6,17.766667,TAB,MACTB,"Macuspana, Tab.",315.9
-92.75,17.380556,TAB,OXOTB,"Oxolotán, Tab.",705
-93.33,18.42,TAB,PARAISO,"Paraíso, Tab. SMN*",403.3
-92.879167,17.854167,TAB,PNVTB,"Pueblo Nuevo, Tab.",285.2
-93.622778,18.175,TAB,POBLADOC11,"Poblado C11, Tab. SGT*",671.5
-92.877222,18.010833,TAB,PORVENIR,"Porvenir, Tab. SGT*",253.6
-92.9375,17.566667,TAB,PUYTB,"Puyacatengo, Tab.",531.9
-93.275556,17.996944,TAB,SAMTB,"Samaria, Tab.",445.2
-91.158333,17.791667,TAB,SPTTB,"San Pedro, Tab.",296.3
-92.778611,17.456944,TAB,TAPTB,"Tapijulapa, Tab.",700.7
-92.966667,17.566667,TAB,TEATB,"Teapa, Tab.",466.2
-93.8325,17.965556,TAB,ZAMAPA2ASECC,"Zamapa 2a. Sección, Tab. Protección Civil*",212.2
-98.39,24.065556,TAMPS,ABSTP,"Abasolo, Tamps.",50.4
-99.148889,22.986944,TAMPS,AHLTP,"Ahualulco, Tamps.",51.5
-97.926944,22.386111,TAMPS,BALTP,"Bombas Altamira, Tamps.",45.64
-99.123056,24.080556,TAMPS,BR1TP,"El Barretal Uno, Tamps.",34.7
-99.215,24.1025,TAMPS,BRRTP,"El Barretal, Tamps.",24.2
-98.5975,26.238056,TAMPS,CDOTP,"S-J-2-18 Ciudad Díaz Ordaz, Tamps.",150.01
-98.8,26.25,TAMPS,CMGTP,"S-J-2-11 Camargo, Tamps.",190.52
-99.148611,26.430556,TAMPS,CMRTP,"Mier, Tamps.",167.62
-97.817778,25.966389,TAMPS,CONTP,"Control, Tamps.",123.4
-98.935833,23.939167,TAMPS,CORTP,"Corona, Tamps.",49.4
-99.166667,23.716667,TAMPS,CVCTP,"Observatorio de Ciudad Victoria, Tamps.",63.7
-99.1875,23.730278,TAMPS,CVTTP,"Ciudad Victoria, Tamps.",53.4
-99.078611,23.384444,TAMPS,ENNTP,"La Encantada, Tamps.",35.7
-98.691667,22.605,TAMPS,ERCTP,"Estudiante Ramiro Caballero Dorantes, Tamps.",19
-99.154722,23.046667,TAMPS,GOMEZFARIAS,"Gómez Farías, Tamps. SGT*",120.1
-97.953333,23.166389,TAMPS,LAETP,"La Esperanza, Tamps.",56.8
-99.233611,26.408889,TAMPS,LBLTP,"Derivadora Las Blancas, Tamps.",164.91
-99.120556,22.852778,TAMPS,LSRTP,"La Servilleta, Tamps.",25.2
-99.551111,24.566667,TAMPS,MAGTP,"Magueyes, Tamps.",67.5
-97.522778,25.833333,TAMPS,MATTP,"Matamoros, Tamps.",142.7
-98.586389,25.1175,TAMPS,MENTP,"Mendez, Tamps.",131.7
-99.040833,26.374167,TAMPS,MGATP,"S-J-1-2 Miguel Alemán, Tamps.",215.91
-98.705556,22.795833,TAMPS,MGSTP,"Magiscatzín Dos, Tamps.",18.3
-99.434444,24.2525,TAMPS,MHGTP,"Miguel Hidalgo, Tamps.",49.01
-98.925556,26.204722,TAMPS,MRGTP,"Marte Rodolfo Gómez, Tamps.",183.61
-98.9,24.05,TAMPS,PADTP,"Padilla, Tamps.",46.5
-97.8,25.8,TAMPS,PANTP,"Pueblo Anáhuac, Tamps.",173.61
-98.745833,23.726667,TAMPS,PDMTP,"Paso de Molina, Tamps.",34
-99.019167,24.208056,TAMPS,PILTP,"Pilón, Tamps.",48.8
-99.555833,24.2475,TAMPS,PJMTP,"Pedro José Méndez, Tamps.",46.31
-99.583333,24.183333,TAMPS,PVLTP,"Puerto de Valles, Tamps.",50.51
-99.026111,22.843056,TAMPS,RFRTP,"Río Frío, Tamps.",14.52
-98,25.966667,TAMPS,RIBTP,"Río Bravo, Tamps.",144.81
-97.991944,23.259444,TAMPS,RSPTP,"República Española, Tamps.",15.2
-98.285833,26.079722,TAMPS,RYATP,"S-J-3-42 Reynosa, Tamps.",117.31
-98.883333,26.166667,TAMPS,RYNTP,"S-J-2-9 Reynosa, Tamps.",109.7
-99.093056,23.031389,TAMPS,SBNTP,"Sabinas, Tamps.",57.2
-98.869444,22.784444,TAMPS,SDATP,"Saca de Agua, Tamps.",16.9
-98.787222,23.083611,TAMPS,SGBTP,"San Gabriel, Tamps.",17.2
-98.208889,23.762222,TAMPS,SLMTP,"Observatorio de Soto la Marina, Tamps.",56.91
-98.791389,22.943889,TAMPS,SLZTP,"Lic. Emilio Portes Gil, Tamps.",12
-99.274167,24.0225,TAMPS,STETP,"Santa Engracia, Tamps.",33
-97.876111,22.238333,TAMPS,TMPTP,"Tampico, Tamps.",33
-98.422778,22.423889,TAMPS,TMSTP,"Tamesí, Tamps.",40.32
-97.804167,25.906111,TAMPS,VCATP,"Villa Cárdenas, Tamps.",164.91
-98.666389,23.959444,TAMPS,VGRTP,"Vicente Guerrero, Tamps.",53.1
-97.8,25.7,TAMPS,VHMTP,"Valle Hermoso, Tamps.",203.63
-99.488611,24.303889,TAMPS,VILLAGRAN,"Villagrán, Tamps. SMN*",45.8
-99.551111,24.566667,TAMPS,VSMTP,"Victoria San Marcos, Tamps.",34
-98.131111,19.428611,TLAX,APITL,"Apizaco, Tlax.",81
-98.563889,19.586111,TLAX,CPPTL,"Calpulalpan, Tlax.",39.7
-97.769722,19.298889,TLAX,CUATL,"Cuapiaxtla, Tlax.",22.3
-97.6475,19.318056,TLAX,ECTTL,"El Carmen Tequexquitla, Tlax.",18
-98.246944,19.324722,TLAX,OBSTL,"Observatorio de Tlaxcala, Tlax.",31.5
-98.200556,19.556111,TLAX,SJATL,"San José Atlanga, Tlax.",21
-98.243056,19.219444,TLAX,ZACTL,"Zacatelco, Tlax.",40
-97.908056,19.200278,TLAX,ZITTL,"Zitlaltepec, Tlax.",25.5
-96.843889,19.695833,VER,ACAVC,"Acatlán, Ver.",38.06
-96.5875,19.495,VER,ACTVC,"Actopan, Ver.",35.61
-94.144444,18.141667,VER,AGDVC,"Agua Dulce, Ver.",178
-97.68,20.93,VER,ALAVC,"Álamo Temapache, Ver.",90.01
-97.234722,19.7625,VER,ALTVC,"Altotonga, Ver.",135.33
-96.736111,19.621667,VER,ALUVC,"Alto Lucero, Ver.",40.23
-95.4375,18.583333,VER,ARCVC,"Ángel Rosario Cabada, Ver.",284.63
-97.236944,19.885833,VER,ARRVC,"Arroyo Colorado Protección Civil, Ver.",198.06
-96.944444,19.588889,VER,BANVC,"Banderilla, Ver.",61.01
-96.933333,19.483333,VER,BRIVC,"Briones, Ver.",59.74
-96.971667,19.948889,VER,BUVVC,"Buena Vista Protección Civil, Ver.",207.2
-94.253889,17.954444,VER,CB2VC,"Planta de Bombeo 2 de La Cangrejera, Ver.",377.01
-95.8,18.3,VER,CCLVC,"Chacaltianguis, Ver.",73.9
-96.697778,19.433056,VER,CEGVC,"Cerro Gordo, Ver.",39.5
-96.853611,18.563333,VER,CHMVC,"Chicomapa, Ver.",148.13
-98.155833,21.7375,VER,CHYVC,"Paso de Piedras, Ver.",57.02
-97.470556,20.253056,VER,CIRVC,"El Ciruelo Protección Civil, Ver.",183.52
-97.545,21.068333,VER,CLHVC,"Chalahuite, Ver.",67.43
-96.939444,19.453889,VER,COAVC,"Coatepec, Ver.",39.04
-97.470833,20.252778,VER,COMVC,"Comalteco, Ver. PC",166.9
-94.4,18.1,VER,COTVC,"Observatorio de Coatzacoalcos, Ver.",326.1
-96.374444,19.364722,VER,CRDVC,"Cardel, Ver.",9.52
-95.295833,18.144444,VER,CTTVC,"Cuatotolapan, Ver.",154.41
-96.666389,19.361667,VER,CUMVC,"La Cumbre, Ver.",28
-95.970833,19.040833,VER,ELSALADOmar,"El Salado, Ver. SEMAR*",0
-96.36,19.405833,VER,ENRVC,"El Naranjillo, Ver.",8
-96.158333,19.068889,VER,ETEVC,"El Tejar, Ver.",2.73
-96.9975,18.897778,VER,FORVC,"Fortín, Ver.",85.4
-95.556944,18.270556,VER,GARVC,"Garro, Ver.",104.82
-98.459167,21.773611,VER,HGOVC,"El Higo, Ver.",39.8
-98.2875,21.194444,VER,HLSVC,"Los Hules, Ver.",35.01
-96.950833,19.181667,VER,HTSVC,"Huatusco, Ver.",62.3
-96.554167,19.404167,VER,IDOVC,"Ídolos, Ver.",17.11
-97.2175,21.471667,VER,ISLALOBOSmar,"Isla Lobos, Ver. SEMAR*",68.2
-94.666667,17.95,VER,JALVC,"Jaltipán, Ver.",66.2
-95.033333,17.433333,VER,JCRVC,"Jesús Carranza, Ver.",63.5
-94.088889,17.873611,VER,JDCVC,"San José del Carmen, Ver.",673
-97.021111,19.603611,VER,JOYVC,"La Joya, Ver.",95.43
-95.35,18.25,VER,LAUVC,"Lauchapan, Ver.",134.91
-94.330833,18.109444,VER,LCAVC,"La Cangrejera, Ver.",618.02
-97.231944,18.922778,VER,LGRVC,"Loma Grande, Ver.",12
-96.978333,20.051944,VER,LIBVC,"Libertad, Ver.",134.91
-96.411111,19.261389,VER,LOFVC,"Loma Fina, Ver.",5.02
-94.916667,17.416667,VER,LPEVC,"Las Perlas, Ver.",53
-97.1,19.65,VER,LVRVC,"Las Vigas de Ramírez, Ver.",76.3
-97.048333,20.0675,VER,MDTVC,"Martínez de la Torre, Ver.",199.6
-96.333333,19.15,VER,MFAVC,"Manlio Fabio Altamirano, Ver.",3.05
-98.045,20.8325,VER,MILVC,"Milcahual, Ver.",206.5
-94.771111,18.135278,VER,MNZVC,"Minzapan, Ver.",174.34
-97.097778,20.421944,VER,MRRVC,"El Morro Protección Civil, Ver.",170.8
-96.833333,19.933333,VER,MZNVC,"Misantla, Ver.",137.86
-96.872222,19.65,VER,NAOVC,"Naolinco, Ver.",29.93
-98.5125,21.840278,VER,OLVVC,"El Olivo, Ver.",59.9
-97.1,18.85,VER,ORZVC,"Observatorio de Orizaba, Ver.",107.64
-96.97,19.55,VER,OTIVC,"Otilpan, Ver.",49.3
-96.918056,19.48,VER,PAVVC,"Pacho Viejo, Ver.",38.85
-94.3775,18.103611,VER,PB3VC,"Planta de Bombeo 3 de La Cangrejera, Ver.",367.52
-94.193611,17.872778,VER,PCNVC,"Planta de Bombeo 1 de La Cangrejera, Ver.",351.52
-97.268333,19.545,VER,PEROTESMN,"Perote, Ver. SMN*",16.76
-96.979722,19.588611,VER,PILVC,"Piletas, Ver.",86.13
-98.176667,22.06,VER,PNCVC,"Pánuco, Ver.",45.31
-97.475,20.543333,VER,POZARICA,"Poza Rica, Ver. SGT*",73.5
-97.316667,20.45,VER,PPNVC,"Papantla, Ver.",149.05
-97.478333,20.540833,VER,PRCVC,"Poza Rica, Ver.",118.04
-98.356667,21.297778,VER,PSNVC,"Platón Sánchez, Ver.",109.5
-96.665,19.043333,VER,PTE4CAMINOS,"Puente Cuatro Caminos, Ver. SGT*",36.5
-96.795278,18.888056,VER,PTNVC,"Potrero Nuevo, Ver.",68.47
-97.809722,20.887222,VER,SBTVC,"Sombrerete, Ver.",88.78
-96.921389,19.578611,VER,SEDVC,"Sedeño, Ver.",43.22
-95.183333,18.45,VER,SIHVC,"Sihuapán, Ver.",114.3
-95.133333,17.883333,VER,SJEVC,"San Juan Evangelista, Ver.",52.45
-97.293056,19.696944,VER,SNTVC,"Santa Ana Protección Civil, Ver.",77.74
-95.033333,18.516667,VER,SONVC,"Sontecomapan, Ver.",386.61
-95.212778,18.450833,VER,STXVC,"San Andrés Tuxtla AC, Ver.",156.4
-96.488889,19.338889,VER,TAMVC,"Tamarindo, Ver.",35
-96.966667,19.45,VER,TAPVC,"Tapachapan, Ver.",78.4
-96.966667,19.383333,VER,TCOVC,"Teocelo, Ver.",84
-97.125278,18.579722,VER,TLQVC,"Tlaquilpa, Ver.",81.44
-94.163333,17.571944,VER,TMOVC,"Tierra Morada, Ver.",734
-98.409444,21.499722,VER,TMPVC,"Tempoal, Ver.",58.5
-96.916667,19.811111,VER,TNCVC,"Tenochtitlán, Ver.",213.4
-97.2225,19.921944,VER,TOMVC,"Tomata, Ver.",153.75
-96.950278,19.233611,VER,TOTVC,"Totutla, Ver.",92.55
-98.153056,21.039722,VER,TRRVC,"Terrerillos, Ver.",44.1
-97.4,20.955556,VER,TXPVC,"Observatorio de Tuxpan, Ver.",116.74
-95.416667,18.466667,VER,TZAVC,"Tres Zapotes, Ver.",207.92
-96.111111,19.154167,VER,VERVC,"Observatorio de Veracruz, Ver.",0.71
-96.613889,19.022222,VER,VTEVC,"Villa Tejeda, Ver.",0
-96.927778,19.542222,VER,XBMVC,"Xalapa Bomberos Protección Civil, Ver.",66.2
-96.929167,19.511944,VER,XBSVC,"Xalapa Base Protección Civil, Ver.",66.2
-96.85,19.55,VER,XCFVC,"Xalapa CFE, Ver.",47.73
-96.916111,19.536944,VER,XCNVC,"Xalapa Constituyentes Protección Civil, Ver.",55.4
-96.903889,19.542222,VER,XCRVC,"Xalapa Cristal, Ver.",57.21
-96.901111,19.534722,VER,XDAVC,"Xalapa Dos de Abril, Ver.",38.34
-96.935278,19.529167,VER,XIMVC,"Xalapa IMAC Protección Civil, Ver.",48.4
-96.935556,19.547222,VER,XMGVC,"Xalapa Magisterial, Ver.",49.22
-96.898056,19.556667,VER,XMNVC,"Xalapa Minas Protección Civil, Ver.",51.6
-96.916667,19.533333,VER,XOBVC,"Observatorio de Xalapa, Ver.",33.51
-96.871667,19.511667,VER,XOLVC,Xalapa Olmos,38.12
-96.923889,19.527222,VER,XPMVC,"Xalapa Palacio Protección Civil, Ver.",42.6
-96.915556,19.565833,VER,XREVC,"Xalapa Revolución, Ver.",46.22
-96.929444,19.563333,VER,XSPVC,"Xalapa Sefiplan Protección Civil, Ver.",35.6
-96.894444,19.555833,VER,XSUVC,"Xalapa Sumidero, Ver.",47.11
-96.777778,19.863889,VER,YECVC,"Yecuatla, Ver.",93.6
-97.388889,19.413889,VER,ZALVC,"Zalayeta, Ver.",22.5
-89.681111,20.649444,YUC,ABAYC,"Abalá, Yuc.",41.5
-89.081667,20.463056,YUC,CANYC,"Cantamayec, Yuc.",45
-90.3825,20.858056,YUC,CELYC,"Celestún, Yuc. SMN*",33.2
-89.829444,20.752778,YUC,CHOYC,"Chocholá, Yuc.",96.6
-89.638056,21.03,YUC,CICYC,"Centro de Investigación Científica, Yuc.",60.2
-87.676667,21.5125,YUC,CYOYC,"El Cuyo, Yuc.",50.2
-89.642778,21.048889,YUC,FIYYC,"Facultad de Ingeniería Universidad Autónoma de Yucatán, Yuc.",88.92
-89.658056,20.984167,YUC,GARYC,"Organismo de Cuenca Península de Yucatán, Yuc.",62.83
-89.651111,20.946389,YUC,MEOYC,"Observatorio de Mérida, Yuc.",84.97
-89.4375,21.105556,YUC,MOCYC,"Mocochá, Yuc.",80.9
-89.291667,21.094167,YUC,MTOYC,"Motul, Yuc.",66.42
-89.711667,20.493333,YUC,MUNYC,"Muna, Yuc.",37.52
-89.394722,20.290556,YUC,OXKYC,"Oxkutzcab, Yuc.",52.54
-88.930833,20.1325,YUC,PETYC,"Peto, Yuc.",153.02
-89.653889,21.275833,YUC,PROYC,"Observatorio de Progreso, Yuc.",18.21
-89.558056,20.397778,YUC,TICYC,"Ticul, Yuc.",63.5
-88.1725,21.158611,YUC,TIZYC,"Tizimín, Yuc.",183.21
-88.204167,20.69,YUC,VALYC,"Observatorio de Valladolid, Yuc.",184.12
-103.459167,21.811389,ZAC,ATGZC,"Atolinga, Zac.",29.1
-102.733889,23.602222,ZAC,CFPZC,"Cañitas de Felipe Pescador, Zac",85.6
-102.896111,21.997222,ZAC,CHIZC,"El Chique, Zac.",45.5
-101.389167,24.621389,ZAC,CORZC,"Concepción del Oro, Zac.",79
-103.098333,23.693333,ZAC,ELCZC,"El Cazadero, Zac.",58.63
-102.040833,22.673056,ZAC,ELSZC,"El Saladillo, Zac.",78.03
-103.35,21.645833,ZAC,EXCZC,"Miguel Alemán, Zac.",31.9
-102.506667,22.746667,ZAC,GPEZC,"Guadalupe, Zac.",67.72
-103.397778,24.281667,ZAC,JALZC,"Juan Aldama, Zac.",71.5
-102.566944,22.778889,ZAC,LBUZC,"Observatorio de Zacatecas, Zac.",56.6
-103.603056,22.686944,ZAC,LFLZC,"La Florida, Zac.",39
-102.660556,22.996944,ZAC,LLBZC,"Llano Blanco, Zac.",82.4
-103.382778,22.845278,ZAC,LOBZC,"Manuel Felgueres, Zac.",38.3
-101.985556,22.264722,ZAC,LORZC,"Loreto, Zac.",34.4
-103.216944,23.18,ZAC,LREZC,"Gobernador Leobardo Reynoso, Zac.",78.5
-103.443056,24.287222,ZAC,MGAZC,"Miguel Auza, Zac.",55.43
-102.845556,21.3575,ZAC,NCTZC,"Nochistlán, Zac.",21.9
-102.798056,22.347778,ZAC,PALZC,"Palomas, Zac.",30.3
-101.399167,22.1175,ZAC,PINZC,"Pino Suárez, Zac.",44.9
-102.903611,21.711111,ZAC,PMOZC,"Los Moraleños, Zac.",36.51
-103.025833,23.816944,ZAC,RGRZC,"Río Grande, Zac.",126.62
-102.884444,24.322222,ZAC,SFOZC,"San Francisco, Zac.",81.74
-103.506111,24.288611,ZAC,SGOZC,"Santiago, Zac.",54.32
-103.636667,23.638889,ZAC,SOMZC,"Observatorio de Sombrerete, Zac.",61.3
-103.495833,22.326667,ZAC,STEZC,"Independencia Nacional, Zac.",13.3
-103.108889,22.923611,ZAC,STRZC,"Santa Rosa, Zac.",51.53
-102.864167,22.120556,ZAC,TAYZC,"Ing. Julián Adame Alatorre, Zac.",43.2
-103.879722,23.471944,ZAC,TCHZC,"Chalchihuites, Zac.",36.5
-103.309444,21.773611,ZAC,TLLZC,"Tlaltenango, Zac.",24.6
-101.715833,22.3475,ZAC,VHGZC,"Villa Hidalgo, Zac.",85
-103.3375,21.588889,ZAC,VILZC,"José María Morelos, Zac.",36.8
-102.506111,22.746667,ZAC,ZA2ZC,"Zacatecas, Zac. SMN*",47.13
-102.576667,22.761389,ZAC,ZACZC,"Zacatecas, Zac.",59.21
