LON,LAT,EDO,CLAVE,ESTACION,oct-23
-102.189167,21.826667,AGS,CLVAG,"Calvillo, Ags.",32.91
-102.712222,21.849167,AGS,CALVILLO,"Calvillo, Ags. SMN*",75.65
-102.197222,22.007222,AGS,CHOAG,"Cañada Honda, Ags.",60.7
-102.296667,22.362778,AGS,CSOAG,"Cosío, Ags.",60.42
-102.4375,22.235,AGS,PTRAG,"Derivadora Pabellón, Ags.",55.9
-102.371667,21.78,AGS,NGRAG,"El Niágara, Ags.",43.83
-102.001944,22.020556,AGS,NVLAG,"El Novillo, Ags.",50
-102.356944,22.121667,AGS,JCQAG,"Jocoque, Ags.",116.5
-102.676944,21.9975,AGS,CDRAG,"La Codorniz, Ags.",75.4
-102.127778,21.807778,AGS,TNJAG,"La Tinaja 2, Ags.",59
-101.992222,21.897778,AGS,CNSAG,"Los Conos, Ags.",51.85
-102.788333,21.8075,AGS,MNLAG,"Media Luna, Ags.",124.74
-102.290556,21.850833,AGS,OBSAG,"Observatorio de Aguascalientes, Ags.",69.22
-102.279167,22.147222,AGS,PBLAG,"Pabellón, Ags.",70.61
-101.966667,21.916667,AGS,PALAG,"Palo Alto, Ags.",58
-102.417222,22.141111,AGS,PECAG,"Plutarco Elías Calles, Ags.",77
-102.465,22.189167,AGS,P50ANIV,"Presa Cincuenta Aniversario, Ags. SMN*",64
-102.135,22.202778,AGS,PTOAG,"Puerto de la Concepción, Ags.",59.73
-102.184167,21.738611,AGS,BRTAG,"San Bartolo, Ags.",11.7
-102.108889,21.885,AGS,SNVAG,"Sandovales, Ags.",43
-102.608333,22.269444,AGS,SIERRAFRIA,"Sierra Fría, Ags. SMN*",75
-102.0675,22.097778,AGS,VJZAG,"Villa Juárez, Ags.",47.32
-116.908333,32.444722,BC,ALRBN,"Abelardo L. Rodríguez, B.C.",0.01
-114.719167,29.727222,BC,CATAVINA,"Cataviña, B.C. SMN*",0
-116.696944,32.479444,BC,CRRBN,"El Carrizo, B.C.",1
-116.828333,32.468056,BC,EFLBN,"El Florido, B.C.",1
-116.302778,32.516389,BC,HNGBN,"El Hongo, B.C.",0
-116.6025,31.890278,BC,ELZBN,"Emilio López Zamora, B.C.",7.51
-114.728056,32.705,BC,JMRBN,"Interconexión José María Morelos y Pavón, B.C.",0
-115.1875,28.034444,BC,ISLACEDROSmar,"Isla Cedros, B.C. SEMAR*",0
-116.205556,32.272222,BC,RUMOROSA,"La Rumorosa, B.C. SMN*",1.51
-115.376111,32.625833,BC,MEXICALIob,"Mexicali Observatorio, B.C. SMN*",0
-115.27,32.39,BC,MXCBN,"Mexicali, B.C.",0.01
-115.15,32.411111,BC,ENLBN,"Observatorio de Ejido Nuevo León, B.C.",0
-114.85,31.033333,BC,SFLBN,"Observatorio de San Felipe, B.C.",0
-117.071389,32.3775,BC,PLAYAROSARITO,"Playa Rosarito, B.C. SMN*",0
-114.729444,32.703889,BC,PDMBN,"Presa derivadora Morelos, B.C.",0
-116.64,31.704444,BC,PTBBN,"Punta Banda, B.C.",0
-115.931389,30.517222,BC,ENBBN,"San Quintín, B.C.",0
-116.661667,32.568611,BC,TECATE,"Tecate, B.C. SMN*",1.6
-109.424444,23.445278,BCS,CPULMO,"Cabo Pulmo, B.C.S. SMN*",13.7
-109.925833,22.8975,BCS,CSLBS,"Cabo San Lucas, B.C.S.",240.01
-113.457778,27.643611,BCS,DORBS,"Díaz Ordaz, B.C.S.",0.51
-109.995,24.083889,BCS,SARBS,"El Sargento, B.C.S.",41.52
-114.051944,27.963056,BCS,GNGBS,"Guerrero Negro, B.C.S.",5.83
-109.591389,23.593056,BCS,RBRBS,"La Ribera, B.C.S.",180.22
-109.697222,23.680556,BCS,LBABS,"Los Barriles, B.C.S.",88
-109.934167,23.9675,BCS,PLNBS,"Los Planes, B.C.S.",208.02
-111.983056,26.896111,BCS,MLGBS,"Mulegé, B.C.S.",0
-111.663611,25.009722,BCS,CCNBS,"Observatorio de Ciudad Constitución, B.C.S.",47.9
-110.366667,24.15,BCS,LPZBS,"Observatorio de La Paz, B.C.S.",363.93
-111.349167,26.011667,BCS,LRTBS,"Observatorio de Loreto, B.C.S.",27.22
-112.272778,27.337778,BCS,SRLBS,"Observatorio de Santa Rosalía, B.C.S.",0
-111.829444,24.481111,BCS,PCORTESmar,"Puerto Cortés, B.C.S. SEMAR*",10.922
-110.059167,23.805,BCS,SANBS,"San Antonio, B.C.S.",431.01
-109.843889,23.738333,BCS,SBABS,"San Bartolo, B.C.S.",489.02
-109.708333,23.118889,BCS,SJCBS,"San José del Cabo, B.C.S.",85.01
-112.478611,26.2575,BCS,SANJUANICO,"San Juanico, B.C.S. SMN*",0.6
-109.713611,23.490278,BCS,SNTBS,"Santiago, B.C.S.",192.41
-109.998611,23.555556,BCS,SLAGUNA,"Sierra La Laguna, B.C.S. SMN*",476.4
-110.210556,23.478889,BCS,TSNBS,"Todos Santos, B.C.S.",119
-89.743889,20.003889,CAMP,BOLCA,"Bolonchén, Camp.",89.01
-89.8925,18.365,CAMP,CALAKMUL,"Calakmul, Camp. SMN*",86
-90.544167,19.838333,CAMP,CMPCA,"Campeche, Camp.",35.5
-90.575556,19.295,CAMP,CANCA,"Canasayab, Camp.",59.5
-91.046111,18.183056,CAMP,CNDCA,"Candelaria, Camp.",149.73
-91.962778,20.203889,CAMP,CAYOARCASmar,"Cayo Arcas, Camp. SEMAR*",46.734
-90.72,19.361667,CAMP,CHMCA,"Champotón, Camp.",101.01
-91.761389,18.654167,CAMP,CARCA,"El Carmen, Camp.",306.2
-90.741111,18.604444,CAMP,ESCCA,"Escárcega, Camp.",148.22
-90.105556,20.184167,CAMP,HECCA,"Hecelchakán, Camp.",55
-89.848333,19.751944,CAMP,HPOCA,"Hopelchen, Camp.",43.5
-90.820833,18.056944,CAMP,MONCLOVACAMP,"Monclova, Camp. SMN*",77.8
-90.221389,19.605833,CAMP,NYXCA,"Noh-Yaxché, Camp.",116.2
-90.507222,19.838611,CAMP,COBCA,"Observatorio de Campeche, Camp.",82.61
-92.086944,18.253056,CAMP,PLZCA,"Palizada, Camp.",297.3
-91.175833,18.972778,CAMP,SBNCA,"Sabancuy, Camp.",153.01
-89.860278,19.664444,CAMP,XCPCA,"Xcupil, Camp.",166.91
-89.396111,18.502222,CAMP,XPJCA,"Xpujil, Camp.",50
-107.482778,28.481667,CHIH,AGZCH,"Abraham González, Chih.",20.5
-107.9,27.9,CHIH,BTVCH,"Batovira, Chih.",41
-106.770556,26.229444,CHIH,CHNCH,"Chinatú, Chih. SMN*",138.8
-108.541667,27.416667,CHIH,CNDCH,"Chínipas, Chih.",15.5
-106.84,28.396667,CHIH,CDCUAUHTEMOC,"Ciudad Cuauhtémoc, Chih. SMN*",11
-105.446944,28.210833,CHIH,CDLCH,"Ciudad Delicias, Chih.",2
-106.400278,31.736667,CHIH,CJZCH,"Ciudad Juárez, Chih.",16.7
-105.381667,27.410278,CHIH,CL2CH,"Colina hidrométrica, Chih.",20.8
-107.633333,27.75,CHIH,CRLCH,"Creel, Chih.",48.21
-106.486111,28.803333,CHIH,MAJALCA,"Cumbres de Majalca, Chih. SMN*",7.4
-105.277778,28.994722,CHIH,HGRANERO,"El Granero hidrométrica, Chih. SGT*",0
-107.384167,29.5625,CHIH,TNTCH,"El Tintero, Chih.",7.01
-105.628889,28.166111,CHIH,FIMCH,"Francisco I. Madero, Chih.",5.5
-107.072222,26.816667,CHIH,GCCCH,"Guachochi, Chih. SMN*",93.8
-108.3,29.2,CHIH,GPCCH,"Guapoca, Chih.",10.51
-105.28,28.984444,CHIH,LLNCH,"Ing. Luis L. León, Chih.",0
-108.427222,30.838889,CHIH,JANOS,"Janos, Chih. SMN*",8
-105.414167,27.544722,CHIH,LBQCH,"La Boquilla, Chih.",22.52
-107.025833,29.88,CHIH,LJSCH,"Las Lajas, Chih.",18
-107.994167,27.858611,CHIH,MAGCH,"Maguarichi, Chih. SMN*",2.54
-106.085556,28.656944,CHIH,QIJCH,"Observatorio de Chihuahua, Chih.",2.03
-107.930833,30.376667,CHIH,CAGCH,"Observatorio de Nuevo Casas Grandes, Chih.",3.42
-105.675556,26.917778,CHIH,PRRCH,"Observatorio de Parral, Chih.",78.2
-107.85,28.95,CHIH,TMCCH,"Observatorio de Temósachic, Chih.",14.01
-104.43,29.583333,CHIH,OJINAGAC,"Ojinaga Río Conchos, Chih. CILA*",1.5
-104.410833,29.565,CHIH,OJNCH,"Ojinaga, Chih.",0.3
-104.74,29.5,CHIH,PEGUIS,"Peguis, Chih. SGT*",0
-105.254167,26.546389,CHIH,PAGCH,"Pico del Águila, Chih.",64.04
-107.879167,26.870833,CHIH,IGNCH,"San Ignacio, Chih.",15
-107.9125,27.216667,CHIH,URECH,"Urique, Chih.",6.72
-106.505,30.615556,CHIH,VILLAAHUMADA,"Villa Ahumada, Chih. SMN*",17.25
-105.16,26.738611,CHIH,VICCH,"Villa Coronado, Chih.",64.05
-92.804167,16.552778,CHIS,ACACP,"Acala, Chis.",117.1
-92.034722,16.737778,CHIS,ALTAMIRANO,"Altamirano, Chis. SGT*",197.8
-93.458611,17.446111,CHIS,PENCP,"Ángel Albino Corzo, Chis.",464.2
-93.427222,17.253611,CHIS,AZAPACCFE,"Aza-Pac, Chis. CFE*",563.6
-92.905833,16.997222,CHIS,BOCHIL,"Bochil, Chis. SGT*",90.7
-93.026389,16.9525,CHIS,BOMBANA,"Bombana, Chis. SGT*",98.3
-93.15,16.641944,CHIS,BOQCP,"Boquerón, Chis.",116.01
-92.716667,15.35,CHIS,CACCP,"Cacaluta, Chis.",741.73
-93.034167,16.742778,CHIS,SUMIDEROCFE,"Cañón del Sumidero, Chis. CFE*",157
-92.479167,16.308333,CHIS,CASCP,"Cascajal, Chis.",114.8
-92.483056,15.969167,CHIS,CATARINITAS,"Catarinitas, Chis. SGT*",124.3
-91.949722,17.85,CHIS,CATAZAJA,"Catazajá, Chis. SGT*",0
-92.283333,15.75,CHIS,CHMCP,"Chicomuselo, Chis.",241.1
-93.906111,16.2425,CHIS,CREDARRIAGA,"Cred Arriaga, Chis. SMN*",193.65
-92.135556,16.224444,CHIS,CREDCOMITAN,"Cred Comitan, Chis. SMN*",52.21
-93.466944,16.441389,CHIS,COBREGONCFE,"Cristóbal Obregón, Chis. CFE*",99.4
-92.113056,15.435833,CHIS,CUILCOCFE,"Cuilco, Chis. CFE*",151.1
-92.575,15.204167,CHIS,DESCP,"Despoblado, Chis.",1035
-92.778889,16.401389,CHIS,ANGCP,"Doctor Belisario Domínguez, Chis.",123.2
-92.590833,16.686111,CHIS,ELAGUAJE,"El Aguaje, Chis. SGT*",61
-92.584722,16.725833,CHIS,ELARCOTETE,"El Arcotete, Chis. SGT*",79.6
-92.925278,16.108333,CHIS,DORADOCFE,"El Dorado, Chis. CFE*",120.3
-92.829444,17.373056,CHIS,ESCALONCP,"El Escalón, Chis. SGT*",474.7
-92.95,15.495833,CHIS,ELNCP,"El Novillero, Chis.",404.8
-92.808056,15.656667,CHIS,ELTRIUNFO,"El Triunfo, Chis. SMN*",374.4
-93.342222,17.216667,CHIS,EZAPATACFE,"Emiliano Zapata, Chis. CFE*",404.4
-92.666667,15.316667,CHIS,ESCCP,"Escuintla, Chis.",787.8
-92.299167,15.126667,CHIS,FARCP,"Finca Argovia, Chis.",1323.4
-91.710278,16.383056,CHIS,CHAYABE,"Finca Chayabé, Chis. SGT*",285.5
-92.965278,15.727778,CHIS,CUXTEPEQUES,"Finca Cuxtepeques, Chis. SGT*",219.2
-92.325278,15.173889,CHIS,FHACP,"Finca Hamburgo, Chis.",1205.5
-92.476111,15.346667,CHIS,FPZCP,"Finca la Paz, Chis.",1043.5
-92.362778,15.184444,CHIS,FSCCP,"Finca San Cristóbal, Chis.",1101
-93.125,16.975,CHIS,GRICP,"Grijalva, Chis.",179.7
-92.402778,14.997222,CHIS,HUECP,"Huehuetán, Chis.",607.8
-92.472222,15.133333,CHIS,HUICP,"Huixtla, Chis.",748.3
-92.725,15.866667,CHIS,JAPCP,"Jaltenango, Chis.",372.5
-93.381389,17.364167,CHIS,JDGCP,"Juan de Grijalva, Chis.",593.11
-92.898611,15.996389,CHIS,JSBCP,"Juan Sabines, Chis.",236
-92.755278,15.071111,CHIS,ENCRUCIJADA,"La Encrucijada, Chis. SMN*",211.6
-90.702222,16.580833,CHIS,LACCP,"Lacantún, Chis.",136.6
-91.73,16.114444,CHIS,LMONTEBELLO,"Lagunas de Montebello, Chis. SMN*",132.6
-93.561111,16.695833,CHIS,LFLCP,"Las Flores, Chis.",82.6
-93.100556,16.941667,CHIS,CHICP,"Manuel Moreno Torres, Chis.",142.8
-92.883333,15.45,CHIS,MAPCP,"Mapastepec, Chis.",513.9
-93.384444,16.0675,CHIS,MONTERREYCFE,"Monterrey, Chis. CFE*",206
-92.2675,15.333333,CHIS,MOTOZINTLA,"Motozintla, Chis. SGT*",112.2
-93.598889,17.178611,CHIS,MALCP,"Nezahualcóyotl, Chis.",278.47
-93.8975,16.241111,CHIS,AROCP,"Observatorio de Arriaga, Chis.",128
-92.1,16.2,CHIS,COOCP,"Observatorio de Comitán, Chis.",46
-92.633333,16.733333,CHIS,SCOCP,"Observatorio de San Cristóbal, Chis.",114.8
-93.133333,16.75,CHIS,TXOCP,"Observatorio de Tuxtla Gutiérrez, Chis.",72
-93.150556,17.220556,CHIS,OCOCP,"Ocotepec, Chis.",394
-91.990278,17.525833,CHIS,PLQCP,"Palenque, Chis. SMN*",517.65
-93.216667,15.691667,CHIS,PIJCP,"Pijijiapan, Chis.",478.2
-92.794167,15.714444,CHIS,PRUSIA,"Prusia, Chis. SGT*",601.8
-91.968056,15.848611,CHIS,PCOCP,"Puente Concordia, Chis.",100.8
-92.616667,16.741667,CHIS,SCRCP,"Puente Morelos, Chis.",105.4
-92.649167,16.725278,CHIS,PTEMORELOS,"Puente Morelos, Chis. SGT*",105.4
-92.618056,16.7475,CHIS,QUIOSCO,"Quiosco, Chis. SGT*",71.6
-92.666667,15.916667,CHIS,REFCP,"Reforma, Chis.",335.1
-93.079167,16.158333,CHIS,REVCP,"Revolución Mexicana, Chis.",158.7
-93.552778,17.348333,CHIS,RCACP,"Rómulo Calzada, Chis.",384.1
-93.989722,16.470833,CHIS,RSACP,"Rosendo Salazar, Chis.",76.4
-92.35,17.566667,CHIS,SAACP,"Salto de Agua, Chis.",435.2
-92.603056,16.727222,CHIS,SCCASASCFE,"San Cristóbal de las Casas, Chis. CFE*",121.1
-92.951389,15.872778,CHIS,SFRANCISCOII,"San Francisco 2, Chis. SGT*",262.3
-93.085,17.561111,CHIS,SJOCP,"San Joaquín, Chis.",300.4
-92.239444,15.775,CHIS,SMICP,"San Miguel, Chis.",0
-92.731389,17.035556,CHIS,SPNICHTALUCUM,"San Pedro Nichtalucum, Chis. SGT*",247
-92.820833,16.938889,CHIS,SNACP,"Santa María, Chis.",264
-93.056389,16.4525,CHIS,SDOCP,"Santo Domingo, Chis.",138.3
-93.383333,17.425,CHIS,SAYCP,"Sayula, Chis.",735.4
-93.591111,16.152222,CHIS,SMORENACFE,"Sierra Morena, Chis. CFE*",18.4
-92.260556,14.908056,CHIS,TAPCP,"Tapachula, Chis.",475.7
-93.529167,15.875,CHIS,TPICP,"Tres Picos, Chis.",326.51
-93.577778,16.227222,CHIS,TRESPICOSCFE,"Tres Picos, Chis. CFE*",110.3
-93.381389,17.364167,CHIS,JGRIJALVACFE,"Túneles Juan de Grijalva, Chis. CFE*",593.21
-93.1,16.761944,CHIS,TUXCP,"Tuxtla Oriente, Chis.",77.3
-93.086111,16.761667,CHIS,TUXTLACFE,"Tuxtla, Chis. CFE*",113.9
-93.5375,17.283333,CHIS,TZICP,"Tzimbac, Chis.",541.4
-92.909722,17.178333,CHIS,UNIVERSIDADLIND,"Universidad Lindavista, Chis. SMN*",114.34
-92.147222,15.091111,CHIS,VTACANA,"Volcán Tacaná, Chis. SMN*",688
-93.330556,17.116667,CHIS,YAMCP,"Yamonhó, Chis.",178.5
-91.729722,16.909167,CHIS,YAQUINTELA,"Yaquintela, Chis. SGT*",114.8
-100.837222,28.344444,COAH,ADLCL,"Allende, Coah.",22
-101.116667,29.15,COAH,CBRCL,"Cabeceras, Coah.",73.01
-100.661111,26.844444,COAH,CDLCL,"Candela, Coah.",125.5
-100.950278,29.327778,COAH,CDACL,"Ciudad Acuña, Coah.",84
-103.469167,25.542222,COAH,CYTCL,"Coyote, Coah.",86.03
-102.064444,26.983333,COAH,CCGCL,"Cuatro Ciénegas, Coah.",67.32
-100.95,29.213611,COAH,CNTCL,"El Centenario, Coah.",74
-101.057222,29.446944,COAH,AMSCL,"Internacional La Amistad, Coah.",44.31
-103.283889,25.068056,COAH,LFLDR,"La Flor, Coah.",48.04
-100.832222,28.82,COAH,LFGCL,"La Fragua, Coah.",3.8
-100.954444,29.329167,COAH,LASVACASC,"Las Vacas. Ciudad Acuña, Coah. CILA*",51.4
-101.711389,28.013056,COAH,MORELOSMUZQUIZ,"Morelos Múzquiz, Coah. SMN*",38.2
-101.4225,26.908333,COAH,MCVCL,"Observatorio de Monclova, Coah.",164.4
-100.5325,28.706667,COAH,PNGCL,"Observatorio de Piedras Negras, Coah.",33.61
-101.016667,25.376389,COAH,SALCL,"Observatorio de Saltillo, Coah.",88.42
-103.45,25.541667,COAH,TORCL,"Observatorio de Torreón, Coah.",109.52
-100.929722,25.561111,COAH,ARACL,"Ramos Arizpe Aeropuerto, Coah.",74.22
-100.556944,28.667778,COAH,RIOESCONDIDOC,"Río Escondido Villa De Fuentes, Coah. CILA*",29
-100.634444,28.898611,COAH,RioSanRodrigoC,"Río San Rodrigo cerca El Moral, Piedras Negras Coah., CILA*",10.25
-101.122778,27.846667,COAH,SBNCL,"Sabinas, Coah.",85.5
-101.016667,25.376389,COAH,STOCL,"Saltillo, Coah.",56.41
-100.730833,29.071944,COAH,SANDIEGOC,"San Diego Jimenez, Coah. CILA*",4.25
-100.953889,29.034167,COAH,SMGCL,"San Miguel, Coah.",15
-102.979444,25.7575,COAH,SPECL,"San Pedro, Coah.",117.22
-101.213056,28.399444,COAH,SANTACECILIA,"Santa Cecilia, Coah. SMN*",49.9
-100.920833,25.436111,COAH,ESLCL,"Secretaría de Agricultura Saltillo, Coah.",60.36
-103.699722,27.285278,COAH,SMJCL,"Sierra Mojada, Coah.",37
-100.616111,27.515,COAH,VCRCL,"Venustiano Carranza, Coah.",77.01
-103.613056,19.2475,COL,BVSCM,"Buenavista, Col.",342.01
-103.725556,18.758611,COL,CDOCM,"Cerro de Ortega, Col.",214.4
-103.757222,19.3175,COL,CMLCM,"Comala, Col.",455.43
-103.804167,19.2125,COL,CQMCM,"Coquimatlán, Col.",341.4
-103.6,19.325,COL,CUACM,"Cuauhtémoc, Col.",295.5
-103.702778,19.295,COL,CHNCM,"El Chanal, Col.",526.72
-114.733611,18.348611,COL,ICLARIONmar,"Isla Clarión, Col. SEMAR*",44.704
-110.953611,18.726667,COL,ISOCORROmar,"Isla Socorro, Col. SEMAR*",341
-103.866389,19.17,COL,LAECM,"La Esperanza, Col.",306.45
-103.725278,19.223333,COL,LPSCM,"La Posta, Col.",277
-103.774167,18.809167,COL,LDACM,"Laguna de Amela, Col.",184.11
-104.318611,19.044444,COL,MNZCM,"Observatorio de Manzanillo, Col.",207.81
-103.8125,19.3275,COL,PNTCM,"Peñitas, Col.",389.6
-103.884444,19.111389,COL,DJLCM,"Presa derivadora Jala, Col.",363.21
-104.100556,18.938611,COL,RDRCM,"Radar, Col.",252.62
-103.700833,19.408333,COL,SCHCM,"Suchitlán, Col.",688.5
-103.867778,18.911667,COL,TCMCM,"Tecomán, Col.",217.02
-103.663333,19.2775,COL,TRPCM,"Trapiche, Col.",380.05
-99.174167,19.240833,DF,AMC,"Academia Mexicana de Ciencias, Cd. de Méx. UNAM*",61.11
-99.210278,19.218611,DF,AJSDF,"Ajusco, Cd. de Méx.",90.33
-99.1375,19.469722,DF,CMTDF,"Avenida Cien Metros, Cd. de Méx.",33.26
-99.102778,19.423056,DF,BALBUENA,"Balbuena, Cd. de Méx. UNAM*",36.167
-99.118056,19.469722,DF,BONDOJITO,"Bondojito, Cd. de Méx. UNAM*",38.269
-99.1375,19.516667,DF,CEADF,"Campamento Amealco, Cd. de Méx.",44.67
-99.183333,19.486389,DF,CMYDF,"Campamento Mecoaya, Cd. de Méx.",20.07
-98.999444,19.357222,DF,CDMDF,"Cárcel de Mujeres, Cd. de Méx.",40.38
-99.208333,19.155556,DF,CFSDF,"Caseta Forestal, Cd. de Méx.",7.87
-99.059722,19.383889,DF,CCHOTE,"CCH Oriente, Cd. de Méx. UNAM*",29.9
-99.140833,19.483333,DF,CCHVALLEJO,"CCH Vallejo, Cd. de Méx. UNAM*",32.92
-99.1125,19.407778,DF,CDVDF,"Ciudad Deportiva, Cd. de Méx.",34.03
-99.09,19.484167,DF,CYLDF,"Coyol, Cd. de Méx.",0
-99.140833,19.549444,DF,CUAUTEPEC,"Cuautepec, Cd. de Méx. UNAM*",28.22
-99.105,19.323333,DF,CULHUACAN,"Culhuacán, Cd. de Méx. UNAM*",60.064
-99.309167,19.313333,DF,DTLDF,"Desierto de los Leones, Cd. de Méx.",80.52
-99.205,19.3,DF,DATDF,"Desviación Alta, Cd. de Méx.",15
-99.203889,19.271389,DF,ECOGUARDAS,"Ecoguardas Ajusco, Cd. de Méx. SMN*",78.6
-99.066667,19.377778,DF,EMRDF,"El Moral SACM, Cd. de Méx.",27.44
-99.286389,19.3625,DF,EYQDF,"El Yaqui, Cd. de Méx.",9.4
-99.151944,19.300556,DF,EAZDF,"Estadio Azteca, Cd. de Méx.",62.97
-99.131389,19.431111,DF,DDFDF,"Gobierno de la Ciudad de México, Cd. de Méx.",9.9
-99.119444,19.496389,DF,INDIOSVER,"Indios Verdes, Cd. de Méx. UNAM*",43.97
-99.091667,19.478056,DF,GCNDF,"km 6+250, Cd. de Méx.",31.2
-98.960556,19.320833,DF,SSCDF,"La Caldera Subestación eléctrica Santa Lucía, Méx.",27.68
-99.066667,19.377778,DF,LU4DF,"Lumbrera Cuatro Ríos (El Moral), Cd. de Méx.",34.55
-99.133889,19.403333,DF,MCRDF,"Marcos Carrillo, Cd. de Méx.",31.5
-99.291667,19.355278,DF,CUAJIMALPA,"Memetla Cuajimalpa, Cd. de Méx. UNAM*",58.89
-99.1175,19.356389,DF,MEXICALTZI,"Mexicaltzingo, Cd. de Méx. UNAM*",38.892
-99.043889,19.3375,DF,MEYEHUALCO,"Meyehualco, Cd. de Méx. UNAM*",34.9
-99.026944,19.187222,DF,MLPDF,"Milpa Alta, Cd. de Méx.",42.57
-99.191944,19.416389,DF,MDELREY,"Molino del Rey, Cd. de Méx SMN*",22.6
-99.045,19.3025,DF,NOPALERA,"Nopalera, Cd. de Méx. UNAM*",77.87
-99.196111,19.406389,DF,CTMDF,"Observatorio de Tacubaya, Cd. de Méx.",31.71
-99.096389,19.316389,DF,OCSDF,"Organismo de Cuenca Aguas del Valle de Mécico Sur, Cd. de Méx.",63.2
-99.2275,19.294167,DF,PADIERNA,"Padierna, Cd. de Méx. UNAM*",45.99
-99.233056,19.187778,DF,MZTDF,"Planta Abasolo (Mezontepec), Cd. de Méx.",82.29
-99.2,19.413056,DF,PCHDF,"Planta Chapultepec, Cd. de Méx.",32.52
-99.100278,19.379167,DF,PBADF,"Planta de bombeo Aculco, Cd. de Méx.",0
-99.057778,19.433333,DF,PBCDF,"Planta de bombeo Churubusco Lago, Cd. de Méx.",20.06
-99.119444,19.486667,DF,PBLDF,"Planta de bombeo Lindavista, Cd. de Méx.",12.19
-99.068333,19.420278,DF,PLMDF,"Planta de bombeo López Mateos, Cd. de Méx.",24.37
-99.126389,19.365278,DF,PMLDF,"Planta de bombeo Municipio Libre, Cd. de Méx.",52.57
-99.163889,19.468889,DF,PSNDF,"Planta de bombeo Nueva Santa María, Cd. de Méx.",19.8
-99.170556,19.435556,DF,PBTDF,"Planta de bombeo Tizoc, Cd. de Méx.",21.83
-99.037778,19.38,DF,PBODF,"Planta de bombeo U.H. Ejército de Oriente, Cd. de Méx.",25.83
-99.126111,19.285833,DF,PVCDF,"Planta de bombeo Villa Coapa, Cd. de Méx.",63.02
-99.143056,19.331944,DF,PXTDF,"Planta de bombeo Xotepingo, Cd. de Méx.",53.06
-99.076389,19.336944,DF,PLEDF,"Planta de Tratamiento Cerro de La Estrella, Cd. de Méx.",49.79
-99.154444,19.513056,DF,PRMDF,"Planta de Tratamiento Río de La Magdalena, Cd. de Méx.",3.05
-99.154444,19.513056,DF,PRRDF,"Planta de Tratamiento Río Remedios, Cd. de Méx.",31.75
-99.190278,19.509167,DF,PTRDF,"Planta de Tratamiento Rosario, Cd. de Méx.",27.43
-99.023056,19.299167,DF,PSCDF,"Planta de Tratamiento Santa Catarina, Cd. de Méx.",97.52
-99.097222,19.455833,DF,PGNDF,"Planta Generadora 101, Cd. de Méx.",34.29
-99.090833,19.246389,DF,PNTDF,"Planta Nativitas, Cd. de Méx.",35.83
-99.05,19.233333,DF,PSLDF,"Planta San Luis, Cd. de Méx.",80.26
-99.171111,19.263056,DF,PSPDF,"Pueblo San Pedro Mártir, Cd. de Méx.",15.08
-99.17,19.4,DF,RCMDF,"Radio Comunicación, Cd. de Méx.",26.41
-99.194167,19.296111,DF,RBTDF,"Rebombeo Bosque de Tlalpan, Cd. de Méx.",45.72
-99.028889,19.338333,DF,SCMDF,"Rebombeo La Quebradora (Santa Cruz Meyehualco), Cd. de Méx.",40.87
-99.079167,19.465278,DF,SJADF,"San Juan de Aragón, Cd. de Méx.",22.35
-99.17,19.262778,DF,SPEDROMARTIR,"San Pedro Mártir, Cd. de Méx. SACMEX*",15.08
-99.009722,19.281389,DF,SPPDF,"San Pedro Tláhuac, Cd. de Méx.",0
-99.09,19.190278,DF,CTNDF,"San Salvador Cuauhtenco, Cd. de Méx.",40.92
-99,19.166667,DF,SANDF,"Santa Ana, Cd. de Méx.",16.75
-99.264444,19.359722,DF,TSLDF,"Santa Fe (Santa Lucía), Cd. de Méx.",71.4
-99.122222,19.572222,DF,SGDDF,"Sierra Guadalupe, Cd. de Méx.",30.48
-99.186389,19.455556,DF,TACUBA,"Tacuba, Cd. de Méx. UNAM*",26.09
-99.1425,19.556111,DF,TCMDF,"Tanque Chalmita, Cd. de Méx.",20.81
-99.272222,19.373056,DF,TECDF,"Tanque el Cartero, Cd. de Méx.",60.21
-99.246389,19.333889,DF,TELDF,"Tanque el Lienzo, Cd. de Méx.",37.33
-99.084722,19.440833,DF,TPNDF,"Tanque Peñón, Cd. de Méx.",31.76
-99.248611,19.316667,DF,TSFDF,"Tanque San Francisco, Cd. de Méx.",67.07
-99.228611,19.436389,DF,TSJDF,"Tanque San Joaquín, Cd. de Méx.",19.29
-99.2125,19.361944,DF,TRGDF,"Tarango, Cd. de Méx.",2.28
-99.141389,19.344444,DF,TAXQUENA,"Taxqueña, Cd. de Méx. UNAM*",54.068
-99.098889,19.385556,DF,TEZDF,"Tezontle, Cd. de Méx. SMN*",32.77
-99.135833,19.199444,DF,TPJDF,"Topilejo, Cd. de Méx.",38.86
-99.211667,19.399167,DF,TNGDF,"Triángulo, Cd. de Méx.",27.69
-99.180556,19.346667,DF,CCUDF,"Universidad, Cd. de Méx.",35.04
-99.106667,19.250278,DF,XOCHIMILCO,"Xochimilco, Cd. de Méx. UNAM*",36.72
-104.810278,24.538333,DGO,CBRDR,"Caboraca, Dgo.",56.52
-104.75,24.5,DGO,CNTDR,"Canatlán, Dgo.",82.7
-104.121111,24.4375,DGO,CGVDR,"Ciudad Guadalupe Victoria, Dgo.",43.02
-103.521667,25.533333,DGO,CLRDR,"Ciudad Lerdo, Dgo.",85.83
-103.698889,24.871944,DGO,CNCDR,"Cuencamé, Dgo.",62.06
-104.666667,24.033333,DGO,DRGDR,"Durango, Dgo.",41.12
-102.785,24.563056,DGO,TGRDR,"El Tigre, Dgo.",109.91
-106.538056,24.702222,DGO,TDRDR,"El Tule del Real, Dgo.",81.21
-103.960833,24.001667,DGO,FVLDR,"Francisco Villa, Dgo.",94.51
-103.773611,25.270833,DGO,FZRDR,"Francisco Zarco, Dgo.",54.62
-105.25,25.5,DGO,GESDR,"General Escobedo, Dgo.",124.03
-105.955556,25.934722,DGO,GNCDR,"Guanaceví, Dgo.",89.03
-104.9225,24.803889,DGO,GUADR,"Guatimapé, Dgo.",32.23
-103.983333,26.549722,DGO,LAFLOR,"La Flor de Jimulco, Dgo. SMN*",37.8
-106.7,25.35,DGO,LHRDR,"La Huerta, Dgo.",193.03
-104.246944,23.387778,DGO,MICHILIA,"La Michilia, Dgo. SMN*",102.4
-104.75,23.516667,DGO,LBYDR,"Las Bayas, Dgo.",36.6
-105.466111,24.185833,DGO,LVEDR,"Las Vegas, Dgo. SMN*",11.4
-105.015833,25.594167,DGO,LCRDR,"Lázaro Cárdenas, Dgo.",105.83
-103.85,25.816667,DGO,MPMDR,"Mapimí, Dgo.",63.02
-105.041667,23.834167,DGO,NAVDR,"Navíos Viejos, Dgo.",66.6
-105.725,25.341111,DGO,TLHDR,"Observatorio de Tepehuanes, Dgo.",64.41
-104.656667,24.203889,DGO,PAGDR,"Peña del Águila, Dgo.",87.73
-104.753056,23.961111,DGO,GVCDR,"Presidente Guadalupe Victoria, Dgo.",62.71
-105.443056,25.225,DGO,SACDR,"Salomé Acosta, Dgo.",59.41
-105.560833,26.436667,DGO,SGBDR,"San Gabriel, Dgo.",36.51
-102.778056,24.630556,DGO,SJGDR,"San Juan de Guadalupe, Dgo.",95.91
-104.054444,23.623056,DGO,SELDR,"Santa Elena, Dgo.",95.02
-104.675833,23.874444,DGO,SBYDR,"Santiago Bayacora, Dgo.",17.52
-105.566667,26.084444,DGO,SRDDR,"Sardinas, Dgo.",38.02
-106.975,24.933333,DGO,TMZDR,"Tamazula, Dgo.",115.52
-103.979722,23.737778,DGO,VGCDR,"Vicente Guerrero, Dgo.",96.51
-104.928889,26.2425,DGO,VHGDR,"Villa Hidalgo, Dgo.",105.01
-105.506111,26.447778,DGO,VOCDR,"Villa Ocampo, Dgo.",40.01
-99.906667,16.849722,GRO,ACAGR,"Acapulco, Gro.",893
-98.975278,17.719722,GRO,AHUGR,"Ahuacuotzingo, Gro.",77.9
-100.5175,18.075833,GRO,AFIGR,"Andrés Figueroa, Gro.",231
-99.104722,18.106944,GRO,ATENANGOCFE,"Atenango del Río, Gro. CFE*",49
-100.433333,17.210278,GRO,ATYGR,"Atoyac, Gro.",479.9
-99.400833,18.459444,GRO,BVSGR,"Buena Vista, Gro.",84
-99.701111,17.672222,GRO,CCHGR,"Chichihualco, Gro.",91
-99.175833,17.608611,GRO,CHLGR,"Chilapa, Gro.",148.22
-99.5,17.545278,GRO,CHIGR,"Chilpancingo, Gro.",223.4
-100.664444,18.359444,GRO,CALGR,"Ciudad Altamirano, Gro.",225.7
-99.661944,18.245278,GRO,COCGR,"Cocula, Gro.",130.8
-98.970833,16.614722,GRO,COPGR,"Copala, Gro.",320.6
-100.089444,17.008889,GRO,CDBGR,"Coyuca de Benítez, Gro.",500.7
-101.054444,17.376944,GRO,CYQGR,"Coyuquilla, Gro.",452.5
-98.411944,16.47,GRO,CNLGR,"Cuajinicuilapa, Gro.",357.3
-99.9075,16.884167,GRO,ELVELADERO,"El Veladero, Gro. SMN*",629.8
-99.55,18.349722,GRO,IGLGR,"Iguala, Gro.",123.8
-99.995556,17.947778,GRO,ECAGR,"Ing. Carlos Ramírez Ulloa, Gro.",209.57
-98.513333,17.6225,GRO,IXTGR,"Ixcateopan de Tlapa, Gro.",116.3
-101.003056,18.418611,GRO,LCLGR,"La Calera, Gro.",63
-99.369167,17.471111,GRO,MCHGR,"Mochitlán, Gro.",360.6
-99.516944,17.576389,GRO,AERGR,"Observatorio de Chilpancingo Aeropuerto, Gro.",189.3
-99.5,17.6,GRO,ODZGR,"Observatorio de Zumpango, Gro.",126.5
-98.735,17.777222,GRO,OLNGR,"Olinalá, Gro.",68.5
-98.433333,16.683333,GRO,OMEGR,"Ometepec, Gro.",265.3
-99.45,17.483333,GRO,PETGR,"Petaquillas, Gro.",273.5
-98.500556,16.655833,GRO,QTZGR,"Quetzala, Gro.",388.1
-100.478611,18.171944,GRO,SCRISTOBALCFE,"San Cristóbal, Gro. CFE*",358.63
-100.472778,17.139444,GRO,SJEGR,"San Jerónimo, Gro.",485.5
-99.516944,17.920833,GRO,SJTETELCINGOCFE,"San Juan Tetelcingo, Gro. CFE*",183.43
-99.605278,18.554444,GRO,TAXGR,"Taxco, Gro.",120.2
-99.526389,17.1675,GRO,TCOGR,"Tierra Colorada, Gro.",261.8
-99.399444,17.568056,GRO,TXTGR,"Tixtla, Gro.",232.6
-99.976389,17.789722,GRO,TLAGR,"Tlacotepec, Gro.",201.9
-98.6,17.5,GRO,TLPGR,"Tlapa, Gro.",70.7
-99.466111,18.295833,GRO,VTRGR,"Valerio Trujano, Gro.",94.92
-100.265833,18.382778,GRO,VGRGR,"Vicente Guerrero, Gro.",159
-98.488333,17.903889,GRO,XXHGR,"Xochihuehuetlán, Gro.",129.5
-99.933333,17.603333,GRO,YXTGR,"Yextla, Gro.",188.3
-101.548889,17.645278,GRO,ZHTGR,"Zihuatanejo, Gro.",358
-101.536667,20.446944,GTO,ABSGJ,"Abasolo, Gto.",29.52
-100.712222,20.0325,GTO,ACNGJ,"Acámbaro, Gto.",99.05
-101.625556,20.499167,GTO,ATBGJ,"Agua Tibia, Gto.",92
-100.5825,20.553889,GTO,AMCGJ,"Ameche, Gto.",17.23
-100.620833,20.454167,GTO,APSGJ,"Apaseo el Alto, Gto.",22.02
-100.683333,20.533333,GTO,AEGGJ,"Apaseo el Grande, Gto.",24.32
-101.370833,20.712778,GTO,ANSGJ,"Arandas, Gto.",50.92
-100.816667,20.536389,GTO,CLYGJ,"Celaya, Gto.",25.32
-100.9,20.95,GTO,CSRGJ,"Cinco Señores, Gto.",92.62
-101.474722,21.068056,GTO,COMGJ,"Comanjilla, Gto.",69
-100.363333,20.198333,GTO,CORGJ,"Coroneo, Gto.",105.5
-101.630278,20.506667,GTO,CORRALEJO,"Corralejo Hidalgo, Gto. Protección Civil*",30.15
-100.962778,20.487778,GTO,CRTGJ,"Cortázar, Gto.",32.5
-101.666667,20.616667,GTO,CRMGJ,"Cuerámaro, Gto.",46.01
-100.933333,21.15,GTO,DHGGJ,"Dolores Hidalgo, Gto.",23
-101.838333,21.048611,GTO,BRRGJ,"El Barrial, Gto.",62.41
-101.835278,21.05,GTO,EBAGJ,"El Barrial, Gto.",29.9
-101.244444,20.872222,GTO,ECHGJ,"El Chapín, Gto.",17.62
-101.37,20.715833,GTO,ECNGJ,"El Conejo, Gto.",47.02
-100.9,20.279722,GTO,ECBGJ,"El Cubo, Gto.",20.52
-101.678889,21.173611,GTO,EPLGJ,"El Palote, Gto.",37.06
-101.996667,20.800556,GTO,FRIAS,"Frías, Gto. Protección Civil*",54.102
-100.825833,20.848056,GTO,IALGJ,"Ignacio Allende, Gto.",80.92
-101.35,20.683333,GTO,IRPGJ,"Irapuato, Gto.",56.1
-100.518333,20.145556,GTO,JCRGJ,"Jerécuaro, Gto.",20.11
-101.7425,20.439167,GTO,GLNGJ,"La Golondrina, Gto.",51.01
-101.287778,20.867222,GTO,PRSGJ,"La Purísima, Gto.",12.72
-101.107778,21.324167,GTO,LQMGJ,"La Quemada, Gto.",49
-101.073056,20.286944,GTO,LDYGJ,"Laguna de Yuriria, Gto.",29.02
-101.844167,20.675278,GTO,LADGJ,"Las Adjuntas, Gto.",58.7
-101.358889,20.276111,GTO,LJIGJ,"Las Jícamas, Gto.",26
-101.693333,21.136389,GTO,LENGJ,"León, Gto.",31.03
-101.666667,21.191667,GTO,CSSGJ,"Los Castillos, Gto.",65.62
-101.6675,21.195556,GTO,CSTGJ,"Los Castillos, Gto.",46.62
-100.501944,21.223611,GTO,MINERALPOZOS,"Mineral de Pozos, Gto. Protección Civil*",43.04
-101.266111,21.014167,GTO,GTOGJ,"Observatorio de Guanajuato, Gto.",38.61
-101.48,21.65,GTO,OCMGJ,"Ocampo, Gto.",36
-100.878333,21.105,GTO,PNLGJ,"Peñuelitas, Gto.",27.9
-101.111389,20.5225,GTO,PERGJ,"Pericos, Gto.",24.42
-100.496111,21.22,GTO,POZGJ,"Pozos, Gto.",36.66
-100.883611,20.398333,GTO,LGVGJ,"Presa la Gavia, Gto.",17
-101.199444,20.565833,GTO,SLMGJ,"Salamanca, Gto.",28.06
-100.885833,20.216667,GTO,SLVGJ,"Salvatierra, Gto.",37.32
-101.216667,21.483333,GTO,SFEGJ,"San Felipe, Gto.",20.6
-101.016389,20.430833,GTO,SMAGJ,"San Miguel de Allende, Gto.",80.5
-100.745833,20.577778,GTO,SMOGJ,"San Miguel Octopan, Gto.",27.5
-101.016667,20.4,GTO,SJLGJ,"Santa Julia, Gto.",21.4
-101.066944,20.298333,GTO,SRTGJ,"Santa Rita, Gto.",73.75
-99.831389,21.320833,GTO,SGORDAII,"Sierra Gorda 2, Gto. SMN*",51.6
-100.666667,20.05,GTO,SL2GJ,"Solis, Gto.",64.05
-100.669722,20.055278,GTO,SLSGJ,"Solís, Gto.",64.06
-101.3,20.6,GTO,TEMGJ,"Temascatío, Gto.",55.42
-101.178889,20.382778,GTO,VDSGJ,"Valle de Santiago, Gto.",12.23
-100.0925,21.298889,GTO,XICGJ,"Xichú, Gto.",71.33
-98.941667,20.268056,HGO,ACTHD,"Actopan, Hgo.",10
-98.348056,21.019444,HGO,ATCHD,"Atlapexco, Hgo.",239
-98.716111,20.185556,HGO,ELCHICO,"El Chico, Hgo. SMN*",90.6
-99.36,20.163889,HGO,ENDHD,"Endhó, Hgo.",11.51
-98.076111,20.46,HGO,HHTHD,"Huehuetla, Hgo.",373.2
-98.416667,21.15,HGO,HJTHD,"Huejutla, Hgo.",242.4
-99.501111,20.663333,HGO,ZMPHD,"Ing. Fernando Hiriart Balderrama, Hgo.",10.1
-98.466111,19.728611,HGO,ITESAAPAN,"ITESA Apan, Hgo. SMN*",19.6
-99.220833,20.481944,HGO,IXMHD,"Ixmiquilpan, Hgo.",11.8
-99.329444,20.359722,HGO,PRGHD,"Javier Rojo Gómez, Hgo.",9.05
-98.128333,20.135556,HGO,LLAHD,"La Laguna, Hgo.",68.13
-98.128333,20.135833,HGO,LAGUNA,"La Laguna, Hgo. FENIX*",156.6
-98.757222,20.591667,HGO,LMTHD,"Metztitlán, Hgo.",48.53
-99.218611,20.2375,HGO,MXQHD,"Mixquiahuala, Hgo.",25.02
-98.7475,20.123333,HGO,PCOHD,"Observatorio de Pachuca, Hgo.",6.52
-98.369444,20.083333,HGO,TLGHD,"Observatorio de Tulancingo, Hgo.",47.9
-99.310833,19.963056,HGO,PRQHD,"Requena, Hgo.",11.02
-98.6,21.166667,HGO,ORZHD,"San Felipe Orizatlán, Hgo.",269.5
-99.308333,20.573611,HGO,TAXQUILLOCFE,"Taxquillo, Hgo. CFE*",18.97
-99.348333,20.056944,HGO,TLRHD,"Tula Las Rosas, Hgo.",9.11
-99.375833,20.435556,HGO,PVAHD,"Vicente Aguirre, Hgo.",2.06
-98.647222,20.652778,HGO,ZXTHD,"Zacualtipán, Hgo.",277
-103.225278,22.327222,JAL,ACHZC,"Achimec, Jal.",53.74
-103.133333,20.316667,JAL,ACHAPALAGDL,"Acueducto Chapala Guadalajara, Jal. SGT*",48.8
-102.436944,21.599444,JAL,AJJJL,"Ajojúcar, Jal.",54.01
-103.091944,20.397222,JAL,ATQJL,"Atequiza, Jal.",61.81
-103.446389,20.746667,JAL,BAZJL,"Base Aérea Zapopan, Jal.",49.41
-104.061111,19.913611,JAL,BBAJL,"Basilio Vadillo, Jal.",111.01
-103.724444,22.406111,JAL,BCSJL,"Bocas, Jal.",65.9
-103.782778,21.831667,JAL,BLNJL,"Bolaños, Jal.",115.5
-105.129722,19.9975,JAL,CPEJL,"Cajón de Peña, Jal.",233
-103.201944,20.290556,JAL,CHAJL,"Chapala 1, Jal. SMN*",53.41
-104.566667,19.233333,JAL,CIHJL,"Cihuatlán, Jal.",266.42
-102.774167,19.287778,JAL,CHLMC,"Constitución de Apatzingán, Jal.",137.1
-104.780833,20.479722,JAL,CRNJL,"Corrinchis, Jal.",202.76
-105.218333,20.593333,JAL,CULJL,"Cuale, Jal.",596.61
-103.45,21.066667,JAL,CXTJL,"Cuixtla, Jal.",105.4
-104.555278,19.627778,JAL,CHFJL,"El Chiflón, Jal.",259.72
-104.285278,19.845833,JAL,ELCJL,"El Corcovado, Jal.",161.6
-101.7375,21.497778,JAL,CRTJL,"El Cuarenta, Jal.",66.31
-104.59,20.252222,JAL,RODJL,"El Rodeo, Jal.",204.37
-103.05,22.05,JAL,ZPTJL,"El Zapote, Jal.",53.5
-103.354444,20.680556,JAL,GUAJL,"Guadalajara Centro, Jal.",61.91
-105.184444,19.653889,JAL,HIGJL,"Higuera Blanca 2, Jal.",41.3
-103.651111,20.466944,JAL,HRTJL,"Hurtado, Jal.",90.02
-104.105833,21.196944,JAL,PLYJL,"Ing. Alfredo Elías Ayub, Jal.",138.2
-102.976111,20.681389,JAL,EGCJL,"Ing. Elías González Chávez, Jal.",58.11
-103.845833,20.596389,JAL,VEGJL,"Ing. Santiago Camarena, Jal.",84
-102.705833,20.293889,JAL,JMYJL,"Jamay, Jal.",71.1
-102.558333,20.275556,JAL,LABARCA,"La Barca, Jal. SGT*",2
-103.335,20.723333,JAL,EXPJL,"La Experiencia, Jal.",31.93
-103.644167,20.676389,JAL,LAPRIMAVERA,"La Primavera, Jal. SMN*",79
-101.85,21.35,JAL,SAUJL,"La Sauceda, Jal.",60.5
-103.201667,20.290556,JAL,LDCJL,"Lago de Chapala, Jal.",44.3
-101.919722,21.359722,JAL,LDMJL,"Lagos de Moreno, Jal.",79
-103.705556,20.908889,JAL,SRSJL,"Manuel M. Diéguez, Jal.",94.82
-104.786389,20.525278,JAL,MSCJL,"Mascota, Jal.",163.17
-103.033333,20.316667,JAL,MEZCALA,"Mezcala Poncitlán, Jal. SGT*",68.4
-103.590833,19.592222,JAL,NEVADOCOLIMA,"Nevado de Colima, Jal. SMN*",200.8
-103.465278,19.697778,JAL,CGZJL,"Observatorio de Ciudad Guzmán, Jal.",166.3
-103.392778,20.706667,JAL,GUCJL,"Observatorio de Guadalajara, Jal.",52.1
-101.916667,21.366667,JAL,OLMJL,"Observatorio de Lagos de Moreno, Jal.",89.4
-103.361667,20.583889,JAL,PITJL,"Protección a Infraestructura y Atención a Emergencias, Jal.",83.28
-103.433333,19.525,JAL,QUTJL,"Quito, Jal.",205.6
-104.370278,19.976111,JAL,TMLJL,"Ramón Corona Madrigal General, Jal.",129.1
-104.05,20.55,JAL,RAMJL,"Río Ameca, Jal.",90.4
-105.133611,19.998611,JAL,RIOTOMATLAN,"Río Tomatlán, Jal. SMN*",193.03
-102.716667,20.4,JAL,RIOZULA,"Río Zula, Jal. SGT*",44.81
-102.5,21.3,JAL,SGRJL,"San Gaspar de los Reyes, Jal.",88.7
-103.9175,19.463611,JAL,SMANANTLANI,"Sierra Manatlán 1, Jal. SMN*",330.6
-104.148056,19.554444,JAL,SMANANTLANII,"Sierra Manatlán 2, Jal. SMN*",0
-103.396667,18.967222,JAL,TRJCM,"Solidaridad, Jal.",183.12
-103.198611,22.171944,JAL,TENJL,"Tenasco, Jal.",81
-102.583333,21.45,JAL,TCAJL,"Teocaltiche, Jal.",57.02
-103.419444,20.4425,JAL,TLAJOMULCO,"Tlajomulco, Jal. SMN*",27.59
-103.316667,20.583333,JAL,TLAJL,"Tlaquepaque, Jal.",52.92
-103.183333,20.15,JAL,TUXCUECA,"Tuxcueca, Jal. SGT*",21.4
-98.655278,19.118611,MEX,ALTZOMONI,"Altzomoni, Méx SMN*",144
-98.912222,19.543611,MEX,ATEMX,"Atenco, Méx.",62.42
-99.866667,19.783333,MEX,ATPMX,"Atlacomulco Prepa., Méx.",127.8
-99.283333,19.436389,MEX,BOSQUEREAL,"Bosque Real, Méx. UNAM*",39.76
-99.298611,19.406667,MEX,CDBMX,"Caída del Borracho, Méx.",75.18
-99.7,19.333333,MEX,CALMX,"Calixtlahuaca, Méx.",23.22
-99.52,19.566389,MEX,CCAMX,"Cerro Catedral, Méx. SMN*",71.88
-98.884722,19.483333,MEX,CHPMX,"Chapingo, Méx.",56.3
-99.041667,19.593889,MEX,CHICONAUTLAI,"Chiconautla 1, Méx. SACMEX*",0
-99.108333,19.515556,MEX,CHICONAUTLAII,"Chiconautla 2, Méx. SACMEX*",25.88
-100.152778,19.350556,MEX,CHIMX,"Chilesdo, Méx.",155.61
-100.225,19.178889,MEX,COLMX,"Colorines, Méx.",157.11
-99.559722,19.884722,MEX,DNXMX,"Danxhó, Méx.",96
-99.377222,19.377222,MEX,2RSMX,"Dos Ríos, Méx.",57
-99.238333,19.453611,MEX,EMOMX,"El Molinito Río Hondo, Méx.",25.8
-99.739722,20.124167,MEX,PMNMX,"El Molino, Méx.",35.09
-99.905278,19.856944,MEX,TJCMX,"El Tejocote, Méx.",111.62
-99.334167,19.382222,MEX,VNDMX,"El Venado, Méx.",69.35
-99.790278,19.829167,MEX,PFBMX,"Francisco José Trinidad Fabela, Méx.",89
-99.511667,19.205,MEX,CGCMX,"Gerencia Conagua CODAGEM, Méx.",70.23
-99.250833,19.415833,MEX,HERRADURA,"Herradura, Méx. UNAM*",34.23
-99.696944,20.046389,MEX,HPNMX,"Huapango, Méx.",70.05
-99.775,19.461667,MEX,PIRMX,"Ignacio Ramírez, Méx.",50.62
-98.643056,19.095556,MEX,IXTAPOPO,"Ixtapopo, Méx. SMN*",113
-99.704722,19.465833,MEX,SBBMX,"José Antonio Alzate, Méx.",82.3
-99.05,19.633333,MEX,K27MX,"km 27+250, Méx.",86.64
-99.304444,19.695,MEX,CNPMX,"La Concepción, Méx.",52.7
-98.917222,19.578889,MEX,GRDMX,"La Grande, Méx.",15.43
-100.075833,19.383333,MEX,LBEMX,"Los Berros, Méx.",130.5
-99.260833,19.526944,MEX,PMDMX,"Madín, Méx.",49.2
-98.940278,19.851389,MEX,PMTMX,"Manantial, Méx.",22
-99.220833,19.477778,MEX,MBLMX,"Molino Blanco, Méx.",33.03
-99.243333,19.473889,MEX,NAUCALPAN,"Naucalpan, Méx. UNAM*",26.43
-99.683333,19.116667,MEX,NEVMX,"Nevado de Toluca, Méx. SMN*",248.16
-99.864444,20.038611,MEX,PNDMX,"Ñadó, Méx.",57
-99.631667,19.292222,MEX,COBMX,"Observatorio de Toluca, Méx.",57.25
-99.420833,18.990833,MEX,OCUMX,"Ocuilán de Arteaga, Méx",178.06
-99.248889,19.429444,MEX,PLMMX,"Palmas, Méx.",28.44
-99.010278,19.636944,MEX,PCTMX,"Planta Chiconautla 1, Méx.",0
-99.025,19.65,MEX,PCCMX,"Planta Chiconautla 2, Méx.",25.88
-99.184722,19.580833,MEX,PBTMX,"Planta de bombeo Barrientos, Méx.",26.16
-99.283333,19.453611,MEX,PTLMX,"Presa Totolica, Méx.",55.81
-99.181944,19.743056,MEX,PCGMX,"Puente Colgante, Méx.",54.02
-99.948889,19.654444,MEX,PMEMX,"Puente Mextepec, Méx.",75.81
-99.961389,19.660833,MEX,TPTMX,"San Andrés Tepetitlán, Méx.",68.91
-98.911111,19.530556,MEX,SADMX,"San Andrés, Méx.",65.9
-99.741667,19.591667,MEX,SLBMX,"San Bartolo del Llano, Méx.",39
-99.703889,19.465556,MEX,SB2MX,"San Bernabé, Méx.",82.31
-99.764722,19.238333,MEX,SJHMX,"San Juan de las Huertas, Méx.",148.5
-99.285,19.574444,MEX,SNJMX,"San Juan, Méx",16
-98.858611,19.644722,MEX,SNLMX,"San Lucas, Méx",58.22
-98.870833,19.190278,MEX,SLAMX,"San Luis Ameca, Méx.",91.41
-99.8,19.633333,MEX,SMLMX,"Santa María del Llano, Méx.",132
-99.252222,19.635556,MEX,GDLMX,"Sierra de Guadalupe, Méx.",46
-99.123889,19.904722,MEX,TTQMX,"Tajo de Tequixquiac, Méx",31.54
-99.385278,19.834722,MEX,TXMHD,"Taxhimay, Méx.",38.06
-100.053056,19.058056,MEX,TMSMX,"Temascaltepec, Mex.",173.21
-99.935833,18.931389,MEX,TESMX,"Texcaltitlán, Méx.",174.42
-99.283056,19.4525,MEX,TTLMX,"Totolica hidrométrica, Méx.",23.4
-99.283333,19.453889,MEX,TOTMX,"Totolica, Méx",51.81
-99.799167,19.343056,MEX,TBRMX,"Tres Barrancas, Méx.",65.66
-99.6125,19.429167,MEX,TROMX,"Trojes, Méx.",94.67
-100.18,19.2075,MEX,VBRMX,"Valle de Bravo, Méx.",127.21
-99.211667,19.510278,MEX,VDCDF,"Vaso de Cristo, Méx.",0
-100.055556,19.461667,MEX,VVCMX,"Villa Victoria, Méx.",118.81
-101.99,20.231389,MICH,ADUMC,"Adjuntas, Mich.",24.5
-100.608889,19.579722,MICH,AGOMC,"Agostitlán, Mich.",87.4
-102.371111,19.083056,MICH,APTMC,"Apatzingán, Mich.",172.93
-102.419167,20.183889,MICH,BIBMC,"Barraje de Ibarra, Mich.",91
-100.9,18.5,MICH,CMNMC,"Caimanera, Mich.",176.72
-101.461389,20.324167,MICH,CBLMC,"Casa Blanca, Mich.",73.02
-102.265278,19.973611,MICH,CHAMC,"Chaparaco, Mich.",60.3
-100.55,19.7,MICH,CHIMC,"Ciudad Hidalgo, Mich.",65.31
-101.259167,19.629722,MICH,COIMC,"Coíntzio, Mich.",65.24
-101.861667,20.207222,MICH,CORMC,"Corrales, Mich.",63.88
-102.436944,20.304444,MICH,DGNMC,"De Gonzalo, Mich.",4.6
-100.421111,19.387778,MICH,DBOMC,"El Bosque, Mich.",191.6
-100.45,19.966667,MICH,EGIMC,"El Gigante, Mich.",51.6
-102.541389,19.979167,MICH,GUAMC,"Guaracha, Mich.",72.8
-101.883333,18.266667,MICH,INFMC,"Infiernillo, Mich.",251.7
-102.601944,19.958333,MICH,JARMC,"Jaripo, Mich.",78.5
-102.180278,18.048333,MICH,VILMC,"José María Morelos y Pavón, Mich.",489.3
-102.2,18.8,MICH,LPSMC,"La Pastoría, Mich.",251.81
-102.004444,20.354444,MICH,LPDMC,"La Piedad, Mich.",87.22
-101.626667,20.248889,MICH,LANMC,"Los Ángeles, Mich.",36.5
-102.865556,19.210833,MICH,LOLMC,"Los Olivos, Mich.",127.2
-102.133333,18.848611,MICH,LPNMC,"Los Panches, Mich.",321.85
-101.724444,20.127222,MICH,MOCMC,"Melchor Ocampo, Mich.",44.03
-101.102778,18.538889,MICH,PINZANESCFE,"Pinzanes, Mich. CFE*",50.6
-102.136944,19.961389,MICH,PUREPETIRO,"Presa Urepetiro, Mich. SGT*",71
-102.464722,20.208333,MICH,SCRMC,"San Cristóbal, Mich.",80
-102.651389,19.839444,MICH,SJUMC,"San Juanico, Mich.",132
-100.229167,20.000278,MICH,TEPMC,"Tepuxtepec, Mich.",39.3
-102.137778,19.962222,MICH,UREMC,"Urepetiro, Mich.",58.53
-101.45,19.55,MICH,VJIMC,"Villa Jiménez, Mich.",24.04
-102.242222,20.339444,MICH,YURMC,"Yurécuaro, Mich.",94.6
-101.931944,18.921111,MICH,ZICMC,"Zicuirán, Mich.",175
-98.829167,18.947222,MOR,ACHMR,"Achichipico, Mor.",109.3
-99.258056,18.734722,MOR,ALUMR,"Alpuyeca, Mor.",120.9
-99.376944,18.596111,MOR,AMCMR,"Amacuzac, Mor.",108.4
-98.771111,18.755278,MOR,AMIMR,"Amilcingo, Mor.",68.2
-99.463611,18.68,MOR,APAMR,"Apacingo, Mor.",115.1
-98.928056,18.948889,MOR,ATLMR,"Atlatlahucan, Mor.",117.2
-99.267222,19.045,MOR,HUCMR,"C.B.T.A.154 Huitzilac, Mor.",220.4
-98.955278,18.850556,MOR,CASMR,"Casasano, Mor.",77.51
-98.948889,18.808611,MOR,CUAMR,"Cuautla, Mor.",90.44
-99.375556,18.701667,MOR,CUTMR,"Cuautlita, Mor.",72.2
-99.2,18.9,MOR,CUEMR,"Cuernavaca, Mor.",119.6
-98.786667,18.690556,MOR,ELPMR,"El Peñón, Mor.",62.51
-99.331389,18.765278,MOR,RODMR,"El Rodeo, Mor.",73
-99.180278,18.573889,MOR,HIGMR,"Higuerón, Mor.",63.1
-99.424167,18.608333,MOR,HUAMR,"Huajintlán, Mor.",86
-99.025,18.441389,MOR,HUTMR,"Huautla, Mor.",84.43
-98.75,18.883333,MOR,HUEMR,"Hueyapan, Mor.",76.88
-99.265,19.028889,MOR,HUIMR,"Huitzilac, Mor.",300.1
-99.158611,18.883611,MOR,IMTMR,"Instituto Mexicano de Tecnología del Agua, Mor. SMN*",39.03
-99.2,18.6,MOR,JOJMR,"Jojutla, Mor.",108.91
-98.8,18.7,MOR,JNCMR,"Jonacatepec, Mor.",74
-98.914444,18.683611,MOR,LCUMR,"La Cuera, Mor.",85.54
-99.4,18.7,MOR,MIAMR,"Miacatlán, Mor.",103.01
-99.004722,18.727222,MOR,MYOMR,"Moyotepec, Mor.",132.56
-98.901389,18.900556,MOR,OAXMR,"Oaxtepec, Mor.",141.2
-99.219167,18.908889,MOR,OBSMR,"Observatorio de Cuernavaca, Mor.",130.61
-99.196667,18.651389,MOR,ZCTMR,"Observatorio de Zacatepec, Mor.",98
-98.758611,18.8825,MOR,OCTMR,"Ocuituco, Mor.",70
-99.433333,18.8675,MOR,PAPMR,"Palpan, Mor.",149.51
-99.156944,18.771111,MOR,PROMR,"Progreso, Mor.",135.3
-99.322778,18.633333,MOR,PIXMR,"Puente de Ixtla, Mor.",80.51
-99.042778,18.580278,MOR,SPHMR,"San Pablo Hidalgo, Mor.",130.2
-99.093889,18.705833,MOR,TMPMR,"Temilpa, Mor.",160.1
-99.223611,18.856944,MOR,TEMMR,"Temixco, Mor.",104.91
-98.83,18.638333,MOR,TEBMR,"Tepalcingo Bachillerato, Mor.",83
-98.843611,18.596389,MOR,TPLMR,"Tepalcingo, Mor.",133.5
-99.072778,18.971389,MOR,TPZMR,"Tepoztlán, Mor.",89.5
-99.250278,18.611111,MOR,TQGMR,"Tequesquitengo, Mor.",72.03
-98.710278,18.876389,MOR,TETMR,"Tetela del Volcán, Mor.",66.4
-99.103889,18.794167,MOR,TICMR,"Ticumán, Mor.",127.1
-99.306111,18.487778,MOR,TILMR,"Tilzapotla, Mor.",84.31
-98.75,18.813333,MOR,TLOMR,"Tlacotepec, Mor.",88
-98.943611,19.038056,MOR,TLCMR,"Tlacualera, Mor.",236.52
-98.92,18.9875,MOR,TOTMR,"Totolapan, Mor.",117.1
-99.241667,19.054167,MOR,TMAMR,"Tres Marías, Mor.",291.51
-99.190278,18.528889,MOR,XICMR,"Xicatlacotla, Mor.",87.9
-99.25,18.683333,MOR,XXOMR,"Xoxocotla, Mor.",130.7
-99.050556,18.899167,MOR,YAHMR,"Yautepec, Mor.",85.31
-105.354167,22.49,NAY,ACANR,"Acaponeta, Nay.",112.55
-104.802222,21.839167,NAY,AGMNR,"Aguamilpa Solidaridad, Nay.",239.9
-104.5,21.944167,NAY,CHPNR,"Chapalagana, Nay.",92.2
-105.136667,20.889722,NAY,GAVNR,"Gaviotas, Nay.",208.06
-104.298056,21.038889,NAY,IXTLANRIO,"Ixtlán del Río, Nay. SMN*",122
-104.516944,22.250833,NAY,JMANR,"Jesús María, Nay.",128.8
-104.450833,21.428333,NAY,CJNNR,"Leonardo Rodríguez Alcaine, Nay.",166.5
-104.891944,21.489444,NAY,TEPNR,"Observatorio de Tepic, Nay.",145.14
-105.020833,22.377778,NAY,PAJNR,"Pajaritos, Nay.",224.1
-105.211667,22.119722,NAY,ROMNR,"Rosamorada, Nay.",199.42
-105.1425,21.958333,NAY,RUINR,"Ruiz, Nay.",274.82
-105.285556,21.531389,NAY,SANBLASmar,"San Blas, Nay. SEMAR*",221.33
-104.8875,21.780833,NAY,RSRNR,"San Rafael, Nay.",251
-99.816667,24.1,NL,ARRNL,"Aramberri, N.L.",16.91
-99.743889,24.99,NL,CABNL,"Cabezones, N.L.",159.31
-99.975,25.590278,NL,CDRNL,"Cadereyta, N.L.",97.62
-99.578889,24.871944,NL,CAMNL,"Camacho, N.L.",105.51
-99.614167,26.091389,NL,CRVNL,"Cerralvo, N.L.",80.04
-99.746944,27.699167,NL,COLOMBIA,"Colombia, N.L. SGT*",82
-99.6975,24.783611,NL,CRUNL,"Crucitas, N.L.",123.3
-99.276944,25.711667,NL,CCHNL,"Cuchillo Solidaridad, N.L.",16.2
-100.308333,25.576944,NL,ELDIENTE,"El Diente, N. L. SMN*",118.4
-100.083333,24.833333,NL,GALNL,"Galeana, N.L.",38
-99.399722,24.9375,NL,CPRNL,"José López Portillo, N.L.",135.51
-99.221667,24.992778,NL,PAMNL,"La Pamona, N.L.",97.01
-99.680556,24.897222,NL,ADJUNTASHUALA,"Las Adjuntas, N.L. SGT*",72.3
-99.527222,25.497222,NL,LERNL,"Las Enramadas, N.L.",72.03
-100.348611,25.502222,NL,LASTINAJASNL,"Las Tinajas, N.L. SGT*",33.8
-99.833333,25.174167,NL,MTMNL,"Montemorelos, N.L.",152.64
-100.271667,25.6825,NL,MTRNL,"Monterrey, N.L.",114.66
-100.304722,25.733611,NL,OBSNL,"Observatorio de Monterrey, N.L.",180.06
-100.128889,25.429444,NL,PLABOCA,"Presa La Boca, N.L. SGT*",182.1
-100.240278,25.856944,NL,RADIOSONDEOMTY,"Radiosondeo, Monterrey N.L. SGT*",95.45
-100.128056,25.428056,NL,LBCNL,"Rodrigo Gómez, N.L.",231.4
-95.700556,16.010833,OAX,ASTOX,"Astata, Oax.",74.31
-96.1,17.016667,OAX,AYUOX,"Ayutla, Oax.",74.8
-96.74,17.164167,OAX,BJUAREZ,"Benito Juárez, Oax. SMN*",0
-95.929167,16.647222,OAX,BOQOX,"Boquilla 1, Oax.",5.43
-98.278333,17.532778,OAX,CALOX,"Calihualá, Oax.",56.5
-94.816667,16.583333,OAX,CHIOX,"Chicapa, Oax.",117.6
-96.658333,18.492778,OAX,CSPOX,"Cosolapa, Oax.",164.57
-97.799444,16.780278,OAX,COSOX,"Cosoltepec, Oax.",35.9
-96.388889,18.1525,OAX,DPSOX,"Dique Pescaditos, Oax.",338.52
-95.374444,16.434722,OAX,EMAOX,"El Marqués, Oax.",32.82
-97.808333,17.654444,OAX,TSLOX,"Heroica Villa Tezoatlán de Segura y Luna, Oax.",61.1
-97.776111,17.806667,OAX,HDLOX,"Huajuapan de León, Oax.",26.01
-96.133889,15.748889,OAX,HUATULCOmar,"Huatulco, Oax. SEMAR*",43.942
-95.869722,17.024722,OAX,HUYOX,"Huayapam, Oax.",104.8
-95.053889,16.503611,OAX,IXTALTEPEC,"Ixtaltepec, Oax. SGT*",32.2
-95.1,16.583333,OAX,IXTOX,"Ixtepec, Oax.",29.8
-96.55,17.266667,OAX,SCIOX,"Ixtepeji, Oax.",26.5
-96.2,17.866667,OAX,JACOX,"Jacatepec, Oax.",692.1
-95.483333,17.45,OAX,MAROX,"María Lombardo, Oax.",266.12
-96.263611,17.999167,OAX,CDOOX,"Miguel de la Madrid Hurtado, Oax.",340.1
-96.733333,17.066667,OAX,OACOX,"Oaxaca Centro, Oax.",64.21
-96.7,17.001389,OAX,OAOOX,"Observatorio de Aeropuerto Oaxaca, Oax.",43.31
-97.776111,17.806667,OAX,HLOOX,"Observatorio de Huajuapan de León, Oax.",35.32
-96.483333,15.666667,OAX,PTAOX,"Observatorio de Puerto Ángel, Oax.",55.2
-95.2,16.183333,OAX,SCROX,"Observatorio de Salina Cruz, Oax.",1.51
-96.716667,17.072778,OAX,PIAOX,"Organismo de Cuenca Pacífico Sur PIAE, Oax.",33.91
-94.4,16.5,OAX,OSTOX,"Ostuta, Oax.",100.7
-96.083333,18.166667,OAX,PAPOX,"Papaloapan, Oax.",130.55
-96.412222,18.232222,OAX,TEMOX,"Presidente Alemán, Oax.",144.2
-95.481389,16.585278,OAX,RHOOX,"Río Hondo, Oax.",51.1
-95.916667,17.733333,OAX,RMLOX,"Río Manso Lalana, Oax.",237.7
-97.725,16.102778,OAX,RVEOX,"Río Verde, Oax.",119.9
-97.720556,17.533611,OAX,AMTOX,"San Antonino Monte Verde, Oax.",71.1
-96.721944,15.812222,OAX,COZOX,"San Francisco Cozoaltepec, Oax.",66.92
-97.819167,17.746389,OAX,FOYOX,"San Francisco Yosocuta, Oax.",49
-97.424444,17.550556,OAX,TEPOX,"San Juan Teposcolula, Oax.",55.67
-97.653333,18.250833,OAX,SSFOX,"San Sebastián Frontera, Oax.",56
-97.023056,17.459167,OAX,CMTOX,"Santiago Camotlán, Oax.",27.51
-97.680278,18.188611,OAX,SNCOX,"Santiago Chazumba, Oax.",51.31
-97.895,17.905833,OAX,SCHOX,"Santiago Chilixtlahuaca, Oax.",48.51
-97.536667,17.726111,OAX,STTOX,"Santiago Teotongo, Oax.",39.71
-96.55,18.05,OAX,STDOX,"Santo Domingo, Oax.",235.33
-98.1425,17.501389,OAX,SLAOX,"Silacayoápam, Oax.",84.871
-95.6,16.416667,OAX,TEQOX,"Tequisistlán, Oax.",25.94
-96.544722,15.739167,OAX,TNMOX,"Tonameca, Oax.",104.84
-96.133333,18.083333,OAX,TUXOX,"Tuxtepec, Oax.",169.5
-96.435278,17.933056,OAX,UCFOX,"Usila CFE, Oax.",530.91
-96.3,17.776389,OAX,VANOX,"Valle Nacional, Oax.",443.2
-97.826111,17.724444,OAX,YOSOX,"Yosocuta, Oax.",46.04
-95.93,17.15,OAX,ZACOX,"Zacatepec, Oax.",210.73
-94.216111,16.4025,OAX,ZANOX,"Zanatepec, Oax.",226.55
-98.389444,17.755278,OAX,ZALOX,"Zapotitlán Lagunas, Oax.",90.5
-97.818056,17.889722,OAX,ZAPOX,"Zapotitlán Palmas, Oax.",50.91
-97.934167,19.0625,PUE,ACJPB,"Acajete, Pue.",108.16
-98.285,19.016667,PUE,ACAPB,"Acatepec, Pue.",35.9
-98.055,18.277222,PUE,ADOPB,"Acatlán de Osorio, Pue.",84.5
-98.135833,18.9425,PUE,AFRPB,"Áfricam, Pue.",66.9
-97.920833,18.854167,PUE,AHAPB,"Ahuatepec, Pue.",50
-97.418056,19.45,PUE,ACHPB,"Alchichilca, Pue.",12.24
-97.845,20.406944,PUE,APAPB,"Apapantilla, Pue.",356.47
-98.420833,18.921111,PUE,ATXPB,"Atlixco, Pue.",191.2
-97.881111,20.385833,PUE,AVCPB,"Ávila Camacho, Pue.",322.71
-97.503333,19.961389,PUE,BAIPB,"Buenos Aires CFE, Pue.",397.46
-98.579167,18.516111,PUE,CHIPB,"Chietla, Pue.",52.51
-98.049722,19.743333,PUE,CNGPB,"Chignahuapan, Pue.",102.96
-98.567778,18.109722,PUE,CHSPB,"Chila de la Sal, Pue.",83.4
-97.360833,18.316389,PUE,CHCPB,"Chilac, Pue.",13.2
-98.318056,19.068611,PUE,CHLPB,"Cholula, Pue.",57.8
-97.441667,18.987222,PUE,CDSPB,"Ciudad Serdán, Pue.",25
-98.164722,18.612778,PUE,COAPB,"Coatzingo, Pue.",120.5
-98.198611,19.022778,PUE,CNAPB,"Conagua, Pue.",56
-97.516667,20.033333,PUE,CTZPB,"Cuetzalan del Progreso, Pue.",746.35
-98.275556,18.966111,PUE,ECHPB,"Echeverría, Pue.",80.5
-98.540278,18.772222,PUE,HQCPB,"Huaquechula, Pue.",165.7
-98.050833,20.176389,PUE,HUAPB,"Huauchinango, Pue.",258.1
-98.456111,19.101111,PUE,HJTPB,"Huejotzingo, Pue.",152.42
-98.72,18.039722,PUE,IXCAMILPACFE,"Ixcamilpa, Pue. CFE*",78.8
-98.466389,18.610833,PUE,IZMPB,"Izúcar de Matamoros, Pue.",52.01
-97.446667,19.960833,PUE,SOLPB,"La Soledad, Pue.",477.13
-97.691111,19.457222,PUE,LIBPB,"Libres, Pue.",21.61
-98.108611,18.9125,PUE,BDDPB,"Manuel Ávila Camacho, Pue.",35.53
-98.231111,19.010556,PUE,MAYPB,"Mayorazgo 21 Poniente, Pue.",41.03
-97.850278,20.733056,PUE,MTLPB,"Metlaltoyuca, Pue.",98.1
-96.781389,18.360278,PUE,NARPB,"Naranjastitla, Pue.",261.92
-98.000556,20.216667,PUE,NNEPB,"Necaxa, Pue.",171.8
-98.166667,19.05,PUE,PUOPB,"Observatorio de Puebla, Pue.",83.4
-97.533333,19.7,PUE,OYAPB,"Oyameles, Pue.",82.97
-98.156667,20.2775,PUE,PAHUATLAN,"Pahuatlán de Valle, Pue. SGT*",189.6
-97.251389,18.918056,PUE,PCRPB,"Paso Carretas, Pue.",126.5
-97.883333,20.233333,PUE,PTLPB,"Patla, Pue.",290.6
-98.264722,18.2,PUE,PIXPB,"Piaxtla, Pue.",51.51
-97.702778,20.445833,PUE,PTEPALOMAS,"Puente Palomas, Pue. SGT*",259.2
-97.616667,19.25,PUE,QUIPB,"Quimixtlán, Pue.",168.8
-98.22,19.113056,PUE,SCRPB,"San Cristóbal Caleras, Pue.",95.53
-97.208333,20.131389,PUE,SJAPB,"San José Acateno, Pue.",148.41
-98.4175,19.284167,PUE,SMTPB,"San Martín Texmelucan, Pue.",83.3
-98.582222,19.330278,PUE,SRTPB,"Santa Rita Tlahuapan, Pue.",99.63
-97.486389,19.952778,PUE,STLPB,"Sontalalco CFE, Pue.",348.57
-97.7525,18.878889,PUE,TECPB,"Tecamachalco, Pue.",37.2
-97.395556,18.479167,PUE,TEHPB,"Tehuacán, Pue.",33.6
-97.430556,18.468889,PUE,TETPB,"Teotipilco, Pue.",27.6
-98.777222,18.451944,PUE,TELPB,"Teotlalco, Pue.",77.11
-97.7925,20.004444,PUE,TDRPB,"Tepango de Rodríguez, Pue.",161
-97.9475,20.21,PUE,TEPPB,"Tepexic, Pue.",277.5
-96.861389,18.483611,PUE,TYAPB,"Tepeyac, Pue.",317.04
-97.491944,19.489167,PUE,TPYPB,"Tepeyahualco, Pue.",32.3
-97.805833,19.829444,PUE,TEOPB,"Tetela de Ocampo, Pue.",159.72
-97.359722,19.815278,PUE,TEZPB,"Teziutlán, Pue.",300.03
-96.849722,18.405,PUE,TLPPB,"Tlacotepec de Díaz, Pue.",266.97
-97.876111,20.315278,PUE,TLAXCALALTON,"Tlaxcalaltongo, Pue. SGT*",209.6
-98.050833,20.176389,PUE,UDSPB,"Universidad de la Sierra, Pue.",211.81
-97.675833,20.510278,PUE,VENPB,"Venustiano Carranza, Pue.",313.5
-97.956944,20.277222,PUE,XDJPB,"Xicotepec de Juárez, Pue.",529.01
-97.585,19.859722,PUE,ZCPPB,"Zacapoaxtla, Pue.",314.5
-97.832778,20.178611,PUE,ZRGPB,"Zaragoza, Pue.",135
-97.011389,18.332222,PUE,ZOQPB,"Zoquitlán, Pue.",267
-100.435556,20.604167,QRO,CARQT,"Carrillo, Qro.",38.5
-100.080278,20.418611,QRO,CNSQT,"Constitución de 1917, Qro.",55.91
-100.412222,20.504167,QRO,BATQT,"El Batán, Qro.",82.01
-100.453333,20.535,QRO,EPUQT,"El Pueblito, Qro.",46.51
-100.366667,20.566667,QRO,GHQQT,"Gerencia Hidalgo, Qro.",92.2
-100.283056,20.389444,QRO,HUIQT,"Huimilpan, Qro. SMN*",15.25
-99.479722,21.230278,QRO,JLPQT,"Jalpan, Qro.",139.1
-100.45,20.7,QRO,JRQQT,"Juriquilla, Qro.",51.7
-100.366667,20.566667,QRO,OBSQT,"Observatorio de Querétaro, Qro.",131.62
-99.815,21.055833,QRO,PMLQT,"Peñamiller, Qro.",28.532
-99.9625,20.198611,QRO,IDFQT,"San Ildefonso, Qro.",62.2
-100,20.3625,QRO,SJSQT,"San José, Qro.",83.6
-99.169167,21.499167,QRO,SGORDAI,"Sierra Gorda 1, Qro. SMN*",31.4
-87.300556,18.755556,QROO,CHINCHORROmar,"Banco Chinchorro, Q. Roo. SEMAR*",101.852
-86.775833,21.074444,QROO,CNCQR,"Cancún Radar, Q. Roo. SMN*",47.42
-86.820278,21.156667,QROO,CANQR,"Cancún, Q. Roo.",112.01
-86.946111,20.51,QROO,COZQR,"Cozumel, Q. Roo.",216
-88.703611,19.752222,QROO,JMORELOS,"José María Morelos, Q. Roo. SMN*",57.6
-88.3275,18.500556,QROO,CHOQR,"Observatorio de Chetumal, Q. Roo.",184.51
-88.045,19.575556,QROO,FCRQR,"Observatorio de Felipe Carrillo Puerto, Q. Roo.",158.5
-87.077778,20.634444,QROO,PDCQR,"Playa del Carmen, Q. Roo.",262.9
-87.465556,20.1275,QROO,SIAQR,"Sian Ka'an 2, Q. Roo. SMN*",0.75
-106.654167,24.047222,SIN,ACTSI,"Acatitán, Sin.",97.1
-107.388333,25.101389,SIN,ALMSI,"Adolfo López Mateos, Sin.",292.02
-108.7,25.7,SIN,ARCSI,"Adolfo Ruíz Cortínes, Sin.",171.02
-109.183333,25.916667,SIN,AHMSI,"Ahome, Sin.",11
-107.466667,25.033333,SIN,AWSSI,"Andrew Weiss, Sin.",247.04
-107.911944,25.855278,SIN,GD2SI,"Bacurato hidrométrica de Gustavo Diaz Ordáz, Sin.",166.01
-107.5375,25.333333,SIN,BDRSI,"Badiraguato, Sin.",275.51
-107.4,24.816667,SIN,CLCSI,"Culiacán, Sin.",373.51
-109.333333,26.1,SIN,CRRSI,"El Carrizo, Sin.",89.01
-107.35,24.316667,SIN,DRDSI,"El Dorado, Sin.",15.02
-108.616667,26.433333,SIN,EFTSI,"El Fuerte, Sin.",54.11
-108.316667,26.083333,SIN,GB2SI,"El Sabinal hidrométrica, Sin.",310.02
-108.712222,26.437222,SIN,JODSI,"El Sabino, Sin.",47.01
-107.383333,25.090278,SIN,AL2SI,"El Varejonal hidrométrica, Sin.",292.02
-108.358611,25.739167,SIN,ZOPSI,"El Zopilote, Sin.",216.05
-108.480833,25.806667,SIN,ENASI,"Estación Naranjo, Sin.",171.44
-107.755833,25.124722,SIN,RAVSI,"Estación Rancho Viejo, Sin.",320.22
-108.091667,25.469444,SIN,GMCSI,"Guamúchil, Sin.",168.71
-108.466667,25.716667,SIN,GSVSI,"Guasave, Sin.",263.13
-107.225,25.344444,SIN,GTNSI,"Guatenipa, Sin.",267.54
-107.911111,25.856667,SIN,GDOSI,"Gustavo Díaz Ordaz, Sin.",166.01
-108.35,26.904167,SIN,LD2SI,"Huites hidrométrica, Sin.",64.3
-106.695833,24.121944,SIN,SLTSI,"Ing. Aurelio Benassini Vizcaíno, Sin.",171.5
-106.595833,23.955556,SIN,IXPSI,"Ixpalino, Sin.",156.01
-106.807222,24.571667,SIN,JLPSI,"José López Portillo, Sin.",117.03
-108.7025,26.426944,SIN,JORSI,"Josefa Ortiz de Domínguez, Sin.",47.01
-107.059444,24.753611,SIN,JGRSI,"Juan Guerrero Alcocer, Sin.",140
-106.9,23.916667,SIN,LCRSI,"La Cruz, Sin.",384.01
-105.846944,23.088333,SIN,TORSI,"Las Tortugas, Sin.",199
-108.065556,25.484722,SIN,EBLSI,"Lic. Eustaquio Buelna, Sin.",168.71
-109,25.8,SIN,MCHSI,"Los Mochis, Sin.",228.42
-108.367778,26.844722,SIN,LDCSI,"Luis Donaldo Colosio, Sin.",64.3
-108.583333,26.5,SIN,MHGSI,"Miguel Hidalgo, Sin.",45.81
-108.58,26.509722,SIN,PMHSI,"Miguel Hidalgo, Sin.",45.81
-107.188056,24.251111,SIN,OBISPO,"Obispo, Sin. SMN*",62.4
-107.440556,24.634722,SIN,OBSSI,"Observatorio de Culiacán, Sin.",599.12
-106.4,23.233333,SIN,MZTSI,"Observatorio de Mazatlán, Sin.",269.72
-106.466667,23.5625,SIN,QLTSI,"Quelite, Sin.",295.92
-105.85,22.983333,SIN,RSRSI,"Rosario, Sin.",128
-107.8425,25.486667,SIN,SJNSI,"San Juan, Sin.",165.33
-107.843333,25.485556,SIN,SANJUAN,"San Juan, Sin. SMN*",160
-107.158333,24.813889,SIN,SN2SI,"Sanalona hidrométrica, Sin.",200.02
-107.151389,24.815,SIN,SNLSI,"Sanalona, Sin.",200.02
-106.952778,24.484722,SIN,SCRSI,"Santa Cruz, Sin.",91.04
-106.25,23.35,SIN,SQRSI,"Siqueros, Sin.",236.15
-108.779167,26.073611,SIN,SFRSI,"Sufragio, Sin.",165.51
-109.070278,25.590833,SIN,TOPOLOBAMPOmar,"Topolobampo, Sin. SEMAR*",210.99
-107.059722,24.7475,SIN,VINSI,"Vinoramas, Sin.",140
-98.955833,21.748889,SLP,BLMSL,"Ballesmi, S.L.P.",132.7
-100.021667,21.936111,SLP,CDFERNANDEZ,"Ciudad Fernández, S.L.P. SMN*",16.6
-99.016667,21.983333,SLP,CDVSL,"Ciudad Valles, S.L.P.",70
-98.939722,21.847222,SLP,PUJSL,"El Pujal, S.L.P.",150.01
-99.239444,21.906944,SLP,GANSL,"Gallinas, S.L.P.",157.2
-98.558333,21.972222,SLP,AJTSL,"Las Adjuntas, S.L.P.",120.74
-100.642778,23.656944,SLP,MATSL,"Matehuala, S.L.P.",49.45
-100.665833,23.6475,SLP,MA2SL,"Matehuala, S.L.P. SMN*",52.4
-99.159444,22.12,SLP,MICSL,"Micos, S.L.P.",161.4
-99.32,22.523333,SLP,NRJSL,"Naranjos, S.L.P.",156.41
-98.8,21.333333,SLP,MTPSL,"Observatorio de Matlapa, S.L.P.",165.6
-99.995,21.931389,SLP,RVDSL,"Observatorio de Río Verde, S.L.P.",25.92
-101.019167,22.148056,SLP,SLPSL,"Observatorio de San Luis Potosí, S.L.P.",28.7
-100.762222,21.849722,SLP,OCTSL,"Ojo Caliente, S.L.P.",17.06
-99.830556,21.651111,SLP,PMYSL,"Pedro Montoya, S.L.P.",68.52
-98.888611,21.425,SLP,RQTSL,"Requetemu, S.L.P.",56.3
-98.617222,21.692778,SLP,SVTSL,"San Vicente, S.L.P.",147.02
-99.055833,22.02,SLP,STRSL,"Santa Rosa, S.L.P.",87.3
-101,22.2,SLP,SGRSL,"Soledad Graciano, S.L.P.",29.31
-99.146111,21.822222,SLP,TANCHACHIN,"Tanchachín, S.L.P. SGT*",187.3
-98.758889,21.241111,SLP,TMTSL,"Temamatla, S.L.P.",349.8
-98.857222,21.246667,SLP,TBLSL,"Tierra Blanca, S.L.P.",178
-100.820556,21.88,SLP,IVGSL,"Valentín Gama, S.L.P.",18.36
-101.9125,22.831944,SLP,VRASL,"Villa de Ramos, S.L.P.",29
-110.92,29.076667,SON,ARLSO,"Abelardo Rodríguez Luján, Son.",0
-110.226111,29.825,SON,ACNSO,"Aconchi, Son.",75
-109.106667,27.226111,SON,ARCSO,"Adolfo Ruíz Cortínes, Son.",21.7
-108.937778,27.021667,SON,ALMSO,"Álamos, Son.",111.7
-109.8925,27.8225,SON,AOBSO,"Álvaro Obregón, Son.",17.52
-109.088611,30.07,SON,ARISO,"Aribabi, Son.",52.52
-110.1675,30.335833,SON,ARZSO,"Arizpe, Son.",29
-110.238611,30.598889,SON,BCNSO,"Bacanuchi, Son.",10.01
-108.931667,30.355278,SON,BCRSO,"Bacerac, Son.",17.01
-111.83,28.75,SON,BAHIAKINO,"Bahía de Kino, Son. SMN*",0.5
-112.435278,30.771944,SON,CABORCA,"Caborca, Son. SMN*",0
-110.290833,30.98,SON,CNNSO,"Cananea, Son.",8.8
-108.7625,26.603611,SON,CZNSO,"Cazanate, Son.",25.45
-109.625,27.416667,SON,CCRSO,"Cocoraque, Son.",12.51
-111.516389,30.873333,SON,CHTSO,"Cuauhtémoc, Son.",63
-110.736389,29.472222,SON,CJNSO,"El Cajón, Son.",9.5
-109.233333,29.2,SON,ECBSO,"El Cubil, Son.",12.51
-110.783333,29.183333,SON,MLNSO,"El Molinito, Son.",0
-113.304722,31.68,SON,PINACATE,"El Pinacate, Son. SMN*",0.2
-110.85,27.95,SON,GYMSO,"Guaymas, Son.",1
-110.925833,29.073056,SON,HMNSO,"Hermosillo, Son.",0
-108.957222,30.210556,SON,HSHSO,"Huachinera, Son.",30.02
-110.396944,28.426389,SON,IRASO,"Ignacio R. Alatorre, Son.",0
-110.886944,30.761667,SON,IMRSO,"Imuris, Son.",1.41
-110.725556,29.2125,SON,PMOSO,"Ing. Rodolfo Félix Valdés, Son.",0
-109.378889,30.437778,SON,LCDSO,"Lázaro Cárdenas, Son.",63.2
-109.443333,27.071944,SON,NVJSO,"Navojoa, Son.",15.01
-110.947222,31.318889,SON,NGLSO,"Nogales, Son.",11.6
-110.913889,31.297778,SON,NOGALES,"Nogales, Son. SMN*",11.6
-111.733333,30.716667,SON,ALTSO,"Observatorio de Altar, Son.",2.5
-109.938056,27.5,SON,COBSO,"Observatorio de Ciudad Obregón, Son.",0.51
-110.8,27.95,SON,EPLSO,"Observatorio de Empalme, Son.",0.2
-110.916667,29.066667,SON,HM2SO,"Observatorio de Hermosillo, Son.",0
-109.6875,30.374444,SON,NCZSO,"Observatorio de Nacozari, Son.",32.5
-113.550833,31.352778,SON,PT2SO,"Observatorio de Puerto Peñasco, Son.",3.6
-109.083333,29.433333,SON,PDNSO,"Paso Nácori, Son.",3.8
-112.116667,30.697778,SON,PTQSO,"Pitiquito, Son.",0.01
-109.642222,28.976667,SON,PECSO,"Plutarco Elías Calles, Son.",0
-110.308333,28.472222,SON,PTASO,"Punta de Agua 2, Son.",2
-111.021389,30.050556,SON,QRBSO,"Querobabi, Son.",2.01
-108.876667,27.411944,SON,SBNSO,"San Bernardo, Son.",40.03
-114.797778,32.423889,SON,RCOLORADO,"San Luis Río Colorado, Son. SMN*",0
-111.445278,30.394722,SON,SRSSO,"Santa Rosa 2, Son.",3.5
-112.85,31.866667,SON,NYNSO,"Sonoyta, Son.",0
-109.5,29.534722,SON,TPCSO,"Tepache, Son.",3.31
-109.2125,27.658333,SON,TSOSO,"Tesocoma, Son.",45.5
-110.289722,27.643611,SON,VCMSO,"Vícam, Son.",0
-110.299167,27.639167,SON,VICAM,"Vícam, Son. SGT*",4.6
-108.927778,28.371389,SON,YCRSO,"Yécora, Son.",61.06
-91.483333,17.433333,TAB,BDCTB,"Boca del Cerro, Tab.",172.7
-93.376389,18.001111,TAB,CARTB,"Cárdenas, Tab.",161.1
-92.814722,18.043611,TAB,EPOTB,"El Porvenir, Tab.",245
-93,17.975,TAB,GONTB,"González, Tab.",226.2
-92.6,17.766667,TAB,MACTB,"Macuspana, Tab.",285.7
-93.316111,17.954444,TAB,MEZCALAPA,"Mezcalapa, Tab. SGT*",0
-92.75,17.380556,TAB,OXOTB,"Oxolotán, Tab.",393.8
-92.646389,18.406389,TAB,PCENTLA,"Pantanos de Centla, Tab. SMN*",127.1
-93.33,18.42,TAB,PARAISO,"Paraíso, Tab. SMN*",230.75
-93.622778,18.175,TAB,POBLADOC11,"Poblado C11, Tab. SGT*",418.1
-92.877222,18.010833,TAB,PORVENIR,"Porvenir, Tab. SGT*",286.7
-92.879167,17.854167,TAB,PNVTB,"Pueblo Nuevo, Tab.",318.8
-92.9375,17.566667,TAB,PUYTB,"Puyacatengo, Tab.",460.3
-93.275556,17.996944,TAB,SAMTB,"Samaria, Tab.",216.2
-91.158333,17.791667,TAB,SPTTB,"San Pedro, Tab.",73.8
-92.778611,17.456944,TAB,TAPTB,"Tapijulapa, Tab.",362.3
-92.966667,17.566667,TAB,TEATB,"Teapa, Tab.",430.7
-92.916667,17.98,TAB,EMUTB,"Villahermosa Muelle, Tab.",355.7
-93.8325,17.965556,TAB,ZAMAPA2ASECC,"Zamapa 2a. Sección, Tab. Protección Civil*",122.8
-98.39,24.065556,TAMPS,ABSTP,"Abasolo, Tamps.",17.8
-99.148889,22.986944,TAMPS,AHLTP,"Ahualulco, Tamps.",165.2
-97.926944,22.386111,TAMPS,BALTP,"Bombas Altamira, Tamps.",82.53
-99.1875,23.730278,TAMPS,CVTTP,"Ciudad Victoria, Tamps.",110.11
-97.817778,25.966389,TAMPS,CONTP,"Control, Tamps.",82.56
-98.935833,23.939167,TAMPS,CORTP,"Corona, Tamps.",38.3
-99.233611,26.408889,TAMPS,LBLTP,"Derivadora Las Blancas, Tamps.",34.71
-99.123056,24.080556,TAMPS,BR1TP,"El Barretal Uno, Tamps.",97.5
-98.691667,22.605,TAMPS,ERCTP,"Estudiante Ramiro Caballero Dorantes, Tamps.",94.32
-99.154722,23.046667,TAMPS,GOMEZFARIAS,"Gómez Farías, Tamps. SGT*",231.7
-98.405278,22.798611,TAMPS,GONZALEZTP,"González, Tamps. SGT*",61.6
-99.078611,23.384444,TAMPS,ENNTP,"La Encantada, Tamps.",130
-97.953333,23.166389,TAMPS,LAETP,"La Esperanza, Tamps.",134.7
-99.120556,22.852778,TAMPS,LSRTP,"La Servilleta, Tamps.",150.24
-98.791389,22.943889,TAMPS,SLZTP,"Lic. Emilio Portes Gil, Tamps.",124.01
-98.705556,22.795833,TAMPS,MGSTP,"Magiscatzín Dos, Tamps.",122.72
-98.713611,22.797222,TAMPS,MGZTP,"Magiscatzín, Tamps.",122.72
-99.551111,24.566667,TAMPS,MAGTP,"Magueyes, Tamps.",86.32
-98.925556,26.204722,TAMPS,MRGTP,"Marte Rodolfo Gómez, Tamps.",42.11
-97.522778,25.833333,TAMPS,MATTP,"Matamoros, Tamps.",46.02
-99.148611,26.430556,TAMPS,CMRTP,"Mier, Tamps.",60.1
-99.434444,24.2525,TAMPS,MHGTP,"Miguel Hidalgo, Tamps.",157.2
-99.166667,23.716667,TAMPS,CVCTP,"Observatorio de Ciudad Victoria, Tamps.",122.21
-98.208889,23.762222,TAMPS,SLMTP,"Observatorio de Soto la Marina, Tamps.",57.8
-98.9,24.05,TAMPS,PADTP,"Padilla, Tamps.",20.36
-98.745833,23.726667,TAMPS,PDMTP,"Paso de Molina, Tamps.",89.02
-99.555833,24.2475,TAMPS,PJMTP,"Pedro José Méndez, Tamps.",52.53
-99.019167,24.208056,TAMPS,PILTP,"Pilón, Tamps.",8.54
-97.8,25.8,TAMPS,PANTP,"Pueblo Anáhuac, Tamps.",50.85
-99.583333,24.183333,TAMPS,PVLTP,"Puerto de Valles, Tamps.",32.11
-97.991944,23.259444,TAMPS,RSPTP,"República Española, Tamps.",210.91
-98,25.966667,TAMPS,RIBTP,"Río Bravo, Tamps.",94.03
-99.026111,22.843056,TAMPS,RFRTP,"Río Frío, Tamps.",202.51
-99.093056,23.031389,TAMPS,SBNTP,"Sabinas, Tamps.",191.11
-98.869444,22.784444,TAMPS,SDATP,"Saca de Agua, Tamps.",176.1
-98.787222,23.083611,TAMPS,SGBTP,"San Gabriel, Tamps.",72.31
-99.274167,24.0225,TAMPS,STETP,"Santa Engracia, Tamps.",103.8
-99.040833,26.374167,TAMPS,MGATP,"S-J-1-2 Miguel Alemán, Tamps.",104.11
-98.8,26.25,TAMPS,CMGTP,"S-J-2-11 Camargo, Tamps.",45.71
-98.5975,26.238056,TAMPS,CDOTP,"S-J-2-18 Ciudad Díaz Ordaz, Tamps.",35.52
-98.285833,26.079722,TAMPS,RYATP,"S-J-3-42 Reynosa, Tamps.",41.01
-98.422778,22.423889,TAMPS,TMSTP,"Tamesí, Tamps.",226.32
-97.876111,22.238333,TAMPS,TMPTP,"Tampico, Tamps.",106.5
-97.8,25.7,TAMPS,VHMTP,"Valle Hermoso, Tamps.",45.52
-98.666389,23.959444,TAMPS,VGRTP,"Vicente Guerrero, Tamps.",18.2
-99.551111,24.566667,TAMPS,VSMTP,"Victoria San Marcos, Tamps.",103.6
-97.804167,25.906111,TAMPS,VCATP,"Villa Cárdenas, Tamps.",50.05
-99.488611,24.303889,TAMPS,VILLAGRAN,"Villagrán, Tamps. SMN*",33.4
-98.131111,19.428611,TLAX,APITL,"Apizaco, Tlax.",83.5
-98.563889,19.586111,TLAX,CPPTL,"Calpulalpan, Tlax.",24.7
-97.769722,19.298889,TLAX,CUATL,"Cuapiaxtla, Tlax.",44.6
-97.6475,19.318056,TLAX,ECTTL,"El Carmen Tequexquitla, Tlax.",17
-98.246944,19.324722,TLAX,OBSTL,"Observatorio de Tlaxcala, Tlax.",88.8
-98.200556,19.556111,TLAX,SJATL,"San José Atlanga, Tlax.",47.5
-98.243056,19.219444,TLAX,ZACTL,"Zacatelco, Tlax.",152.1
-97.908056,19.200278,TLAX,ZITTL,"Zitlaltepec, Tlax.",73
-96.843889,19.695833,VER,ACAVC,"Acatlán, Ver.",244.57
-94.931389,18.044444,VER,ACAYUCAN,"Acayucan, Ver. SMN*",0
-96.5875,19.495,VER,ACTVC,"Actopan, Ver.",92.8
-94.144444,18.141667,VER,AGDVC,"Agua Dulce, Ver.",253
-97.68,20.93,VER,ALAVC,"Álamo Temapache, Ver.",124.02
-96.736111,19.621667,VER,ALUVC,"Alto Lucero, Ver.",27.51
-97.234722,19.7625,VER,ALTVC,"Altotonga, Ver.",325.74
-95.4375,18.583333,VER,ARCVC,"Ángel Rosario Cabada, Ver.",211.72
-96.944444,19.588889,VER,BANVC,"Banderilla, Ver.",78.01
-96.933333,19.483333,VER,BRIVC,"Briones, Ver.",91.42
-96.971667,19.948889,VER,BUVVC,"Buena Vista Protección Civil, Ver.",326.1
-95.118333,18.415833,VER,LDCVC,"Canseco, Ver.",107.67
-96.374444,19.364722,VER,CRDVC,"Cardel, Ver.",166.71
-96.697778,19.433056,VER,CEGVC,"Cerro Gordo, Ver.",40
-95.8,18.3,VER,CCLVC,"Chacaltianguis, Ver.",149.7
-97.545,21.068333,VER,CLHVC,"Chalahuite, Ver.",186.2
-96.853611,18.563333,VER,CHMVC,"Chicomapa, Ver.",281.9
-97.878611,21.334444,VER,CITLALTEPEC,"Citlaltepec, Ver. SMN*",196.6
-96.939444,19.453889,VER,COAVC,"Coatepec, Ver.",150.52
-97.470833,20.252778,VER,COMVC,"Comalteco, Ver. PC",365.6
-95.295833,18.144444,VER,CTTVC,"Cuatotolapan, Ver.",122.31
-97.470556,20.253056,VER,CIRVC,"El Ciruelo Protección Civil, Ver.",330.01
-97.399167,20.2575,VER,ESPVC,"El Espinal, Ver.",157
-98.459167,21.773611,VER,HGOVC,"El Higo, Ver.",91.4
-96.36,19.405833,VER,ENRVC,"El Naranjillo, Ver.",188.4
-98.5125,21.840278,VER,OLVVC,"El Olivo, Ver.",97.7
-95.970833,19.040833,VER,ELSALADOmar,"El Salado, Ver. SEMAR*",109.976
-96.158333,19.068889,VER,ETEVC,"El Tejar, Ver.",124.44
-96.9975,18.897778,VER,FORVC,"Fortín, Ver.",189.81
-95.556944,18.270556,VER,GARVC,"Garro, Ver.",160.03
-96.950833,19.181667,VER,HTSVC,"Huatusco, Ver.",139.7
-96.554167,19.404167,VER,IDOVC,"Ídolos, Ver.",66.2
-97.2175,21.471667,VER,ISLALOBOSmar,"Isla Lobos, Ver. SEMAR*",684.8
-94.666667,17.95,VER,JALVC,"Jaltipán, Ver.",116.2
-95.033333,17.433333,VER,JCRVC,"Jesús Carranza, Ver.",79
-94.330833,18.109444,VER,LCAVC,"La Cangrejera, Ver.",593.01
-96.666389,19.361667,VER,CUMVC,"La Cumbre, Ver.",34
-97.021111,19.603611,VER,JOYVC,"La Joya, Ver.",143.61
-94.916667,17.416667,VER,LPEVC,"Las Perlas, Ver.",134
-97.1,19.65,VER,LVRVC,"Las Vigas de Ramírez, Ver.",206.91
-95.35,18.25,VER,LAUVC,"Lauchapan, Ver.",208.9
-96.411111,19.261389,VER,LOFVC,"Loma Fina, Ver.",109.61
-97.231944,18.922778,VER,LGRVC,"Loma Grande, Ver.",151
-98.2875,21.194444,VER,HLSVC,"Los Hules, Ver.",38
-94.930556,18.375833,VER,TUXTLASII,"Los Tuxtlas 2, Ver. SMN*",879.6
-96.333333,19.15,VER,MFAVC,"Manlio Fabio Altamirano, Ver.",109.54
-97.048333,20.0675,VER,MDTVC,"Martínez de la Torre, Ver.",503.2
-98.045,20.8325,VER,MILVC,"Milcahual, Ver.",225.7
-94.771111,18.135278,VER,MNZVC,"Minzapan, Ver.",142.25
-96.833333,19.933333,VER,MZNVC,"Misantla, Ver.",277.2
-94.4,18.1,VER,COTVC,"Observatorio de Coatzacoalcos, Ver.",400.8
-97.1,18.85,VER,ORZVC,"Observatorio de Orizaba, Ver.",225.71
-96.111111,19.154167,VER,VERVC,"Observatorio de Veracruz, Ver.",131.32
-96.916667,19.533333,VER,XOBVC,"Observatorio de Xalapa, Ver.",55.82
-96.97,19.55,VER,OTIVC,"Otilpan, Ver.",104.6
-96.918056,19.48,VER,PAVVC,"Pacho Viejo, Ver.",100.04
-98.176667,22.06,VER,PNCVC,"Pánuco, Ver.",307.36
-97.316667,20.45,VER,PPNVC,"Papantla, Ver.",229.73
-98.155833,21.7375,VER,CHYVC,"Paso de Piedras, Ver.",225
-97.268333,19.545,VER,PEROTESMN,"Perote, Ver. SMN*",38.86
-96.979722,19.588611,VER,PILVC,"Piletas, Ver.",80.44
-94.193611,17.872778,VER,PCNVC,"Planta de Bombeo 1 de La Cangrejera, Ver.",423.02
-94.253889,17.954444,VER,CB2VC,"Planta de Bombeo 2 de La Cangrejera, Ver.",836.01
-94.3775,18.103611,VER,PB3VC,"Planta de Bombeo 3 de La Cangrejera, Ver.",611.22
-98.356667,21.297778,VER,PSNVC,"Platón Sánchez, Ver.",252.5
-96.795278,18.888056,VER,PTNVC,"Potrero Nuevo, Ver.",310.07
-97.478333,20.540833,VER,PRCVC,"Poza Rica, Ver.",146
-97.475,20.543333,VER,POZARICA,"Poza Rica, Ver. SGT*",192.1
-96.665,19.043333,VER,PTE4CAMINOS,"Puente Cuatro Caminos, Ver. SGT*",67.9
-95.212778,18.450833,VER,STXVC,"San Andrés Tuxtla AC, Ver.",182.5
-94.088889,17.873611,VER,JDCVC,"San José del Carmen, Ver.",505.5
-95.133333,17.883333,VER,SJEVC,"San Juan Evangelista, Ver.",54.24
-97.293056,19.696944,VER,SNTVC,"Santa Ana Protección Civil, Ver.",53.15
-96.921389,19.578611,VER,SEDVC,"Sedeño, Ver.",81.01
-97.809722,20.887222,VER,SBTVC,"Sombrerete, Ver.",183.41
-95.033333,18.516667,VER,SONVC,"Sontecomapan, Ver.",242.03
-96.488889,19.338889,VER,TAMVC,"Tamarindo, Ver.",145
-96.966667,19.45,VER,TAPVC,"Tapachapan, Ver.",227.5
-98.409444,21.499722,VER,TMPVC,"Tempoal, Ver.",206.9
-96.916667,19.811111,VER,TNCVC,"Tenochtitlán, Ver.",409.8
-98.153056,21.039722,VER,TRRVC,"Terrerillos, Ver.",122.8
-94.163333,17.571944,VER,TMOVC,"Tierra Morada, Ver.",278
-97.125278,18.579722,VER,TLQVC,"Tlaquilpa, Ver.",143.45
-97.2225,19.921944,VER,TOMVC,"Tomata, Ver.",489.63
-96.950278,19.233611,VER,TOTVC,"Totutla, Ver.",151.84
-95.416667,18.466667,VER,TZAVC,"Tres Zapotes, Ver.",189.11
-96.613889,19.022222,VER,VTEVC,"Villa Tejeda, Ver.",46.9
-96.929167,19.511944,VER,XBSVC,"Xalapa Base Protección Civil, Ver.",92.8
-96.927778,19.542222,VER,XBMVC,"Xalapa Bomberos Protección Civil, Ver.",104.2
-96.85,19.55,VER,XCFVC,"Xalapa CFE, Ver.",91.03
-96.916111,19.536944,VER,XCNVC,"Xalapa Constituyentes Protección Civil, Ver.",77.6
-96.903889,19.542222,VER,XCRVC,"Xalapa Cristal, Ver.",86.08
-96.901111,19.534722,VER,XDAVC,"Xalapa Dos de Abril, Ver.",97.27
-96.935278,19.529167,VER,XIMVC,"Xalapa IMAC Protección Civil, Ver.",99
-96.898056,19.556667,VER,XMNVC,"Xalapa Minas Protección Civil, Ver.",86.2
-96.871667,19.511667,VER,XOLVC,Xalapa Olmos,68.23
-96.923889,19.527222,VER,XPMVC,"Xalapa Palacio Protección Civil, Ver.",112
-96.915556,19.565833,VER,XREVC,"Xalapa Revolución, Ver.",54.24
-96.929444,19.563333,VER,XSPVC,"Xalapa Sefiplan Protección Civil, Ver.",83.8
-96.894444,19.555833,VER,XSUVC,"Xalapa Sumidero, Ver.",76.59
-96.777778,19.863889,VER,YECVC,"Yecuatla, Ver.",236
-97.388889,19.413889,VER,ZALVC,"Zalayeta, Ver.",13.5
-89.681111,20.649444,YUC,ABAYC,"Abalá, Yuc.",47.5
-89.081667,20.463056,YUC,CANYC,"Cantamayec, Yuc.",54.7
-90.3825,20.858056,YUC,CELYC,"Celestún, Yuc. SMN*",12.2
-89.638056,21.03,YUC,CICYC,"Centro de Investigación Científica, Yuc.",86.7
-89.829444,20.752778,YUC,CHOYC,"Chocholá, Yuc.",71.8
-87.676667,21.5125,YUC,CYOYC,"El Cuyo, Yuc.",37.9
-89.642778,21.048889,YUC,FIYYC,"Facultad de Ingeniería Universidad Autónoma de Yucatán, Yuc.",99.41
-89.612778,20.986111,YUC,GEEYC,"Gerencia, Yuc.",135.1
-89.4375,21.105556,YUC,MOCYC,"Mocochá, Yuc.",29.6
-89.291667,21.094167,YUC,MTOYC,"Motul, Yuc.",31.93
-89.711667,20.493333,YUC,MUNYC,"Muna, Yuc.",63
-89.651111,20.946389,YUC,MEOYC,"Observatorio de Mérida, Yuc.",127.62
-89.653889,21.275833,YUC,PROYC,"Observatorio de Progreso, Yuc.",15.1
-88.204167,20.69,YUC,VALYC,"Observatorio de Valladolid, Yuc.",104.2
-89.658056,20.984167,YUC,GARYC,"Organismo de Cuenca Península de Yucatán, Yuc.",105.5
-89.394722,20.290556,YUC,OXKYC,"Oxkutzcab, Yuc.",46.52
-88.930833,20.1325,YUC,PETYC,"Peto, Yuc.",169.03
-89.558056,20.397778,YUC,TICYC,"Ticul, Yuc.",20
-88.1725,21.158611,YUC,TIZYC,"Tizimín, Yuc.",6.61
-102.733889,23.602222,ZAC,CFPZC,"Cañitas de Felipe Pescador, Zac",102.2
-103.879722,23.471944,ZAC,TCHZC,"Chalchihuites, Zac.",92
-101.389167,24.621389,ZAC,CORZC,"Concepción del Oro, Zac.",37
-103.098333,23.693333,ZAC,ELCZC,"El Cazadero, Zac.",151.44
-102.896111,21.997222,ZAC,CHIZC,"El Chique, Zac.",43.93
-102.040833,22.673056,ZAC,ELSZC,"El Saladillo, Zac.",49.54
-103.093333,22.933333,ZAC,GJAZC,"General Joaquín Amaro, Zac.",40.01
-103.216944,23.18,ZAC,LREZC,"Gobernador Leobardo Reynoso, Zac.",74.72
-102.506667,22.746667,ZAC,GPEZC,"Guadalupe, Zac.",38.86
-103.495833,22.326667,ZAC,STEZC,"Independencia Nacional, Zac.",81.11
-102.864167,22.120556,ZAC,TAYZC,"Ing. Julián Adame Alatorre, Zac.",81.11
-103.3375,21.588889,ZAC,VILZC,"José María Morelos, Zac.",144.72
-103.397778,24.281667,ZAC,JALZC,"Juan Aldama, Zac.",85.5
-103.603056,22.686944,ZAC,LFLZC,"La Florida, Zac.",35.5
-102.660556,22.996944,ZAC,LLBZC,"Llano Blanco, Zac.",63.01
-101.985556,22.264722,ZAC,LORZC,"Loreto, Zac.",40.4
-102.903611,21.711111,ZAC,PMOZC,"Los Moraleños, Zac.",84.52
-103.382778,22.845278,ZAC,LOBZC,"Manuel Felgueres, Zac.",116.9
-103.35,21.645833,ZAC,EXCZC,"Miguel Alemán, Zac.",135.52
-103.443056,24.287222,ZAC,MGAZC,"Miguel Auza, Zac.",54.16
-102.845556,21.3575,ZAC,NCTZC,"Nochistlán, Zac.",126.6
-103.636667,23.638889,ZAC,SOMZC,"Observatorio de Sombrerete, Zac.",117.81
-102.566944,22.778889,ZAC,LBUZC,"Observatorio de Zacatecas, Zac.",18.27
-102.798056,22.347778,ZAC,PALZC,"Palomas, Zac.",55.62
-101.399167,22.1175,ZAC,PINZC,"Pino Suárez, Zac.",11.71
-103.025833,23.816944,ZAC,RGRZC,"Río Grande, Zac.",150.51
-102.884444,24.322222,ZAC,SFOZC,"San Francisco, Zac.",109.15
-103.108889,22.923611,ZAC,STRZC,"Santa Rosa, Zac.",80.64
-103.506111,24.288611,ZAC,SGOZC,"Santiago, Zac.",76.06
-103.309444,21.773611,ZAC,TLLZC,"Tlaltenango, Zac.",120.7
-101.715833,22.3475,ZAC,VHGZC,"Villa Hidalgo, Zac.",23.6
-102.576667,22.761389,ZAC,ZACZC,"Zacatecas, Zac.",9.45
-102.506111,22.746667,ZAC,ZA2ZC,"Zacatecas, Zac. SMN*",32.65
