LON,LAT,EDO,CLAVE,ESTACION,sep-23
-102.712222,21.849167,AGS,CALVILLO,"Calvillo, Ags. SMN*",7.5
-102.676944,21.9975,AGS,CDRAG,"La Codorniz, Ags.",4.0
-102.197222,22.007222,AGS,CHOAG,"Cañada Honda, Ags.",9.4
-102.189167,21.826667,AGS,CLVAG,"Calvillo, Ags.",7.8
-101.992222,21.897778,AGS,CNSAG,"Los Conos, Ags.",23.5
-102.296667,22.362778,AGS,CSOAG,"Cosío, Ags.",0.3
-102.356944,22.121667,AGS,JCQAG,"Jocoque, Ags.",2.6
-102.788333,21.8075,AGS,MNLAG,"Media Luna, Ags.",43.8
-102.371667,21.78,AGS,NGRAG,"El Niágara, Ags.",11.1
-102.001944,22.020556,AGS,NVLAG,"El Novillo, Ags.",41.0
-102.290556,21.850833,AGS,OBSAG,"Observatorio de Aguascalientes, Ags.",9.5
-102.465,22.189167,AGS,P50ANIV,"Presa Cincuenta Aniversario, Ags. SMN*",5.2
-102.279167,22.147222,AGS,PBLAG,"Pabellón, Ags.",1.8
-102.417222,22.141111,AGS,PECAG,"Plutarco Elías Calles, Ags.",1.5
-102.135,22.202778,AGS,PTOAG,"Puerto de la Concepción, Ags.",12.0
-102.4375,22.235,AGS,PTRAG,"Derivadora Pabellón, Ags.",0.6
-102.108889,21.885,AGS,SNVAG,"Sandovales, Ags.",8.0
-102.0675,22.097778,AGS,VJZAG,"Villa Juárez, Ags.",1.8
-116.908333,32.444722,BC,ALRBN,"Abelardo L. Rodríguez, B.C.",0.0
-114.719167,29.727222,BC,CATAVINA,"Cataviña, B.C. SMN*",0.0
-115.921667,32.042222,BC,CONST1857,"Constitución de 1857, B.C. SMN*",1.0
-116.696944,32.479444,BC,CRRBN,"El Carrizo, B.C.",0.0
-116.828333,32.468056,BC,EFLBN,"El Florido, B.C.",0.0
-116.6025,31.890278,BC,ELZBN,"Emilio López Zamora, B.C.",0.0
-115.931389,30.517222,BC,ENBBN,"San Quintín, B.C.",0.0
-115.15,32.411111,BC,ENLBN,"Observatorio de Ejido Nuevo León, B.C.",15.8
-116.302778,32.516389,BC,HNGBN,"El Hongo, B.C.",0.0
-115.1875,28.034444,BC,ISLACEDROSmar,"Isla Cedros, B.C. SEMAR*",0.0
-114.728056,32.705,BC,JMRBN,"Interconexión José María Morelos y Pavón, B.C.",19.0
-115.27,32.39,BC,MXCBN,"Mexicali, B.C.",22.4
-114.729444,32.703889,BC,PDMBN,"Presa derivadora Morelos, B.C.",2.0
-117.071389,32.3775,BC,PLAYAROSARITO,"Playa Rosarito, B.C. SMN*",0.6
-116.205556,32.272222,BC,RUMOROSA,"La Rumorosa, B.C. SMN*",0.0
-114.85,31.033333,BC,SFLBN,"Observatorio de San Felipe, B.C.",0.0
-116.661667,32.568611,BC,TECATE,"Tecate, B.C. SMN*",0.4
-111.353889,26.009722,BCS,BLORETO,"Bahía de Loreto, B.C.S. SMN*",0.0
-111.663611,25.009722,BCS,CCNBS,"Observatorio de Ciudad Constitución, B.C.S.",35.3
-109.424444,23.445278,BCS,CPULMO,"Cabo Pulmo, B.C.S. SMN*",0.0
-109.925833,22.8975,BCS,CSLBS,"Cabo San Lucas, B.C.S.",16.0
-113.457778,27.643611,BCS,DORBS,"Díaz Ordaz, B.C.S.",0.0
-114.051944,27.963056,BCS,GNGBS,"Guerrero Negro, B.C.S.",0.0
-109.697222,23.680556,BCS,LBABS,"Los Barriles, B.C.S.",25.0
-110.366667,24.15,BCS,LPZBS,"Observatorio de La Paz, B.C.S.",63.5
-111.349167,26.011667,BCS,LRTBS,"Observatorio de Loreto, B.C.S.",0.0
-111.983056,26.896111,BCS,MLGBS,"Mulegé, B.C.S.",0.0
-111.829444,24.481111,BCS,PCORTESmar,"Puerto Cortés, B.C.S. SEMAR*",1.3
-109.934167,23.9675,BCS,PLNBS,"Los Planes, B.C.S.",36.0
-109.591389,23.593056,BCS,RBRBS,"La Ribera, B.C.S.",38.0
-110.059167,23.805,BCS,SANBS,"San Antonio, B.C.S.",45.5
-112.478611,26.2575,BCS,SANJUANICO,"San Juanico, B.C.S. SMN*",0.8
-109.995,24.083889,BCS,SARBS,"El Sargento, B.C.S.",3.5
-109.843889,23.738333,BCS,SBABS,"San Bartolo, B.C.S.",19.0
-109.708333,23.118889,BCS,SJCBS,"San José del Cabo, B.C.S.",63.0
-109.998611,23.555556,BCS,SLAGUNA,"Sierra La Laguna, B.C.S. SMN*",23.4
-109.713611,23.490278,BCS,SNTBS,"Santiago, B.C.S.",26.2
-112.272778,27.337778,BCS,SRLBS,"Observatorio de Santa Rosalía, B.C.S.",21.5
-110.210556,23.478889,BCS,TSNBS,"Todos Santos, B.C.S.",9.5
-89.743889,20.003889,CAMP,BOLCA,"Bolonchén, Camp.",214.3
-90.575556,19.295,CAMP,CANCA,"Canasayab, Camp.",386.2
-91.761389,18.654167,CAMP,CARCA,"El Carmen, Camp.",240.6
-91.962778,20.203889,CAMP,CAYOARCASmar,"Cayo Arcas, Camp. SEMAR*",64.8
-90.72,19.361667,CAMP,CHMCA,"Champotón, Camp.",254.4
-90.544167,19.838333,CAMP,CMPCA,"Campeche, Camp.",118.5
-91.046111,18.183056,CAMP,CNDCA,"Candelaria, Camp.",189.3
-90.507222,19.838611,CAMP,COBCA,"Observatorio de Campeche, Camp.",97.1
-90.741111,18.604444,CAMP,ESCCA,"Escárcega, Camp.",223.2
-90.105556,20.184167,CAMP,HECCA,"Hecelchakán, Camp.",123.0
-89.848333,19.751944,CAMP,HPOCA,"Hopelchen, Camp.",149.5
-90.820833,18.056944,CAMP,MONCLOVACAMP,"Monclova, Camp. SMN*",114.0
-90.221389,19.605833,CAMP,NYXCA,"Noh-Yaxché, Camp.",295.7
-92.086944,18.253056,CAMP,PLZCA,"Palizada, Camp.",49.5
-91.175833,18.972778,CAMP,SBNCA,"Sabancuy, Camp.",121.5
-89.860278,19.664444,CAMP,XCPCA,"Xcupil, Camp.",190.7
-89.396111,18.502222,CAMP,XPJCA,"Xpujil, Camp.",190.5
-107.482778,28.481667,CHIH,AGZCH,"Abraham González, Chih.",59.8
-107.9,27.9,CHIH,BTVCH,"Batovira, Chih.",19.6
-107.930833,30.376667,CHIH,CAGCH,"Observatorio de Nuevo Casas Grandes, Chih.",9.8
-106.84,28.396667,CHIH,CDCUAUHTEMOC,"Ciudad Cuauhtémoc, Chih. SMN*",45.2
-105.446944,28.210833,CHIH,CDLCH,"Ciudad Delicias, Chih.",27.0
-106.770556,26.229444,CHIH,CHNCH,"Chinatú, Chih. SMN*",87.7
-105.381667,27.410278,CHIH,CL2CH,"Colina hidrométrica, Chih.",32.5
-108.541667,27.416667,CHIH,CNDCH,"Chínipas, Chih.",73.0
-107.633333,27.75,CHIH,CRLCH,"Creel, Chih.",23.0
-105.628889,28.166111,CHIH,FIMCH,"Francisco I. Madero, Chih.",5.5
-107.072222,26.816667,CHIH,GCCCH,"Guachochi, Chih. SMN*",41.0
-108.3,29.2,CHIH,GPCCH,"Guapoca, Chih.",21.6
-105.277778,28.994722,CHIH,HGRANERO,"El Granero hidrométrica, Chih. SGT*",2.3
-108.427222,30.838889,CHIH,JANOS,"Janos, Chih. SMN*",17.6
-105.414167,27.544722,CHIH,LBQCH,"La Boquilla, Chih.",35.0
-107.025833,29.88,CHIH,LJSCH,"Las Lajas, Chih.",15.0
-105.28,28.984444,CHIH,LLNCH,"Ing. Luis L. León, Chih.",0.0
-107.994167,27.858611,CHIH,MAGCH,"Maguarichi, Chih. SMN*",6.1
-106.486111,28.803333,CHIH,MAJALCA,"Cumbres de Majalca, Chih. SMN*",50.2
-104.43,29.583333,CHIH,OJINAGAC,"Ojinaga Río Conchos, Chih. CILA*",10.5
-104.410833,29.565,CHIH,OJNCH,"Ojinaga, Chih.",15.5
-105.254167,26.546389,CHIH,PAGCH,"Pico del Águila, Chih.",11.0
-104.74,29.5,CHIH,PEGUIS,"Peguis, Chih. SGT*",0.5
-105.675556,26.917778,CHIH,PRRCH,"Observatorio de Parral, Chih.",27.5
-106.085556,28.656944,CHIH,QIJCH,"Observatorio de Chihuahua, Chih.",11.1
-107.85,28.95,CHIH,TMCCH,"Observatorio de Temósachic, Chih.",10.8
-107.384167,29.5625,CHIH,TNTCH,"El Tintero, Chih.",53.5
-107.9125,27.216667,CHIH,URECH,"Urique, Chih.",50.0
-92.804167,16.552778,CHIS,ACACP,"Acala, Chis.",109.6
-92.034722,16.737778,CHIS,ALTAMIRANO,"Altamirano, Chis. SGT*",145.4
-92.778889,16.401389,CHIS,ANGCP,"Doctor Belisario Domínguez, Chis.",202.1
-93.8975,16.241111,CHIS,AROCP,"Observatorio de Arriaga, Chis.",205.6
-93.427222,17.253611,CHIS,AZAPACCFE,"Aza-Pac, Chis. CFE*",233.6
-92.905833,16.997222,CHIS,BOCHIL,"Bochil, Chis. SGT*",96.0
-93.026389,16.9525,CHIS,BOMBANA,"Bombana, Chis. SGT*",68.4
-93.15,16.641944,CHIS,BOQCP,"Boquerón, Chis.",175.5
-92.716667,15.35,CHIS,CACCP,"Cacaluta, Chis.",357.8
-92.479167,16.308333,CHIS,CASCP,"Cascajal, Chis.",174.3
-92.483056,15.969167,CHIS,CATARINITAS,"Catarinitas, Chis. SGT*",153.1
-91.949722,17.85,CHIS,CATAZAJA,"Catazajá, Chis. SGT*",271.4
-93.100556,16.941667,CHIS,CHICP,"Manuel Moreno Torres, Chis.",89.0
-92.283333,15.75,CHIS,CHMCP,"Chicomuselo, Chis.",281.0
-92.1,16.2,CHIS,COOCP,"Observatorio de Comitán, Chis.",84.7
-93.906111,16.2425,CHIS,CREDARRIAGA,"Cred Arriaga, Chis. SMN*",159.5
-92.113056,15.435833,CHIS,CUILCOCFE,"Cuilco, Chis. CFE*",158.0
-92.965278,15.727778,CHIS,CUXTEPEQUES,"Finca Cuxtepeques, Chis. SGT*",391.2
-92.575,15.204167,CHIS,DESCP,"Despoblado, Chis.",471.1
-92.925278,16.108333,CHIS,DORADOCFE,"El Dorado, Chis. CFE*",195.1
-92.590833,16.686111,CHIS,ELAGUAJE,"El Aguaje, Chis. SGT*",41.8
-92.584722,16.725833,CHIS,ELARCOTETE,"El Arcotete, Chis. SGT*",74.4
-92.95,15.495833,CHIS,ELNCP,"El Novillero, Chis.",400.5
-92.808056,15.656667,CHIS,ELTRIUNFO,"El Triunfo, Chis. SMN*",498.2
-92.829444,17.373056,CHIS,ESCALONCP,"El Escalón SGT, Chis.",659.0
-92.666667,15.316667,CHIS,ESCCP,"Escuintla, Chis.",330.3
-93.342222,17.216667,CHIS,EZAPATACFE,"Emiliano Zapata, Chis. CFE*",198.2
-92.299167,15.126667,CHIS,FARCP,"Finca Argovia, Chis.",518.2
-92.325278,15.173889,CHIS,FHACP,"Finca Hamburgo, Chis.",549.5
-91.918333,17.441389,CHIS,FIMADERO,"Francisco I. Madero SGT, Chis.",708.3
-92.476111,15.346667,CHIS,FPZCP,"Finca la Paz, Chis.",504.5
-92.362778,15.184444,CHIS,FSCCP,"Finca San Cristóbal, Chis.",505.5
-93.125,16.975,CHIS,GRICP,"Grijalva, Chis.",80.6
-92.402778,14.997222,CHIS,HUECP,"Huehuetán, Chis.",243.0
-92.472222,15.133333,CHIS,HUICP,"Huixtla, Chis.",494.5
-92.725,15.866667,CHIS,JAPCP,"Jaltenango, Chis.",392.7
-93.381389,17.364167,CHIS,JDGCP,"Juan de Grijalva, Chis.",320.3
-93.381389,17.364167,CHIS,JGRIJALVACFE,"Túneles Juan de Grijalva, Chis. CFE*",328.9
-92.898611,15.996389,CHIS,JSBCP,"Juan Sabines, Chis.",483.4
-90.702222,16.580833,CHIS,LACCP,"Lacantún, Chis.",222.7
-93.561111,16.695833,CHIS,LFLCP,"Las Flores, Chis.",166.0
-91.73,16.114444,CHIS,LMONTEBELLO,"Lagunas de Montebello, Chis. SMN*",179.8
-93.598889,17.178611,CHIS,MALCP,"Nezahualcóyotl, Chis.",248.8
-92.883333,15.45,CHIS,MAPCP,"Mapastepec, Chis.",562.6
-93.384444,16.0675,CHIS,MONTERREYCFE,"Monterrey, Chis. CFE*",280.6
-92.2675,15.333333,CHIS,MOTOZINTLA,"Motozintla, Chis. SGT*",131.5
-93.150556,17.220556,CHIS,OCOCP,"Ocotepec, Chis.",276.5
-91.968056,15.848611,CHIS,PCOCP,"Puente Concordia, Chis.",154.2
-93.458611,17.446111,CHIS,PENCP,"Ángel Albino Corzo, Chis.",283.1
-93.216667,15.691667,CHIS,PIJCP,"Pijijiapan, Chis.",266.1
-92.794167,15.714444,CHIS,PRUSIA,"Prusia SGT, Chis.",832.0
-92.649167,16.725278,CHIS,PTEMORELOS,"Puente Morelos, Chis. SGT*",80.2
-92.618056,16.7475,CHIS,QUIOSCO,"Quiosco, Chis. SGT*",88.6
-92.666667,15.916667,CHIS,REFCP,"Reforma, Chis.",227.7
-93.079167,16.158333,CHIS,REVCP,"Revolución Mexicana, Chis.",348.8
-92.35,17.566667,CHIS,SAACP,"Salto de Agua, Chis.",534.4
-93.383333,17.425,CHIS,SAYCP,"Sayula, Chis.",423.0
-92.603056,16.727222,CHIS,SCCASASCFE,"San Cristóbal de las Casas, Chis. CFE*",74.8
-92.633333,16.733333,CHIS,SCOCP,"Observatorio de San Cristóbal, Chis.",102.6
-92.616667,16.741667,CHIS,SCRCP,"Puente Morelos, Chis.",92.8
-93.056389,16.4525,CHIS,SDOCP,"Santo Domingo, Chis.",199.3
-93.085,17.561111,CHIS,SJOCP,"San Joaquín, Chis.",383.2
-92.239444,15.775,CHIS,SMICP,"San Miguel, Chis.",110.5
-93.591111,16.152222,CHIS,SMORENACFE,"Sierra Morena, Chis. CFE*",186.9
-92.820833,16.938889,CHIS,SNACP,"Santa María, Chis.",141.2
-92.731389,17.035556,CHIS,SPNICHTALUCUM,"San Pedro Nichtalucum, Chis. SGT*",150.4
-93.034167,16.742778,CHIS,SUMIDEROCFE,"Cañón del Sumidero, Chis. CFE*",135.1
-92.260556,14.908056,CHIS,TAPCP,"Tapachula, Chis.",210.3
-93.529167,15.875,CHIS,TPICP,"Tres Picos, Chis.",241.0
-93.577778,16.227222,CHIS,TRESPICOSCFE,"Tres Picos, Chis. CFE*",91.7
-93.1,16.761944,CHIS,TUXCP,"Tuxtla Oriente, Chis.",89.7
-93.086111,16.761667,CHIS,TUXTLACFE,"Tuxtla, Chis. CFE*",110.5
-93.133333,16.75,CHIS,TXOCP,"Observatorio de Tuxtla Gutiérrez, Chis.",98.4
-93.5375,17.283333,CHIS,TZICP,"Tzimbac, Chis.",189.3
-92.909722,17.178333,CHIS,UNIVERSIDADLIND,"Universidad Lindavista, Chis. SMN*",50.6
-93.270833,16.233333,CHIS,VIFCP,"Villaflores, Chis.",225.2
-93.330556,17.116667,CHIS,YAMCP,"Yamonhó, Chis.",35.3
-91.729722,16.909167,CHIS,YAQUINTELA,"Yaquintela, Chis. SGT*",165.7
-100.837222,28.344444,COAH,ADLCL,"Allende, Coah.",22.0
-101.057222,29.446944,COAH,AMSCL,"Internacional La Amistad, Coah.",4.2
-100.929722,25.561111,COAH,ARACL,"Ramos Arizpe Aeropuerto, Coah.",4.0
-101.116667,29.15,COAH,CBRCL,"Cabeceras, Coah.",5.0
-102.064444,26.983333,COAH,CCGCL,"Cuatro Ciénegas, Coah.",2.7
-100.950278,29.327778,COAH,CDACL,"Ciudad Acuña, Coah.",2.0
-100.661111,26.844444,COAH,CDLCL,"Candela, Coah.",22.5
-100.95,29.213611,COAH,CNTCL,"El Centenario, Coah.",2.0
-103.469167,25.542222,COAH,CYTCL,"Coyote, Coah.",5.2
-100.920833,25.436111,COAH,ESLCL,"Secretaría de Agricultura Saltillo, Coah.",1.0
-100.954444,29.329167,COAH,LASVACASC,"Las Vacas. Ciudad Acuña, Coah. CILA*",2.6
-100.832222,28.82,COAH,LFGCL,"La Fragua, Coah.",0.0
-101.4225,26.908333,COAH,MCVCL,"Observatorio de Monclova, Coah.",25.3
-101.711389,28.013056,COAH,MORELOSMUZQUIZ,"Morelos Múzquiz, Coah. SMN*",64.8
-100.5325,28.706667,COAH,PNGCL,"Observatorio de Piedras Negras, Coah.",6.4
-100.556944,28.667778,COAH,RIOESCONDIDOC,"Río Escondido Villa De Fuentes, Coah. CILA*",28.3
-100.634444,28.898611,COAH,RioSanRodrigoC,"Río San Rodrigo cerca El Moral, Piedras Negras Coah., CILA*",17.0
-101.016667,25.376389,COAH,SALCL,"Observatorio de Saltillo, Coah.",41.6
-100.730833,29.071944,COAH,SANDIEGOC,"San Diego Jimenez, Coah. CILA*",18.8
-101.122778,27.846667,COAH,SBNCL,"Sabinas, Coah.",9.0
-100.953889,29.034167,COAH,SMGCL,"San Miguel, Coah.",0.0
-103.699722,27.285278,COAH,SMJCL,"Sierra Mojada, Coah.",14.3
-101.016667,25.376389,COAH,STOCL,"Saltillo, Coah.",6.9
-103.45,25.541667,COAH,TORCL,"Observatorio de Torreón, Coah.",32.5
-100.616111,27.515,COAH,VCRCL,"Venustiano Carranza, Coah.",35.0
-103.613056,19.2475,COL,BVSCM,"Buenavista, Col.",201.0
-103.725556,18.758611,COL,CDOCM,"Cerro de Ortega, Col.",80.8
-103.702778,19.295,COL,CHNCM,"El Chanal, Col.",104.7
-103.757222,19.3175,COL,CMLCM,"Comala, Col.",97.0
-103.804167,19.2125,COL,CQMCM,"Coquimatlán, Col.",79.3
-103.6,19.325,COL,CUACM,"Cuauhtémoc, Col.",197.4
-103.884444,19.111389,COL,DJLCM,"Presa derivadora Jala, Col.",28.6
-114.733611,18.348611,COL,ICLARIONmar,"Isla Clarión, Col. SEMAR*",27.7
-110.953611,18.726667,COL,ISOCORROmar,"Isla Socorro, Col. SEMAR*",17.4
-103.866389,19.17,COL,LAECM,"La Esperanza, Col.",25.8
-103.774167,18.809167,COL,LDACM,"Laguna de Amela, Col.",62.7
-103.725278,19.223333,COL,LPSCM,"La Posta, Col.",150.0
-104.318611,19.044444,COL,MNZCM,"Observatorio de Manzanillo, Col.",129.8
-103.8125,19.3275,COL,PNTCM,"Peñitas, Col.",48.0
-104.100556,18.938611,COL,RDRCM,"Radar, Col.",153.7
-103.700833,19.408333,COL,SCHCM,"Suchitlán, Col.",207.9
-103.867778,18.911667,COL,TCMCM,"Tecomán, Col.",17.0
-103.663333,19.2775,COL,TRPCM,"Trapiche, Col.",173.8
-99.210278,19.218611,DF,AJSDF,"Ajusco, Cd. de Méx.",104.1
-99.174167,19.240833,DF,AMC,"Academia Mexicana de Ciencias, Cd. de Méx. UNAM*",96.8
-99.102778,19.423056,DF,BALBUENA,"Balbuena, Cd. de Méx. UNAM*",55.2
-99.118056,19.469722,DF,BONDOJITO,"Bondojito, Cd. de Méx. UNAM*",85.8
-99.059722,19.383889,DF,CCHOTE,"CCH Oriente, Cd. de Méx. UNAM*",72.9
-99.140833,19.483333,DF,CCHVALLEJO,"CCH Vallejo, Cd. de Méx. UNAM*",48.8
-99.180556,19.346667,DF,CCUDF,"Universidad, Cd. de Méx.",40.6
-98.999444,19.357222,DF,CDMDF,"Cárcel de Mujeres, Cd. de Méx.",27.2
-99.1125,19.407778,DF,CDVDF,"Ciudad Deportiva, Cd. de Méx.",5.8
-99.1375,19.516667,DF,CEADF,"Campamento Amealco, Cd. de Méx.",84.2
-99.208333,19.155556,DF,CFSDF,"Caseta Forestal, Cd. de Méx.",34.5
-99.1375,19.469722,DF,CMTDF,"Avenida Cien Metros, Cd. de Méx.",51.8
-99.183333,19.486389,DF,CMYDF,"Campamento Mecoaya, Cd. de Méx.",37.9
-99.196111,19.406389,DF,CTMDF,"Observatorio de Tacubaya, Cd. de Méx.",77.0
-99.09,19.190278,DF,CTNDF,"San Salvador Cuauhtenco, Cd. de Méx.",101.6
-99.291667,19.355278,DF,CUAJIMALPA,"Memetla Cuajimalpa, Cd. de Méx. UNAM*",91.9
-99.140833,19.549444,DF,CUAUTEPEC,"Cuautepec, Cd. de Méx. UNAM*",47.1
-99.105,19.323333,DF,CULHUACAN,"Culhuacán, Cd. de Méx. UNAM*",79.2
-99.09,19.484167,DF,CYLDF,"Coyol, Cd. de Méx.",12.3
-99.205,19.3,DF,DATDF,"Desviación Alta, Cd. de Méx.",42.0
-99.131389,19.431111,DF,DDFDF,"Gobierno de la Ciudad de México, Cd. de Méx.",26.8
-99.309167,19.313333,DF,DTLDF,"Desierto de los Leones, Cd. de Méx.",122.2
-99.151944,19.300556,DF,EAZDF,"Estadio Azteca, Cd. de Méx.",82.8
-99.066667,19.377778,DF,EMRDF,"El Moral SACM, Cd. de Méx.",67.6
-99.286389,19.3625,DF,EYQDF,"El Yaqui, Cd. de Méx.",61.3
-99.091667,19.478056,DF,GCNDF,"km 6+250, Cd. de Méx.",67.5
-99.119444,19.496389,DF,INDIOSVER,"Indios Verdes, Cd. de Méx. UNAM*",40.8
-99.066667,19.377778,DF,LU4DF,"Lumbrera Cuatro Ríos (El Moral), Cd. de Méx.",60.9
-99.133889,19.403333,DF,MCRDF,"Marcos Carrillo, Cd. de Méx.",27.7
-99.1175,19.356389,DF,MEXICALTZI,"Mexicaltzingo, Cd. de Méx. UNAM*",75.5
-99.043889,19.3375,DF,MEYEHUALCO,"Meyehualco, Cd. de Méx. UNAM*",47.5
-99.026944,19.187222,DF,MLPDF,"Milpa Alta, Cd. de Méx.",75.2
-99.233056,19.187778,DF,MZTDF,"Planta Abasolo (Mezontepec), Cd. de Méx.",116.6
-99.045,19.3025,DF,NOPALERA,"Nopalera, Cd. de Méx. UNAM*",46.9
-99.096389,19.316389,DF,OCSDF,"Organismo de Cuenca Aguas del Valle de Mécico Sur, Cd. de Méx.",51.7
-99.2275,19.294167,DF,PADIERNA,"Padierna, Cd. de Méx. UNAM*",152.0
-99.100278,19.379167,DF,PBADF,"Planta de bombeo Aculco, Cd. de Méx.",30.0
-99.057778,19.433333,DF,PBCDF,"Planta de bombeo Churubusco Lago, Cd. de Méx.",39.4
-99.119444,19.486667,DF,PBLDF,"Planta de bombeo Lindavista, Cd. de Méx.",28.4
-99.170556,19.435556,DF,PBTDF,"Planta de bombeo Tizoc, Cd. de Méx.",47.5
-99.2,19.413056,DF,PCHDF,"Planta Chapultepec, Cd. de Méx.",34.3
-99.097222,19.455833,DF,PGNDF,"Planta Generadora 101, Cd. de Méx.",67.3
-99.076389,19.336944,DF,PLEDF,"Planta de Tratamiento Cerro de La Estrella, Cd. de Méx.",57.2
-99.068333,19.420278,DF,PLMDF,"Planta de bombeo López Mateos, Cd. de Méx.",38.1
-99.126389,19.365278,DF,PMLDF,"Planta de bombeo Municipio Libre, Cd. de Méx.",57.6
-99.090833,19.246389,DF,PNTDF,"Planta Nativitas, Cd. de Méx.",84.1
-99.154444,19.513056,DF,PRMDF,"Planta de Tratamiento Río de La Magdalena, Cd. de Méx.",65.5
-99.154444,19.513056,DF,PRRDF,"Planta de Tratamiento Río Remedios, Cd. de Méx.",37.3
-99.023056,19.299167,DF,PSCDF,"Planta de Tratamiento Santa Catarina, Cd. de Méx.",50.5
-99.05,19.233333,DF,PSLDF,"Planta San Luis, Cd. de Méx.",49.2
-99.163889,19.468889,DF,PSNDF,"Planta de bombeo Nueva Santa María, Cd. de Méx.",34.0
-99.171111,19.263056,DF,PSPDF,"Pueblo San Pedro Mártir, Cd. de Méx.",0.5
-99.190278,19.509167,DF,PTRDF,"Planta de Tratamiento Rosario, Cd. de Méx.",17.3
-99.126111,19.285833,DF,PVCDF,"Planta de bombeo Villa Coapa, Cd. de Méx.",58.2
-99.143056,19.331944,DF,PXTDF,"Planta de bombeo Xotepingo, Cd. de Méx.",65.0
-99.194167,19.296111,DF,RBTDF,"Rebombeo Bosque de Tlalpan, Cd. de Méx.",118.9
-99.17,19.4,DF,RCMDF,"Radio Comunicación, Cd. de Méx.",74.2
-99,19.166667,DF,SANDF,"Santa Ana, Cd. de Méx.",7.4
-99.028889,19.338333,DF,SCMDF,"Rebombeo La Quebradora (Santa Cruz Meyehualco), Cd. de Méx.",33.0
-99.122222,19.572222,DF,SGDDF,"Sierra Guadalupe, Cd. de Méx.",31.4
-99.066667,19.466667,DF,SJADF,"San Juan de Aragón, Cd. de Méx.",76.7
-99.17,19.262778,DF,SPEDROMARTIR,"San Pedro Mártir, Cd. de Méx. SACMEX*",23.7
-99.009722,19.281389,DF,SPPDF,"San Pedro Tláhuac, Cd. de Méx.",0.0
-99.186389,19.455556,DF,TACUBA,"Tacuba, Cd. de Méx. UNAM*",50.6
-99.141389,19.344444,DF,TAXQUENA,"Taxqueña, Cd. de Méx. UNAM*",90.1
-99.1425,19.556111,DF,TCMDF,"Tanque Chalmita, Cd. de Méx.",46.9
-99.272222,19.373056,DF,TECDF,"Tanque el Cartero, Cd. de Méx.",83.3
-99.246389,19.333889,DF,TELDF,"Tanque el Lienzo, Cd. de Méx.",58.1
-99.098889,19.385556,DF,TEZDF,"Tezontle, Cd. de Méx. SMN*",50.0
-99.211667,19.399167,DF,TNGDF,"Triángulo, Cd. de Méx.",78.5
-99.135833,19.199444,DF,TPJDF,"Topilejo, Cd. de Méx.",64.5
-99.084722,19.440833,DF,TPNDF,"Tanque Peñón, Cd. de Méx.",51.3
-99.2125,19.361944,DF,TRGDF,"Tarango, Cd. de Méx.",0.0
-99.248611,19.316667,DF,TSFDF,"Tanque San Francisco, Cd. de Méx.",101.6
-99.228611,19.436389,DF,TSJDF,"Tanque San Joaquín, Cd. de Méx.",24.9
-99.264444,19.359722,DF,TSLDF,"Santa Fe (Santa Lucía), Cd. de Méx.",78.0
-99.106667,19.250278,DF,XOCHIMILCO,"Xochimilco, Cd. de Méx. UNAM*",72.0
-104.810278,24.538333,DGO,CBRDR,"Caboraca, Dgo.",33.5
-104.121111,24.4375,DGO,CGVDR,"Ciudad Guadalupe Victoria, Dgo.",30.0
-103.521667,25.533333,DGO,CLRDR,"Ciudad Lerdo, Dgo.",22.2
-103.698889,24.871944,DGO,CNCDR,"Cuencamé, Dgo.",50.5
-104.666667,24.033333,DGO,DRGDR,"Durango, Dgo.",29.3
-103.960833,24.001667,DGO,FVLDR,"Francisco Villa, Dgo.",108.0
-105.955556,25.934722,DGO,GNCDR,"Guanaceví, Dgo.",29.5
-104.9225,24.803889,DGO,GUADR,"Guatimapé, Dgo.",34.8
-104.753056,23.961111,DGO,GVCDR,"Presidente Guadalupe Victoria, Dgo.",31.7
-104.75,23.516667,DGO,LBYDR,"Las Bayas, Dgo.",49.5
-105.015833,25.594167,DGO,LCRDR,"Lázaro Cárdenas, Dgo.",18.9
-106.7,25.35,DGO,LHRDR,"La Huerta, Dgo.",76.0
-104.246944,23.387778,DGO,MICHILIA,"La Michilia, Dgo. SMN*",58.2
-103.85,25.816667,DGO,MPMDR,"Mapimí, Dgo.",32.0
-105.041667,23.834167,DGO,NAVDR,"Navíos Viejos, Dgo.",61.8
-104.656667,24.203889,DGO,PAGDR,"Peña del Águila, Dgo.",41.8
-104.558333,25.181944,DGO,RDODR,"Rodeo, Dgo.",23.5
-105.443056,25.225,DGO,SACDR,"Salomé Acosta, Dgo.",9.2
-104.675833,23.874444,DGO,SBYDR,"Santiago Bayacora, Dgo.",19.5
-104.054444,23.623056,DGO,SELDR,"Santa Elena, Dgo.",53.0
-105.560833,26.436667,DGO,SGBDR,"San Gabriel, Dgo.",26.5
-102.778056,24.630556,DGO,SJGDR,"San Juan de Guadalupe, Dgo.",0.0
-104.276944,25.085,DGO,SLCDR,"San Luis del Cordero, Dgo.",3.5
-105.422222,25.0375,DGO,SPPDR,"Santiago Papasquiaro, Dgo.",22.5
-105.566667,26.084444,DGO,SRDDR,"Sardinas, Dgo.",20.5
-106.538056,24.702222,DGO,TDRDR,"El Tule del Real, Dgo.",125.5
-105.725,25.341111,DGO,TLHDR,"Observatorio de Tepehuanes, Dgo.",14.2
-106.975,24.933333,DGO,TMZDR,"Tamazula, Dgo.",63.8
-103.979722,23.737778,DGO,VGCDR,"Vicente Guerrero, Dgo.",30.0
-104.928889,26.2425,DGO,VHGDR,"Villa Hidalgo, Dgo.",26.5
-105.506111,26.447778,DGO,VOCDR,"Villa Ocampo, Dgo.",26.5
-99.906667,16.849722,GRO,ACAGR,"Acapulco, Gro.",158.3
-99.516944,17.576389,GRO,AERGR,"Observatorio de Chilpancingo Aeropuerto, Gro.",90.2
-100.5175,18.075833,GRO,AFIGR,"Andrés Figueroa, Gro.",121.9
-98.975278,17.719722,GRO,AHUGR,"Ahuacuotzingo, Gro.",108.8
-100.433333,17.210278,GRO,ATYGR,"Atoyac, Gro.",79.6
-99.1,16.949444,GRO,AYUGR,"Ayutla, Gro.",219.1
-99.400833,18.459444,GRO,BVSGR,"Buena Vista, Gro.",154.0
-100.664444,18.359444,GRO,CALGR,"Ciudad Altamirano, Gro.",152.8
-99.701111,17.672222,GRO,CCHGR,"Chichihualco, Gro.",86.0
-100.089444,17.008889,GRO,CDBGR,"Coyuca de Benítez, Gro.",147.9
-99.5,17.545278,GRO,CHIGR,"Chilpancingo, Gro.",81.7
-99.175833,17.608611,GRO,CHLGR,"Chilapa, Gro.",105.6
-98.411944,16.47,GRO,CNLGR,"Cuajinicuilapa, Gro.",75.4
-99.661944,18.245278,GRO,COCGR,"Cocula, Gro.",199.1
-98.970833,16.614722,GRO,COPGR,"Copala, Gro.",96.1
-101.054444,17.376944,GRO,CYQGR,"Coyuquilla, Gro.",51.5
-99.995556,17.947778,GRO,ECAGR,"Ing. Carlos Ramírez Ulloa, Gro.",240.5
-99.516667,17.233333,GRO,EOCGR,"El Ocotito, Gro.",175.6
-99.332778,18.3025,GRO,HTZGR,"Huitzuco, Gro.",138.0
-99.55,18.349722,GRO,IGLGR,"Iguala, Gro.",185.4
-98.513333,17.6225,GRO,IXTGR,"Ixcateopan de Tlapa, Gro.",158.0
-101.003056,18.418611,GRO,LCLGR,"La Calera, Gro.",42.0
-100.018056,16.958333,GRO,LDCGR,"Laguna de Coyuca, Gro.",336.0
-99.235,16.76,GRO,LDGGR,"Las Vigas, Gro.",71.5
-99.369167,17.471111,GRO,MCHGR,"Mochitlán, Gro.",160.7
-99.799722,16.8,GRO,ODAGR,"Observatorio de Acapulco, Gro.",132.0
-99.5,17.6,GRO,ODZGR,"Observatorio de Zumpango, Gro.",121.1
-98.735,17.777222,GRO,OLNGR,"Olinalá, Gro.",221.0
-98.433333,16.683333,GRO,OMEGR,"Ometepec, Gro.",183.2
-99.45,17.483333,GRO,PETGR,"Petaquillas, Gro.",90.5
-98.500556,16.655833,GRO,QTZGR,"Quetzala, Gro.",115.8
-99.166111,16.823611,GRO,RMEGR,"Revolución Mexicana, Gro.",71.5
-100.472778,17.139444,GRO,SJEGR,"San Jerónimo, Gro.",138.2
-99.482778,16.796389,GRO,SNMGR,"San Marcos, Gro.",209.3
-99.605278,18.554444,GRO,TAXGR,"Taxco, Gro.",140.0
-99.526389,17.1675,GRO,TCOGR,"Tierra Colorada, Gro.",26.5
-99.976389,17.789722,GRO,TLAGR,"Tlacotepec, Gro.",120.3
-98.6,17.5,GRO,TLPGR,"Tlapa, Gro.",63.3
-99.399444,17.568056,GRO,TXTGR,"Tixtla, Gro.",119.6
-100.265833,18.382778,GRO,VGRGR,"Vicente Guerrero, Gro.",267.0
-99.466111,18.295833,GRO,VTRGR,"Valerio Trujano, Gro.",119.7
-98.488333,17.903889,GRO,XXHGR,"Xochihuehuetlán, Gro.",108.5
-99.933333,17.603333,GRO,YXTGR,"Yextla, Gro.",78.5
-101.548889,17.645278,GRO,ZHTGR,"Zihuatanejo, Gro.",80.0
-101.536667,20.446944,GTO,ABSGJ,"Abasolo, Gto.",41.5
-100.712222,20.0325,GTO,ACNGJ,"Acámbaro, Gto.",90.0
-100.683333,20.533333,GTO,AEGGJ,"Apaseo el Grande, Gto.",28.2
-100.5825,20.553889,GTO,AMCGJ,"Ameche, Gto.",32.4
-101.370833,20.712778,GTO,ANSGJ,"Arandas, Gto.",23.0
-100.620833,20.454167,GTO,APSGJ,"Apaseo el Alto, Gto.",10.0
-101.625556,20.499167,GTO,ATBGJ,"Agua Tibia, Gto.",36.0
-101.838333,21.048611,GTO,BRRGJ,"El Barrial, Gto.",21.9
-100.816667,20.536389,GTO,CLYGJ,"Celaya, Gto.",27.2
-101.474722,21.068056,GTO,COMGJ,"Comanjilla, Gto.",33.0
-100.363333,20.198333,GTO,CORGJ,"Coroneo, Gto.",91.8
-101.630278,20.506667,GTO,CORRALEJO,"Corralejo Hidalgo, Gto. Protección Civil*",40.3
-101.666667,20.616667,GTO,CRMGJ,"Cuerámaro, Gto.",62.0
-100.962778,20.487778,GTO,CRTGJ,"Cortázar, Gto.",18.2
-100.9,20.95,GTO,CSRGJ,"Cinco Señores, Gto.",6.0
-101.666667,21.191667,GTO,CSSGJ,"Los Castillos, Gto.",17.5
-101.6675,21.195556,GTO,CSTGJ,"Los Castillos, Gto.",17.5
-100.933333,21.15,GTO,DHGGJ,"Dolores Hidalgo, Gto.",1.0
-101.835278,21.05,GTO,EBAGJ,"El Barrial, Gto.",21.9
-100.9,20.279722,GTO,ECBGJ,"El Cubo, Gto.",62.5
-101.244444,20.872222,GTO,ECHGJ,"El Chapín, Gto.",20.9
-101.37,20.715833,GTO,ECNGJ,"El Conejo, Gto.",22.5
-101.678889,21.173611,GTO,EPLGJ,"El Palote, Gto.",11.5
-101.996667,20.800556,GTO,FRIAS,"Frías, Gto. Protección Civil*",36.8
-101.7425,20.439167,GTO,GLNGJ,"La Golondrina, Gto.",94.0
-101.266111,21.014167,GTO,GTOGJ,"Observatorio de Guanajuato, Gto.",41.3
-100.825833,20.848056,GTO,IALGJ,"Ignacio Allende, Gto.",17.5
-101.35,20.683333,GTO,IRPGJ,"Irapuato, Gto.",27.4
-100.518333,20.145556,GTO,JCRGJ,"Jerécuaro, Gto.",25.5
-101.844167,20.675278,GTO,LADGJ,"Las Adjuntas, Gto.",27.6
-101.073056,20.286944,GTO,LDYGJ,"Laguna de Yuriria, Gto.",64.0
-101.693333,21.136389,GTO,LENGJ,"León, Gto.",16.0
-100.883611,20.398333,GTO,LGVGJ,"Presa la Gavia, Gto.",27.5
-101.358889,20.276111,GTO,LJIGJ,"Las Jícamas, Gto.",49.0
-101.107778,21.324167,GTO,LQMGJ,"La Quemada, Gto.",13.5
-100.501944,21.223611,GTO,MINERALPOZOS,"Mineral de Pozos, Gto. Protección Civil*",20.8
-101.48,21.65,GTO,OCMGJ,"Ocampo, Gto.",3.0
-101.111389,20.5225,GTO,PERGJ,"Pericos, Gto.",71.5
-100.878333,21.105,GTO,PNLGJ,"Peñuelitas, Gto.",0.0
-100.496111,21.22,GTO,POZGJ,"Pozos, Gto.",13.8
-101.287778,20.867222,GTO,PRSGJ,"La Purísima, Gto.",79.4
-101.216667,21.483333,GTO,SFEGJ,"San Felipe, Gto.",6.6
-99.831389,21.320833,GTO,SGORDAII,"Sierra Gorda 2, Gto. SMN*",5.8
-101.016667,20.4,GTO,SJLGJ,"Santa Julia, Gto.",33.3
-100.666667,20.05,GTO,SL2GJ,"Solis, Gto.",115.0
-101.199444,20.565833,GTO,SLMGJ,"Salamanca, Gto.",66.5
-100.669722,20.055278,GTO,SLSGJ,"Solís, Gto.",115.0
-100.885833,20.216667,GTO,SLVGJ,"Salvatierra, Gto.",71.7
-101.016389,20.430833,GTO,SMAGJ,"San Miguel de Allende, Gto.",31.7
-100.745833,20.577778,GTO,SMOGJ,"San Miguel Octopan, Gto.",19.6
-101.066944,20.298333,GTO,SRTGJ,"Santa Rita, Gto.",51.1
-101.3,20.6,GTO,TEMGJ,"Temascatío, Gto.",36.0
-101.178889,20.382778,GTO,VDSGJ,"Valle de Santiago, Gto.",60.7
-100.0925,21.298889,GTO,XICGJ,"Xichú, Gto.",0.0
-98.941667,20.268056,HGO,ACTHD,"Actopan, Hgo.",0.0
-98.348056,21.019444,HGO,ATCHD,"Atlapexco, Hgo.",2.5
-98.716111,20.185556,HGO,ELCHICO,"El Chico, Hgo. SMN*",27.8
-99.36,20.163889,HGO,ENDHD,"Endhó, Hgo.",12.0
-98.076111,20.46,HGO,HHTHD,"Huehuetla, Hgo.",176.2
-98.416667,21.15,HGO,HJTHD,"Huejutla, Hgo.",5.4
-99.220833,20.481944,HGO,IXMHD,"Ixmiquilpan, Hgo.",0.0
-98.128333,20.135833,HGO,LAGUNA,"La Laguna, Hgo. FENIX*",29.5
-98.128333,20.135556,HGO,LLAHD,"La Laguna, Hgo.",13.0
-98.757222,20.591667,HGO,LMTHD,"Metztitlán, Hgo.",4.1
-99.218611,20.2375,HGO,MXQHD,"Mixquiahuala, Hgo.",5.5
-98.6,21.166667,HGO,ORZHD,"San Felipe Orizatlán, Hgo.",41.0
-98.7475,20.123333,HGO,PCOHD,"Observatorio de Pachuca, Hgo.",0.2
-98.334722,20.0575,HGO,PERHD,"La Esperanza, Hgo.",5.2
-99.329444,20.359722,HGO,PRGHD,"Javier Rojo Gómez, Hgo.",2.0
-99.310833,19.963056,HGO,PRQHD,"Requena, Hgo.",17.0
-99.375833,20.435556,HGO,PVAHD,"Vicente Aguirre, Hgo.",0.0
-98.369444,20.083333,HGO,TLGHD,"Observatorio de Tulancingo, Hgo.",3.2
-99.348333,20.056944,HGO,TLRHD,"Tula Las Rosas, Hgo.",4.3
-99.501111,20.663333,HGO,ZMPHD,"Ing. Fernando Hiriart Balderrama, Hgo.",0.0
-98.647222,20.652778,HGO,ZXTHD,"Zacualtipán, Hgo.",13.0
-103.133333,20.316667,JAL,ACHAPALAGDL,"Acueducto Chapala Guadalajara, Jal. SGT*",143.8
-103.225278,22.327222,JAL,ACHZC,"Achimec, Jal.",25.3
-102.436944,21.599444,JAL,AJJJL,"Ajojúcar, Jal.",20.0
-103.091944,20.397222,JAL,ATQJL,"Atequiza, Jal.",143.6
-103.446389,20.746667,JAL,BAZJL,"Base Aérea Zapopan, Jal.",89.4
-104.061111,19.913611,JAL,BBAJL,"Basilio Vadillo, Jal.",58.5
-103.724444,22.406111,JAL,BCSJL,"Bocas, Jal.",25.9
-103.782778,21.831667,JAL,BLNJL,"Bolaños, Jal.",48.1
-103.201944,20.290556,JAL,CHAJL,"Chapala 1, Jal. SMN*",146.3
-104.555278,19.627778,JAL,CHFJL,"El Chiflón, Jal.",376.9
-102.774167,19.287778,JAL,CHLMC,"Constitución de Apatzingán, Jal.",117.1
-104.566667,19.233333,JAL,CIHJL,"Cihuatlán, Jal.",118.5
-105.129722,19.9975,JAL,CPEJL,"Cajón de Peña, Jal.",226.7
-104.780833,20.479722,JAL,CRNJL,"Corrinchis, Jal.",140.9
-101.7375,21.497778,JAL,CRTJL,"El Cuarenta, Jal.",37.2
-105.218333,20.593333,JAL,CULJL,"Cuale, Jal.",414.7
-103.45,21.066667,JAL,CXTJL,"Cuixtla, Jal.",111.4
-102.976111,20.681389,JAL,EGCJL,"Ing. Elías González Chávez, Jal.",97.2
-103.335,20.723333,JAL,EXPJL,"La Experiencia, Jal.",83.3
-103.354444,20.680556,JAL,GUAJL,"Guadalajara Centro, Jal.",139.4
-103.392778,20.706667,JAL,GUCJL,"Observatorio de Guadalajara, Jal.",115.4
-105.184444,19.653889,JAL,HIGJL,"Higuera Blanca 2, Jal.",144.2
-103.651111,20.466944,JAL,HRTJL,"Hurtado, Jal.",74.5
-102.25,20.483333,JAL,HUAJL,"Huascato, Jal.",63.6
-102.705833,20.293889,JAL,JMYJL,"Jamay, Jal.",82.1
-102.558333,20.275556,JAL,LABARCA,"La Barca, Jal. SGT*",35.2
-103.201667,20.290556,JAL,LDCJL,"Lago de Chapala, Jal.",134.9
-101.919722,21.359722,JAL,LDMJL,"Lagos de Moreno, Jal.",78.0
-103.033333,20.316667,JAL,MEZCALA,"Mezcala Poncitlán, Jal. SGT*",114.0
-103.590833,19.592222,JAL,NEVADOCOLIMA,"Nevado de Colima, Jal. SMN*",68.4
-101.916667,21.366667,JAL,OLMJL,"Observatorio de Lagos de Moreno, Jal.",29.6
-103.361667,20.583889,JAL,PITJL,"Protección a Infraestructura y Atención a Emergencias, Jal.",92.4
-104.105833,21.196944,JAL,PLYJL,"Ing. Alfredo Elías Ayub, Jal.",18.3
-104.05,20.55,JAL,RAMJL,"Río Ameca, Jal.",80.6
-105.133611,19.998611,JAL,RIOTOMATLAN,"Río Tomatlán, Jal. SMN*",175.0
-101.85,21.35,JAL,SAUJL,"La Sauceda, Jal.",11.3
-102.5,21.3,JAL,SGRJL,"San Gaspar de los Reyes, Jal.",56.1
-103.9175,19.463611,JAL,SMANANTLANI,"Sierra Manatlán 1, Jal. SMN*",63.2
-104.148056,19.554444,JAL,SMANANTLANII,"Sierra Manatlán 2, Jal. SMN*",0.0
-103.705556,20.908889,JAL,SRSJL,"Manuel M. Diéguez, Jal.",145.9
-102.583333,21.45,JAL,TCAJL,"Teocaltiche, Jal.",69.0
-103.198611,22.171944,JAL,TENJL,"Tenasco, Jal.",63.0
-103.316667,20.583333,JAL,TLAJL,"Tlaquepaque, Jal.",113.9
-103.419444,20.4425,JAL,TLAJOMULCO,"Tlajomulco, Jal. SMN*",15.2
-104.370278,19.976111,JAL,TMLJL,"Ramón Corona Madrigal General, Jal.",102.7
-103.396667,18.967222,JAL,TRJCM,"Solidaridad, Jal.",77.2
-103.845833,20.596389,JAL,VEGJL,"Ing. Santiago Camarena, Jal.",73.6
-103.05,22.05,JAL,ZPTJL,"El Zapote, Jal.",37.0
-99.377222,19.377222,MEX,2RSMX,"Dos Ríos, Méx.",101.3
-98.655278,19.118611,MEX,ALTZOMONI,"Altzomoni, Méx SMN*",45.0
-98.912222,19.543611,MEX,ATEMX,"Atenco, Méx.",46.2
-99.866667,19.783333,MEX,ATPMX,"Atlacomulco Prepa., Méx.",47.0
-99.283333,19.436389,MEX,BOSQUEREAL,"Bosque Real, Méx. UNAM*",37.2
-99.7,19.333333,MEX,CALMX,"Calixtlahuaca, Méx.",69.0
-99.298611,19.406667,MEX,CDBMX,"Caída del Borracho, Méx.",19.6
-99.511667,19.205,MEX,CGCMX,"Gerencia Conagua CODAGEM, Méx.",66.9
-99.041667,19.593889,MEX,CHICONAUTLAI,"Chiconautla 1, Méx. SACMEX*",0.0
-99.108333,19.515556,MEX,CHICONAUTLAII,"Chiconautla 2, Méx. SACMEX*",20.8
-100.152778,19.350556,MEX,CHIMX,"Chilesdo, Méx.",43.2
-98.884722,19.483333,MEX,CHPMX,"Chapingo, Méx.",44.5
-99.304444,19.695,MEX,CNPMX,"La Concepción, Méx.",40.5
-99.631667,19.292222,MEX,COBMX,"Observatorio de Toluca, Méx.",81.2
-100.225,19.178889,MEX,COLMX,"Colorines, Méx.",101.0
-99.559722,19.884722,MEX,DNXMX,"Danxhó, Méx.",33.5
-99.238333,19.453611,MEX,EMOMX,"El Molinito Río Hondo, Méx.",45.8
-99.252222,19.635556,MEX,GDLMX,"Sierra de Guadalupe, Méx.",28.0
-98.917222,19.578889,MEX,GRDMX,"La Grande, Méx.",10.0
-99.250833,19.415833,MEX,HERRADURA,"Herradura, Méx. UNAM*",42.6
-99.696944,20.046389,MEX,HPNMX,"Huapango, Méx.",19.0
-99.05,19.633333,MEX,K27MX,"km 27+250, Méx.",20.9
-100.075833,19.383333,MEX,LBEMX,"Los Berros, Méx.",53.4
-99.220833,19.477778,MEX,MBLMX,"Molino Blanco, Méx.",44.0
-99.243333,19.473889,MEX,NAUCALPAN,"Naucalpan, Méx. UNAM*",26.0
-99.683333,19.116667,MEX,NEVMX,"Nevado de Toluca, Méx. SMN*",102.6
-99.420833,18.990833,MEX,OCUMX,"Ocuilán de Arteaga, Méx",93.0
-99.184722,19.580833,MEX,PBTMX,"Planta de bombeo Barrientos, Méx.",6.8
-99.025,19.65,MEX,PCCMX,"Planta Chiconautla 2, Méx.",20.8
-99.181944,19.743056,MEX,PCGMX,"Puente Colgante, Méx.",15.0
-99.010278,19.636944,MEX,PCTMX,"Planta Chiconautla 1, Méx.",0.0
-99.790278,19.829167,MEX,PFBMX,"Francisco José Trinidad Fabela, Méx.",30.0
-99.775,19.461667,MEX,PIRMX,"Ignacio Ramírez, Méx.",34.6
-99.248889,19.429444,MEX,PLMMX,"Palmas, Méx.",32.9
-99.260833,19.526944,MEX,PMDMX,"Madín, Méx.",27.2
-99.739722,20.124167,MEX,PMNMX,"El Molino, Méx.",4.0
-99.864444,20.038611,MEX,PNDMX,"Ñadó, Méx.",38.0
-99.283333,19.453611,MEX,PTLMX,"Presa Totolica, Méx.",60.9
-98.911111,19.530556,MEX,SADMX,"San Andrés, Méx.",54.1
-99.703889,19.465556,MEX,SB2MX,"San Bernabé, Méx.",33.2
-99.704722,19.465833,MEX,SBBMX,"José Antonio Alzate, Méx.",45.6
-99.764722,19.238333,MEX,SJHMX,"San Juan de las Huertas, Méx.",88.7
-98.870833,19.190278,MEX,SLAMX,"San Luis Ameca, Méx.",58.6
-99.741667,19.591667,MEX,SLBMX,"San Bartolo del Llano, Méx.",26.0
-99.8,19.633333,MEX,SMLMX,"Santa María del Llano, Méx.",78.0
-99.285,19.574444,MEX,SNJMX,"San Juan, Méx",42.0
-98.858611,19.644722,MEX,SNLMX,"San Lucas, Méx",98.0
-98.960556,19.320833,MEX,SSCDF,"La Caldera Subestación eléctrica Santa Lucía, Méx.",36.6
-99.799167,19.343056,MEX,TBRMX,"Tres Barrancas, Méx.",68.8
-99.935833,18.931389,MEX,TESMX,"Texcaltitlán, Méx.",65.6
-99.905278,19.856944,MEX,TJCMX,"El Tejocote, Méx.",55.0
-99.283333,19.453889,MEX,TOTMX,"Totolica, Méx",60.9
-99.961389,19.660833,MEX,TPTMX,"San Andrés Tepetitlán, Méx.",51.4
-99.6125,19.429167,MEX,TROMX,"Trojes, Méx.",29.8
-99.283056,19.4525,MEX,TTLMX,"Totolica hidrométrica, Méx.",29.1
-99.123889,19.904722,MEX,TTQMX,"Tajo de Tequixquiac, Méx",10.1
-99.385278,19.834722,MEX,TXMHD,"Taxhimay, Méx.",41.0
-100.18,19.2075,MEX,VBRMX,"Valle de Bravo, Méx.",119.8
-99.211667,19.510278,MEX,VDCDF,"Vaso de Cristo, Méx.",9.5
-99.334167,19.382222,MEX,VNDMX,"El Venado, Méx.",70.3
-100.055556,19.461667,MEX,VVCMX,"Villa Victoria, Méx.",75.2
-101.99,20.231389,MICH,ADUMC,"Adjuntas, Mich.",60.0
-100.608889,19.579722,MICH,AGOMC,"Agostitlán, Mich.",94.6
-101.661111,19.926111,MICH,AMEMC,"Aristeo Mercado, Mich.",44.2
-102.371111,19.083056,MICH,APTMC,"Apatzingán, Mich.",80.4
-102.419167,20.183889,MICH,BIBMC,"Barraje de Ibarra, Mich.",116.5
-101.461389,20.324167,MICH,CBLMC,"Casa Blanca, Mich.",93.9
-102.265278,19.973611,MICH,CHAMC,"Chaparaco, Mich.",65.4
-100.55,19.7,MICH,CHIMC,"Ciudad Hidalgo, Mich.",74.5
-100.9,18.5,MICH,CMNMC,"Caimanera, Mich.",140.3
-101.259167,19.629722,MICH,COIMC,"Coíntzio, Mich.",60.4
-101.861667,20.207222,MICH,CORMC,"Corrales, Mich.",131.7
-100.421111,19.387778,MICH,DBOMC,"El Bosque, Mich.",79.9
-102.436944,20.304444,MICH,DGNMC,"De Gonzalo, Mich.",56.4
-102.541389,19.979167,MICH,GUAMC,"Guaracha, Mich.",100.7
-101.883333,18.266667,MICH,INFMC,"Infiernillo, Mich.",29.9
-102.601944,19.958333,MICH,JARMC,"Jaripo, Mich.",86.0
-101.626667,20.248889,MICH,LANMC,"Los Ángeles, Mich.",154.1
-100.406389,19.838056,MICH,LDFMC,"Laguna del Fresno, Mich.",20.7
-102.865556,19.210833,MICH,LOLMC,"Los Olivos, Mich.",98.6
-102.751389,20.146667,MICH,LPAMC,"La Palma, Mich.",22.8
-102.004444,20.354444,MICH,LPDMC,"La Piedad, Mich.",135.0
-102.133333,18.848611,MICH,LPNMC,"Los Panches, Mich.",74.8
-102.2,18.8,MICH,LPSMC,"La Pastoría, Mich.",11.7
-101.1,19.7,MICH,MCEMC,"Morelia Centro, Mich.",54.3
-100.873611,19.829167,MICH,MLPMC,"Malpaís, Mich.",67.3
-101.2,19.7,MICH,MNOMC,"Morelia Norte, Mich.",52.8
-101.724444,20.127222,MICH,MOCMC,"Melchor Ocampo, Mich.",106.0
-101.176111,19.688611,MICH,MORMC,"Observatorio de Morelia, Mich.",67.6
-100.439167,19.890833,MICH,MRVMC,"Maravatío, Mich.",97.0
-101.05,19.49,MICH,PDBMC,"Planta de Bombeo, Mich.",93.0
-101.6,20.3,MICH,PORMC,"Pastor Ortiz, Mich.",73.0
-102.136944,19.961389,MICH,PUREPETIRO,"Presa Urepetiro, Mich. SGT*",100.0
-102.716667,20.066667,MICH,SAHMC,"Sahuayo, Mich.",119.0
-102.464722,20.208333,MICH,SCRMC,"San Cristóbal, Mich.",114.0
-102.651389,19.839444,MICH,SJUMC,"San Juanico, Mich.",57.5
-102.4,20.1,MICH,SSIMC,"San Simón, Mich.",81.5
-100.229167,20.000278,MICH,TEPMC,"Tepuxtepec, Mich.",19.2
-102.137778,19.962222,MICH,UREMC,"Urepetiro, Mich.",117.3
-102.180278,18.048333,MICH,VILMC,"José María Morelos y Pavón, Mich.",81.3
-101.45,19.55,MICH,VJIMC,"Villa Jiménez, Mich.",75.7
-102.242222,20.339444,MICH,YURMC,"Yurécuaro, Mich.",86.6
-102.284167,20.006667,MICH,ZAMMC,"Observatorio de Zamora, Mich.",91.1
-101.931944,18.921111,MICH,ZICMC,"Zicuirán, Mich.",42.8
-98.829167,18.947222,MOR,ACHMR,"Achichipico, Mor.",91.2
-99.258056,18.734722,MOR,ALUMR,"Alpuyeca, Mor.",97.2
-99.376944,18.596111,MOR,AMCMR,"Amacuzac, Mor.",119.5
-98.771111,18.755278,MOR,AMIMR,"Amilcingo, Mor.",77.5
-99.463611,18.68,MOR,APAMR,"Apacingo, Mor.",133.9
-98.928056,18.948889,MOR,ATLMR,"Atlatlahucan, Mor.",54.1
-98.955278,18.850556,MOR,CASMR,"Casasano, Mor.",142.8
-98.948889,18.808611,MOR,CUAMR,"Cuautla, Mor.",151.1
-99.2,18.9,MOR,CUEMR,"Cuernavaca, Mor.",88.4
-99.375556,18.701667,MOR,CUTMR,"Cuautlita, Mor.",41.5
-98.786667,18.690556,MOR,ELPMR,"El Peñón, Mor.",29.5
-99.424167,18.608333,MOR,HUAMR,"Huajintlán, Mor.",101.5
-98.75,18.883333,MOR,HUEMR,"Hueyapan, Mor.",92.4
-99.265,19.028889,MOR,HUIMR,"Huitzilac, Mor.",107.9
-99.025,18.441389,MOR,HUTMR,"Huautla, Mor.",133.7
-99.158611,18.883611,MOR,IMTMR,"Instituto Mexicano de Tecnología del Agua, Mor. SMN*",54.1
-98.8,18.7,MOR,JNCMR,"Jonacatepec, Mor.",55.8
-99.2,18.6,MOR,JOJMR,"Jojutla, Mor.",50.5
-98.914444,18.683611,MOR,LCUMR,"La Cuera, Mor.",92.4
-99.4,18.7,MOR,MIAMR,"Miacatlán, Mor.",95.0
-99.004722,18.727222,MOR,MYOMR,"Moyotepec, Mor.",74.6
-98.901389,18.900556,MOR,OAXMR,"Oaxtepec, Mor.",137.0
-99.219167,18.908889,MOR,OBSMR,"Observatorio de Cuernavaca, Mor.",181.1
-98.758611,18.8825,MOR,OCTMR,"Ocuituco, Mor.",97.8
-99.433333,18.8675,MOR,PAPMR,"Palpan, Mor.",98.2
-99.322778,18.633333,MOR,PIXMR,"Puente de Ixtla, Mor.",52.0
-99.156944,18.771111,MOR,PROMR,"Progreso, Mor.",121.7
-99.331389,18.765278,MOR,RODMR,"El Rodeo, Mor.",88.0
-99.042778,18.580278,MOR,SPHMR,"San Pablo Hidalgo, Mor.",58.3
-98.83,18.638333,MOR,TEBMR,"Tepalcingo Bachillerato, Mor.",78.7
-99.223611,18.856944,MOR,TEMMR,"Temixco, Mor.",118.6
-98.710278,18.876389,MOR,TETMR,"Tetela del Volcán, Mor.",24.5
-99.103889,18.794167,MOR,TICMR,"Ticumán, Mor.",88.2
-98.943611,19.038056,MOR,TLCMR,"Tlacualera, Mor.",53.2
-98.75,18.813333,MOR,TLOMR,"Tlacotepec, Mor.",72.5
-99.241667,19.054167,MOR,TMAMR,"Tres Marías, Mor.",120.5
-98.786944,18.778056,MOR,TMCMR,"Temoac, Mor.",68.8
-99.093889,18.705833,MOR,TMPMR,"Temilpa, Mor.",54.8
-98.92,18.9875,MOR,TOTMR,"Totolapan, Mor.",60.9
-98.843611,18.596389,MOR,TPLMR,"Tepalcingo, Mor.",63.6
-99.072778,18.971389,MOR,TPZMR,"Tepoztlán, Mor.",192.5
-99.250278,18.611111,MOR,TQGMR,"Tequesquitengo, Mor.",83.8
-99.190278,18.528889,MOR,XICMR,"Xicatlacotla, Mor.",112.3
-99.25,18.683333,MOR,XXOMR,"Xoxocotla, Mor.",48.2
-99.050556,18.899167,MOR,YAHMR,"Yautepec, Mor.",132.5
-99.196667,18.651389,MOR,ZCTMR,"Observatorio de Zacatepec, Mor.",47.0
-105.354167,22.49,NAY,ACANR,"Acaponeta, Nay.",323.6
-104.802222,21.839167,NAY,AGMNR,"Aguamilpa Solidaridad, Nay.",124.7
-104.5,21.944167,NAY,CHPNR,"Chapalagana, Nay.",98.0
-104.450833,21.428333,NAY,CJNNR,"Leonardo Rodríguez Alcaine, Nay.",82.4
-105.136667,20.889722,NAY,GAVNR,"Gaviotas, Nay.",272.6
-104.516944,22.250833,NAY,JMANR,"Jesús María, Nay.",101.0
-105.211667,22.119722,NAY,ROMNR,"Rosamorada, Nay.",391.4
-104.8875,21.780833,NAY,RSRNR,"San Rafael, Nay.",171.7
-105.1425,21.958333,NAY,RUINR,"Ruiz, Nay.",369.5
-105.285556,21.531389,NAY,SANBLASmar,"San Blas, Nay. SEMAR*",181.2
-104.891944,21.489444,NAY,TEPNR,"Observatorio de Tepic, Nay.",230.2
-99.680556,24.897222,NL,ADJUNTASHUALA,"Las Adjuntas, N.L. SGT*",63.3
-99.816667,24.1,NL,ARRNL,"Aramberri, N.L.",5.7
-99.911667,24.321944,NL,ASCNL,"La Ascensión, N.L.",14.0
-99.743889,24.99,NL,CABNL,"Cabezones, N.L.",72.7
-99.578889,24.871944,NL,CAMNL,"Camacho, N.L.",33.4
-99.439444,24.976111,NL,CARNL,"Carmen de los Elizondo Linares, N.L.",64.2
-99.276944,25.711667,NL,CCHNL,"Cuchillo Solidaridad, N.L.",25.0
-99.975,25.590278,NL,CDRNL,"Cadereyta, N.L.",73.1
-99.746944,27.699167,NL,COLOMBIA,"Colombia, N.L. SGT*",77.7
-99.399722,24.9375,NL,CPRNL,"José López Portillo, N.L.",53.5
-99.6975,24.783611,NL,CRUNL,"Crucitas, N.L.",39.7
-99.614167,26.091389,NL,CRVNL,"Cerralvo, N.L.",37.8
-100.308333,25.576944,NL,ELDIENTE,"El Diente, N. L. SMN*",12.0
-100.083333,24.833333,NL,GALNL,"Galeana, N.L.",83.0
-100.128056,25.428056,NL,LBCNL,"Rodrigo Gómez, N.L.",78.8
-99.527222,25.497222,NL,LERNL,"Las Enramadas, N.L.",82.0
-99.833333,25.174167,NL,MTMNL,"Montemorelos, N.L.",18.3
-100.271667,25.6825,NL,MTRNL,"Monterrey, N.L.",23.4
-100.304722,25.733611,NL,OBSNL,"Observatorio de Monterrey, N.L.",9.8
-99.221667,24.992778,NL,PAMNL,"La Pamona, N.L.",14.0
-100.128889,25.429444,NL,PLABOCA,"Presa La Boca, N.L. SGT*",58.1
-100.551111,25.028333,NL,SRANL,"San Rafael, N.L.",16.2
-95.700556,16.010833,OAX,ASTOX,"Astata, Oax.",34.0
-96.1,17.016667,OAX,AYUOX,"Ayutla, Oax.",69.2
-95.929167,16.647222,OAX,BOQOX,"Boquilla 1, Oax.",1.8
-98.278333,17.532778,OAX,CALOX,"Calihualá, Oax.",60.5
-96.263611,17.999167,OAX,CDOOX,"Miguel de la Madrid Hurtado, Oax.",180.9
-94.816667,16.583333,OAX,CHIOX,"Chicapa, Oax.",161.2
-97.023056,17.459167,OAX,CMTOX,"Santiago Camotlán, Oax.",22.1
-97.799444,16.780278,OAX,COSOX,"Cosoltepec, Oax.",35.0
-96.721944,15.812222,OAX,COZOX,"San Francisco Cozoaltepec, Oax.",47.8
-96.658333,18.492778,OAX,CSPOX,"Cosolapa, Oax.",100.7
-96.388889,18.1525,OAX,DPSOX,"Dique Pescaditos, Oax.",243.5
-95.374444,16.434722,OAX,EMAOX,"El Marqués, Oax.",26.1
-97.819167,17.746389,OAX,FOYOX,"San Francisco Yosocuta, Oax.",29.3
-97.776111,17.806667,OAX,HDLOX,"Huajuapan de León, Oax.",23.9
-97.776111,17.806667,OAX,HLOOX,"Observatorio de Huajuapan de León, Oax.",11.8
-96.133889,15.748889,OAX,HUATULCOmar,"Huatulco, Oax. SEMAR*",42.7
-95.869722,17.024722,OAX,HUYOX,"Huayapam, Oax.",32.0
-95.053889,16.503611,OAX,IXTALTEPEC,"Ixtaltepec, Oax. SGT*",85.2
-95.1,16.583333,OAX,IXTOX,"Ixtepec, Oax.",38.2
-96.2,17.866667,OAX,JACOX,"Jacatepec, Oax.",295.0
-95.483333,17.45,OAX,MAROX,"María Lombardo, Oax.",148.0
-96.733333,17.066667,OAX,OACOX,"Oaxaca Centro, Oax.",32.3
-96.7,17.001389,OAX,OAOOX,"Observatorio de Aeropuerto Oaxaca, Oax.",38.4
-94.4,16.5,OAX,OSTOX,"Ostuta, Oax.",55.6
-96.083333,18.166667,OAX,PAPOX,"Papaloapan, Oax.",146.5
-96.716667,17.072778,OAX,PIAOX,"Organismo de Cuenca Pacífico Sur PIAE, Oax.",35.5
-96.483333,15.666667,OAX,PTAOX,"Observatorio de Puerto Ángel, Oax.",17.3
-95.481389,16.585278,OAX,RHOOX,"Río Hondo, Oax.",67.5
-97.725,16.102778,OAX,RVEOX,"Río Verde, Oax.",55.7
-96.55,17.266667,OAX,SCIOX,"Ixtepeji, Oax.",36.0
-95.2,16.183333,OAX,SCROX,"Observatorio de Salina Cruz, Oax.",55.3
-96.533333,17.883333,OAX,SFUOX,"San Felipe Usila, Oax.",399.1
-98.1425,17.501389,OAX,SLAOX,"Silacayoápam, Oax.",135.1
-97.680278,18.188611,OAX,SNCOX,"Santiago Chazumba, Oax.",0.0
-96.55,18.05,OAX,STDOX,"Santo Domingo, Oax.",311.6
-97.536667,17.726111,OAX,STTOX,"Santiago Teotongo, Oax.",7.3
-96.412222,18.232222,OAX,TEMOX,"Presidente Alemán, Oax.",130.7
-97.424444,17.550556,OAX,TEPOX,"San Juan Teposcolula, Oax.",59.9
-95.6,16.416667,OAX,TEQOX,"Tequisistlán, Oax.",4.7
-96.544722,15.739167,OAX,TNMOX,"Tonameca, Oax.",56.6
-97.808333,17.654444,OAX,TSLOX,"Heroica Villa Tezoatlán de Segura y Luna, Oax.",58.2
-96.435278,17.933056,OAX,UCFOX,"Usila CFE, Oax.",451.8
-96.3,17.776389,OAX,VANOX,"Valle Nacional, Oax.",209.0
-97.826111,17.724444,OAX,YOSOX,"Yosocuta, Oax.",32.5
-95.93,17.15,OAX,ZACOX,"Zacatepec, Oax.",255.6
-98.389444,17.755278,OAX,ZALOX,"Zapotitlán Lagunas, Oax.",205.5
-94.216111,16.4025,OAX,ZANOX,"Zanatepec, Oax.",88.0
-97.818056,17.889722,OAX,ZAPOX,"Zapotitlán Palmas, Oax.",27.0
-98.285,19.016667,PUE,ACAPB,"Acatepec, Pue.",0.0
-97.418056,19.45,PUE,ACHPB,"Alchichilca, Pue.",2.5
-97.934167,19.0625,PUE,ACJPB,"Acajete, Pue.",39.5
-98.055,18.277222,PUE,ADOPB,"Acatlán de Osorio, Pue.",17.8
-98.135833,18.9425,PUE,AFRPB,"Áfricam, Pue.",37.7
-97.920833,18.854167,PUE,AHAPB,"Ahuatepec, Pue.",30.0
-97.845,20.406944,PUE,APAPB,"Apapantilla, Pue.",129.9
-98.420833,18.921111,PUE,ATXPB,"Atlixco, Pue.",150.0
-97.881111,20.385833,PUE,AVCPB,"Ávila Camacho, Pue.",109.3
-97.503333,19.961389,PUE,BAIPB,"Buenos Aires CFE, Pue.",53.4
-98.108611,18.9125,PUE,BDDPB,"Manuel Ávila Camacho, Pue.",34.0
-97.441667,18.987222,PUE,CDSPB,"Ciudad Serdán, Pue.",28.5
-97.958333,18.968889,PUE,CEMPB,"Cemex, Pue.",64.6
-97.360833,18.316389,PUE,CHCPB,"Chilac, Pue.",0.0
-98.579167,18.516111,PUE,CHIPB,"Chietla, Pue.",61.0
-98.318056,19.068611,PUE,CHLPB,"Cholula, Pue.",90.0
-98.198611,19.022778,PUE,CNAPB,"Conagua, Pue.",184.0
-98.049722,19.743333,PUE,CNGPB,"Chignahuapan, Pue.",16.2
-98.164722,18.612778,PUE,COAPB,"Coatzingo, Pue.",41.3
-98.059444,19.092778,PUE,CPLPB,"Capulac, Pue.",323.0
-97.516667,20.033333,PUE,CTZPB,"Cuetzalan del Progreso, Pue.",231.5
-98.275556,18.966111,PUE,ECHPB,"Echeverría, Pue.",68.0
-98.456111,19.101111,PUE,HJTPB,"Huejotzingo, Pue.",69.8
-98.540278,18.772222,PUE,HQCPB,"Huaquechula, Pue.",66.5
-98.050833,20.176389,PUE,HUAPB,"Huauchinango, Pue.",81.5
-97.815833,19.621667,PUE,IXTPB,"Ixtacamaxtitlán, Pue.",33.5
-98.466389,18.610833,PUE,IZMPB,"Izúcar de Matamoros, Pue.",75.0
-97.691111,19.457222,PUE,LIBPB,"Libres, Pue.",26.0
-98.231111,19.010556,PUE,MAYPB,"Mayorazgo 21 Poniente, Pue.",146.0
-97.850278,20.733056,PUE,MTLPB,"Metlaltoyuca, Pue.",0.0
-96.781389,18.360278,PUE,NARPB,"Naranjastitla, Pue.",172.1
-98.000556,20.216667,PUE,NNEPB,"Necaxa, Pue.",142.5
-97.533333,19.7,PUE,OYAPB,"Oyameles, Pue.",0.0
-98.156667,20.2775,PUE,PAHUATLAN,"Pahuatlán de Valle, Pue. SGT*",26.7
-97.251389,18.918056,PUE,PCRPB,"Paso Carretas, Pue.",149.0
-98.264722,18.2,PUE,PIXPB,"Piaxtla, Pue.",36.9
-97.702778,20.445833,PUE,PTEPALOMAS,"Puente Palomas, Pue. SGT*",82.4
-97.883333,20.233333,PUE,PTLPB,"Patla, Pue.",208.5
-98.166667,19.05,PUE,PUOPB,"Observatorio de Puebla, Pue.",108.2
-97.616667,19.25,PUE,QUIPB,"Quimixtlán, Pue.",93.9
-98.22,19.113056,PUE,SCRPB,"San Cristóbal Caleras, Pue.",120.6
-97.208333,20.131389,PUE,SJAPB,"San José Acateno, Pue.",78.1
-97.91,18.735,PUE,SMCPB,"San Miguel Canoa, Pue.",174.1
-98.4175,19.284167,PUE,SMTPB,"San Martín Texmelucan, Pue.",54.2
-97.446667,19.960833,PUE,SOLPB,"La Soledad, Pue.",160.7
-98.582222,19.330278,PUE,SRTPB,"Santa Rita Tlahuapan, Pue.",101.0
-97.486389,19.952778,PUE,STLPB,"Sontalalco CFE, Pue.",54.3
-97.7925,20.004444,PUE,TDRPB,"Tepango de Rodríguez, Pue.",114.0
-97.7525,18.878889,PUE,TECPB,"Tecamachalco, Pue.",12.6
-97.395556,18.479167,PUE,TEHPB,"Tehuacán, Pue.",1.0
-98.777222,18.451944,PUE,TELPB,"Teotlalco, Pue.",109.8
-97.805833,19.829444,PUE,TEOPB,"Tetela de Ocampo, Pue.",17.0
-97.9475,20.21,PUE,TEPPB,"Tepexic, Pue.",152.6
-97.430556,18.468889,PUE,TETPB,"Teotipilco, Pue.",0.0
-97.359722,19.815278,PUE,TEZPB,"Teziutlán, Pue.",75.5
-97.876111,20.315278,PUE,TLAXCALALTON,"Tlaxcalaltongo, Pue. SGT*",105.1
-96.849722,18.405,PUE,TLPPB,"Tlacotepec de Díaz, Pue.",414.5
-97.491944,19.489167,PUE,TPYPB,"Tepeyahualco, Pue.",7.0
-96.861389,18.483611,PUE,TYAPB,"Tepeyac, Pue.",268.1
-98.050833,20.176389,PUE,UDSPB,"Universidad de la Sierra, Pue.",75.0
-97.675833,20.510278,PUE,VENPB,"Venustiano Carranza, Pue.",38.0
-97.956944,20.277222,PUE,XDJPB,"Xicotepec de Juárez, Pue.",253.0
-97.585,19.859722,PUE,ZCPPB,"Zacapoaxtla, Pue.",6.6
-97.011389,18.332222,PUE,ZOQPB,"Zoquitlán, Pue.",68.0
-97.832778,20.178611,PUE,ZRGPB,"Zaragoza, Pue.",6.5
-100.412222,20.504167,QRO,BATQT,"El Batán, Qro.",20.0
-100.435556,20.604167,QRO,CARQT,"Carrillo, Qro.",0.0
-100.080278,20.418611,QRO,CNSQT,"Constitución de 1917, Qro.",20.5
-100.453333,20.535,QRO,EPUQT,"El Pueblito, Qro.",44.0
-100.366667,20.566667,QRO,GHQQT,"Gerencia Hidalgo, Qro.",24.8
-99.9625,20.198611,QRO,IDFQT,"San Ildefonso, Qro.",55.3
-99.479722,21.230278,QRO,JLPQT,"Jalpan, Qro.",6.9
-100.45,20.7,QRO,JRQQT,"Juriquilla, Qro.",39.5
-100.366667,20.566667,QRO,OBSQT,"Observatorio de Querétaro, Qro.",33.5
-99.815,21.055833,QRO,PMLQT,"Peñamiller, Qro.",1.5
-100,20.3625,QRO,SJSQT,"San José, Qro.",43.5
-86.820278,21.156667,QROO,CANQR,"Cancún, Q. Roo.",68.0
-87.300556,18.755556,QROO,CHINCHORROmar,"Banco Chinchorro, Q. Roo. SEMAR*",165.4
-88.3275,18.500556,QROO,CHOQR,"Observatorio de Chetumal, Q. Roo.",186.2
-88.300833,18.518889,QROO,CHTQR,"Chetumal Tecnológico, Q. Roo.",176.5
-86.775833,21.074444,QROO,CNCQR,"Cancún Radar, Q. Roo. SMN*",110.1
-86.946111,20.51,QROO,COZQR,"Cozumel, Q. Roo.",187.0
-88.045,19.575556,QROO,FCRQR,"Observatorio de Felipe Carrillo Puerto, Q. Roo.",241.8
-88.459444,18.572222,QROO,INIQR,"Instituto Nacional de Innovación Agraria, Q. Roo.",187.4
-88.703611,19.752222,QROO,JMORELOS,"José María Morelos, Q. Roo. SMN*",176.8
-87.077778,20.634444,QROO,PDCQR,"Playa del Carmen, Q. Roo.",44.8
-106.654167,24.047222,SIN,ACTSI,"Acatitán, Sin.",120.5
-109.183333,25.916667,SIN,AHMSI,"Ahome, Sin.",0.5
-107.383333,25.090278,SIN,AL2SI,"El Varejonal hidrométrica, Sin.",60.5
-107.388333,25.101389,SIN,ALMSI,"Adolfo López Mateos, Sin.",60.5
-108.7,25.7,SIN,ARCSI,"Adolfo Ruíz Cortínes, Sin.",0.0
-107.466667,25.033333,SIN,AWSSI,"Andrew Weiss, Sin.",80.5
-107.5375,25.333333,SIN,BDRSI,"Badiraguato, Sin.",70.0
-108.329167,26.736111,SIN,CHXSI,"Observatorio de Choix, Sin.",60.0
-107.4,24.816667,SIN,CLCSI,"Culiacán, Sin.",38.0
-109.333333,26.1,SIN,CRRSI,"El Carrizo, Sin.",12.5
-108.065556,25.484722,SIN,EBLSI,"Lic. Eustaquio Buelna, Sin.",63.9
-108.616667,26.433333,SIN,EFTSI,"El Fuerte, Sin.",54.8
-108.480833,25.806667,SIN,ENASI,"Estación Naranjo, Sin.",6.1
-108.316667,26.083333,SIN,GB2SI,"El Sabinal hidrométrica, Sin.",44.0
-107.911944,25.855278,SIN,GD2SI,"Bacurato hidrométrica de Gustavo Diaz Ordáz, Sin.",28.0
-107.911111,25.856667,SIN,GDOSI,"Gustavo Díaz Ordaz, Sin.",26.0
-108.091667,25.469444,SIN,GMCSI,"Guamúchil, Sin.",52.7
-108.466667,25.716667,SIN,GSVSI,"Guasave, Sin.",1.0
-107.225,25.344444,SIN,GTNSI,"Guatenipa, Sin.",98.5
-106.595833,23.955556,SIN,IXPSI,"Ixpalino, Sin.",63.5
-107.059444,24.753611,SIN,JGRSI,"Juan Guerrero Alcocer, Sin.",53.0
-106.807222,24.571667,SIN,JLPSI,"José López Portillo, Sin.",12.5
-108.712222,26.437222,SIN,JODSI,"El Sabino, Sin.",22.5
-108.7025,26.426944,SIN,JORSI,"Josefa Ortiz de Domínguez, Sin.",22.5
-106.9,23.916667,SIN,LCRSI,"La Cruz, Sin.",130.0
-108.35,26.904167,SIN,LD2SI,"Huites hidrométrica, Sin.",89.5
-108.367778,26.844722,SIN,LDCSI,"Luis Donaldo Colosio, Sin.",89.5
-109,25.8,SIN,MCHSI,"Los Mochis, Sin.",0.2
-108.583333,26.5,SIN,MHGSI,"Miguel Hidalgo, Sin.",25.0
-106.4,23.233333,SIN,MZTSI,"Observatorio de Mazatlán, Sin.",295.6
-107.188056,24.251111,SIN,OBISPO,"Obispo, Sin. SMN*",29.2
-107.440556,24.634722,SIN,OBSSI,"Observatorio de Culiacán, Sin.",21.2
-108.58,26.509722,SIN,PMHSI,"Miguel Hidalgo, Sin.",25.0
-106.466667,23.5625,SIN,QLTSI,"Quelite, Sin.",40.2
-107.755833,25.124722,SIN,RAVSI,"Estación Rancho Viejo, Sin.",0.0
-105.85,22.983333,SIN,RSRSI,"Rosario, Sin.",121.0
-107.843333,25.485556,SIN,SANJUAN,"San Juan, Sin. SMN*",59.5
-106.952778,24.484722,SIN,SCRSI,"Santa Cruz, Sin.",111.7
-108.779167,26.073611,SIN,SFRSI,"Sufragio, Sin.",28.0
-107.8425,25.486667,SIN,SJNSI,"San Juan, Sin.",57.9
-107.1,24.45,SIN,SLRSI,"San Lorenzo, Sin.",25.5
-106.695833,24.121944,SIN,SLTSI,"Ing. Aurelio Benassini Vizcaíno, Sin.",87.0
-107.158333,24.813889,SIN,SN2SI,"Sanalona hidrométrica, Sin.",69.9
-107.151389,24.815,SIN,SNLSI,"Sanalona, Sin.",63.9
-106.25,23.35,SIN,SQRSI,"Siqueros, Sin.",122.1
-109.070278,25.590833,SIN,TOPOLOBAMPOmar,"Topolobampo, Sin. SEMAR*",5.1
-105.846944,23.088333,SIN,TORSI,"Las Tortugas, Sin.",91.0
-107.059722,24.7475,SIN,VINSI,"Vinoramas, Sin.",60.0
-108.358611,25.739167,SIN,ZOPSI,"El Zopilote, Sin.",18.0
-98.558333,21.972222,SLP,AJTSL,"Las Adjuntas, S.L.P.",4.6
-98.955833,21.748889,SLP,BLMSL,"Ballesmi, S.L.P.",9.4
-99.016667,21.983333,SLP,CDVSL,"Ciudad Valles, S.L.P.",0.0
-99.239444,21.906944,SLP,GANSL,"Gallinas, S.L.P.",33.2
-100.820556,21.88,SLP,IVGSL,"Valentín Gama, S.L.P.",4.7
-100.665833,23.6475,SLP,MA2SL,"Matehuala, S.L.P. SMN*",40.4
-100.642778,23.656944,SLP,MATSL,"Matehuala, S.L.P.",12.6
-99.159444,22.12,SLP,MICSL,"Micos, S.L.P.",13.5
-98.8,21.333333,SLP,MTPSL,"Observatorio de Matlapa, S.L.P.",66.6
-99.32,22.523333,SLP,NRJSL,"Naranjos, S.L.P.",39.0
-100.762222,21.849722,SLP,OCTSL,"Ojo Caliente, S.L.P.",4.7
-99.830556,21.651111,SLP,PMYSL,"Pedro Montoya, S.L.P.",1.8
-98.939722,21.847222,SLP,PUJSL,"El Pujal, S.L.P.",24.0
-98.888611,21.425,SLP,RQTSL,"Requetemu, S.L.P.",38.6
-99.995,21.931389,SLP,RVDSL,"Observatorio de Río Verde, S.L.P.",1.7
-101,22.2,SLP,SGRSL,"Soledad Graciano, S.L.P.",0.0
-101.019167,22.148056,SLP,SLPSL,"Observatorio de San Luis Potosí, S.L.P.",0.0
-99.055833,22.02,SLP,STRSL,"Santa Rosa, S.L.P.",24.9
-98.617222,21.692778,SLP,SVTSL,"San Vicente, S.L.P.",0.0
-99.146111,21.822222,SLP,TANCHACHIN,"Tanchachín, S.L.P. SGT*",40.8
-98.857222,21.246667,SLP,TBLSL,"Tierra Blanca, S.L.P.",53.4
-98.758889,21.241111,SLP,TMTSL,"Temamatla, S.L.P.",15.8
-101.9125,22.831944,SLP,VRASL,"Villa de Ramos, S.L.P.",2.0
-110.226111,29.825,SON,ACNSO,"Aconchi, Son.",34.0
-111.733333,30.716667,SON,ALTSO,"Observatorio de Altar, Son.",7.0
-109.8925,27.8225,SON,AOBSO,"Álvaro Obregón, Son.",0.0
-109.106667,27.226111,SON,ARCSO,"Adolfo Ruíz Cortínes, Son.",22.5
-109.088611,30.07,SON,ARISO,"Aribabi, Son.",10.0
-110.92,29.076667,SON,ARLSO,"Abelardo Rodríguez Luján, Son.",4.8
-110.1675,30.335833,SON,ARZSO,"Arizpe, Son.",12.0
-111.83,28.75,SON,BAHIAKINO,"Bahía de Kino, Son. SMN*",0.0
-110.238611,30.598889,SON,BCNSO,"Bacanuchi, Son.",47.0
-108.931667,30.355278,SON,BCRSO,"Bacerac, Son.",3.0
-112.435278,30.771944,SON,CABORCA,"Caborca, Son. SMN*",2.4
-109.625,27.416667,SON,CCRSO,"Cocoraque, Son.",10.0
-111.516389,30.873333,SON,CHTSO,"Cuauhtémoc, Son.",1.0
-110.736389,29.472222,SON,CJNSO,"El Cajón, Son.",12.7
-110.290833,30.98,SON,CNNSO,"Cananea, Son.",22.1
-109.938056,27.5,SON,COBSO,"Observatorio de Ciudad Obregón, Son.",0.0
-108.7625,26.603611,SON,CZNSO,"Cazanate, Son.",44.7
-110.8,27.95,SON,EPLSO,"Observatorio de Empalme, Son.",0.0
-110.85,27.95,SON,GYMSO,"Guaymas, Son.",7.4
-110.916667,29.066667,SON,HM2SO,"Observatorio de Hermosillo, Son.",4.8
-110.925833,29.073056,SON,HMNSO,"Hermosillo, Son.",2.6
-108.957222,30.210556,SON,HSHSO,"Huachinera, Son.",9.0
-110.886944,30.761667,SON,IMRSO,"Imuris, Son.",16.0
-110.396944,28.426389,SON,IRASO,"Ignacio R. Alatorre, Son.",4.0
-109.378889,30.437778,SON,LCDSO,"Lázaro Cárdenas, Son.",21.5
-110.783333,29.183333,SON,MLNSO,"El Molinito, Son.",14.5
-109.6875,30.374444,SON,NCZSO,"Observatorio de Nacozari, Son.",17.0
-110.947222,31.318889,SON,NGLSO,"Nogales, Son.",1.6
-110.913889,31.297778,SON,NOGALES,"Nogales, Son. SMN*",2.6
-109.443333,27.071944,SON,NVJSO,"Navojoa, Son.",13.9
-112.85,31.866667,SON,NYNSO,"Sonoyta, Son.",45.6
-109.083333,29.433333,SON,PDNSO,"Paso Nácori, Son.",15.0
-109.642222,28.976667,SON,PECSO,"Plutarco Elías Calles, Son.",33.0
-110.725556,29.2125,SON,PMOSO,"Ing. Rodolfo Félix Valdés, Son.",14.5
-113.550833,31.352778,SON,PT2SO,"Observatorio de Puerto Peñasco, Son.",0.2
-110.308333,28.472222,SON,PTASO,"Punta de Agua 2, Son.",36.0
-112.116667,30.697778,SON,PTQSO,"Pitiquito, Son.",10.3
-111.021389,30.050556,SON,QRBSO,"Querobabi, Son.",3.9
-108.876667,27.411944,SON,SBNSO,"San Bernardo, Son.",14.0
-111.445278,30.394722,SON,SRSSO,"Santa Rosa 2, Son.",8.5
-109.5,29.534722,SON,TPCSO,"Tepache, Son.",15.3
-109.2125,27.658333,SON,TSOSO,"Tesocoma, Son.",16.0
-110.289722,27.643611,SON,VCMSO,"Vícam, Son.",0.0
-110.299167,27.639167,SON,VICAM,"Vícam, Son. SGT*",0.0
-108.927778,28.371389,SON,YCRSO,"Yécora, Son.",43.2
-91.483333,17.433333,TAB,BDCTB,"Boca del Cerro, Tab.",206.2
-93.376389,18.001111,TAB,CARTB,"Cárdenas, Tab.",83.5
-92.916667,17.98,TAB,EMUTB,"Villahermosa Muelle, Tab.",128.8
-92.814722,18.043611,TAB,EPOTB,"El Porvenir, Tab.",126.4
-93,17.975,TAB,GONTB,"González, Tab.",188.9
-92.6,17.766667,TAB,MACTB,"Macuspana, Tab.",225.4
-93.316111,17.954444,TAB,MEZCALAPA,"Mezcalapa, Tab. SGT*",6.4
-92.75,17.380556,TAB,OXOTB,"Oxolotán, Tab.",396.8
-93.33,18.42,TAB,PARAISO,"Paraíso, Tab. SMN*",34.3
-92.879167,17.854167,TAB,PNVTB,"Pueblo Nuevo, Tab.",258.5
-93.622778,18.175,TAB,POBLADOC11,"Poblado C11, Tab. SGT*",100.3
-92.877222,18.010833,TAB,PORVENIR,"Porvenir, Tab. SGT*",106.4
-92.9375,17.566667,TAB,PUYTB,"Puyacatengo, Tab.",435.2
-93.275556,17.996944,TAB,SAMTB,"Samaria, Tab.",135.9
-91.158333,17.791667,TAB,SPTTB,"San Pedro, Tab.",85.7
-92.778611,17.456944,TAB,TAPTB,"Tapijulapa, Tab.",343.5
-92.966667,17.566667,TAB,TEATB,"Teapa, Tab.",398.3
-93.8325,17.965556,TAB,ZAMAPA2ASECC,"Zamapa 2a. Sección, Tab. Protección Civil*",64.6
-98.39,24.065556,TAMPS,ABSTP,"Abasolo, Tamps.",13.6
-99.148889,22.986944,TAMPS,AHLTP,"Ahualulco, Tamps.",100.6
-97.926944,22.386111,TAMPS,BALTP,"Bombas Altamira, Tamps.",23.6
-99.123056,24.080556,TAMPS,BR1TP,"El Barretal Uno, Tamps.",44.5
-99.215,24.1025,TAMPS,BRRTP,"El Barretal, Tamps.",29.0
-98.5975,26.238056,TAMPS,CDOTP,"S-J-2-18 Ciudad Díaz Ordaz, Tamps.",10.1
-98.8,26.25,TAMPS,CMGTP,"S-J-2-11 Camargo, Tamps.",10.1
-99.148611,26.430556,TAMPS,CMRTP,"Mier, Tamps.",50.8
-97.817778,25.966389,TAMPS,CONTP,"Control, Tamps.",3.0
-98.935833,23.939167,TAMPS,CORTP,"Corona, Tamps.",14.2
-99.166667,23.716667,TAMPS,CVCTP,"Observatorio de Ciudad Victoria, Tamps.",23.2
-99.1875,23.730278,TAMPS,CVTTP,"Ciudad Victoria, Tamps.",23.8
-99.078611,23.384444,TAMPS,ENNTP,"La Encantada, Tamps.",39.1
-98.691667,22.605,TAMPS,ERCTP,"Estudiante Ramiro Caballero Dorantes, Tamps.",58.4
-99.154722,23.046667,TAMPS,GOMEZFARIAS,"Gómez Farías, Tamps. SGT*",139.8
-98.405278,22.798611,TAMPS,GONZALEZTP,"González, Tamps. SGT*",1.2
-97.953333,23.166389,TAMPS,LAETP,"La Esperanza, Tamps.",2.7
-99.233611,26.408889,TAMPS,LBLTP,"Derivadora Las Blancas, Tamps.",31.0
-99.120556,22.852778,TAMPS,LSRTP,"La Servilleta, Tamps.",67.0
-99.551111,24.566667,TAMPS,MAGTP,"Magueyes, Tamps.",6.5
-97.522778,25.833333,TAMPS,MATTP,"Matamoros, Tamps.",5.0
-97.844167,22.283889,TAMPS,MDRTP,"Madero, Tamps.",0.0
-99.040833,26.374167,TAMPS,MGATP,"S-J-1-2 Miguel Alemán, Tamps.",25.4
-98.705556,22.795833,TAMPS,MGSTP,"Magiscatzín Dos, Tamps.",46.8
-98.713611,22.797222,TAMPS,MGZTP,"Magiscatzín, Tamps.",46.8
-99.434444,24.2525,TAMPS,MHGTP,"Miguel Hidalgo, Tamps.",19.5
-98.925556,26.204722,TAMPS,MRGTP,"Marte Rodolfo Gómez, Tamps.",31.0
-98.633889,22.494444,TAMPS,NVAAPOLONIA,"Nueva Apolonia, Tamps. SGT*",4.2
-98.9,24.05,TAMPS,PADTP,"Padilla, Tamps.",3.9
-97.8,25.8,TAMPS,PANTP,"Pueblo Anáhuac, Tamps.",33.0
-98.745833,23.726667,TAMPS,PDMTP,"Paso de Molina, Tamps.",62.5
-99.019167,24.208056,TAMPS,PILTP,"Pilón, Tamps.",6.6
-99.555833,24.2475,TAMPS,PJMTP,"Pedro José Méndez, Tamps.",84.1
-99.583333,24.183333,TAMPS,PVLTP,"Puerto de Valles, Tamps.",51.8
-99.026111,22.843056,TAMPS,RFRTP,"Río Frío, Tamps.",218.7
-98,25.966667,TAMPS,RIBTP,"Río Bravo, Tamps.",17.8
-97.991944,23.259444,TAMPS,RSPTP,"República Española, Tamps.",15.2
-98.285833,26.079722,TAMPS,RYATP,"S-J-3-42 Reynosa, Tamps.",6.5
-98.883333,26.166667,TAMPS,RYNTP,"S-J-2-9 Reynosa, Tamps.",0.0
-99.093056,23.031389,TAMPS,SBNTP,"Sabinas, Tamps.",163.4
-98.869444,22.784444,TAMPS,SDATP,"Saca de Agua, Tamps.",201.9
-98.787222,23.083611,TAMPS,SGBTP,"San Gabriel, Tamps.",82.7
-98.208889,23.762222,TAMPS,SLMTP,"Observatorio de Soto la Marina, Tamps.",45.4
-98.791389,22.943889,TAMPS,SLZTP,"Lic. Emilio Portes Gil, Tamps.",36.0
-99.274167,24.0225,TAMPS,STETP,"Santa Engracia, Tamps.",32.2
-97.876111,22.238333,TAMPS,TMPTP,"Tampico, Tamps.",17.3
-98.422778,22.423889,TAMPS,TMSTP,"Tamesí, Tamps.",33.7
-97.804167,25.906111,TAMPS,VCATP,"Villa Cárdenas, Tamps.",2.0
-98.666389,23.959444,TAMPS,VGRTP,"Vicente Guerrero, Tamps.",0.5
-97.8,25.7,TAMPS,VHMTP,"Valle Hermoso, Tamps.",0.5
-99.488611,24.303889,TAMPS,VILLAGRAN,"Villagrán, Tamps. SMN*",41.2
-99.551111,24.566667,TAMPS,VSMTP,"Victoria San Marcos, Tamps.",36.0
-98.131111,19.428611,TLAX,APITL,"Apizaco, Tlax.",77.5
-98.563889,19.586111,TLAX,CPPTL,"Calpulalpan, Tlax.",36.6
-97.769722,19.298889,TLAX,CUATL,"Cuapiaxtla, Tlax.",73.7
-97.6475,19.318056,TLAX,ECTTL,"El Carmen Tequexquitla, Tlax.",19.0
-98.246944,19.324722,TLAX,OBSTL,"Observatorio de Tlaxcala, Tlax.",109.0
-98.200556,19.556111,TLAX,SJATL,"San José Atlanga, Tlax.",71.0
-98.243056,19.219444,TLAX,ZACTL,"Zacatelco, Tlax.",96.2
-97.908056,19.200278,TLAX,ZITTL,"Zitlaltepec, Tlax.",140.0
-96.843889,19.695833,VER,ACAVC,"Acatlán, Ver.",152.0
-96.5875,19.495,VER,ACTVC,"Actopan, Ver.",26.8
-94.144444,18.141667,VER,AGDVC,"Agua Dulce, Ver.",201.0
-97.68,20.93,VER,ALAVC,"Álamo Temapache, Ver.",4.0
-97.234722,19.7625,VER,ALTVC,"Altotonga, Ver.",45.6
-95.4375,18.583333,VER,ARCVC,"Ángel Rosario Cabada, Ver.",116.4
-97.236944,19.885833,VER,ARRVC,"Arroyo Colorado Protección Civil, Ver.",190.0
-96.944444,19.588889,VER,BANVC,"Banderilla, Ver.",104.0
-96.933333,19.483333,VER,BRIVC,"Briones, Ver.",220.9
-96.971667,19.948889,VER,BUVVC,"Buena Vista Protección Civil, Ver.",22.2
-94.253889,17.954444,VER,CB2VC,"Planta de Bombeo 2 de La Cangrejera, Ver.",389.0
-95.8,18.3,VER,CCLVC,"Chacaltianguis, Ver.",30.9
-96.697778,19.433056,VER,CEGVC,"Cerro Gordo, Ver.",28.0
-96.853611,18.563333,VER,CHMVC,"Chicomapa, Ver.",252.6
-98.155833,21.7375,VER,CHYVC,"Paso de Piedras, Ver.",1.0
-97.545,21.068333,VER,CLHVC,"Chalahuite, Ver.",0.0
-96.939444,19.453889,VER,COAVC,"Coatepec, Ver.",171.8
-97.470833,20.252778,VER,COMVC,"Comalteco, Ver. PC",8.0
-94.4,18.1,VER,COTVC,"Observatorio de Coatzacoalcos, Ver.",343.8
-96.374444,19.364722,VER,CRDVC,"Cardel, Ver.",86.9
-95.295833,18.144444,VER,CTTVC,"Cuatotolapan, Ver.",26.5
-96.666389,19.361667,VER,CUMVC,"La Cumbre, Ver.",53.0
-95.970833,19.040833,VER,ELSALADOmar,"El Salado, Ver. SEMAR*",112.0
-96.36,19.405833,VER,ENRVC,"El Naranjillo, Ver.",128.0
-96.158333,19.068889,VER,ETEVC,"El Tejar, Ver.",158.9
-96.9975,18.897778,VER,FORVC,"Fortín, Ver.",253.9
-95.556944,18.270556,VER,GARVC,"Garro, Ver.",20.6
-98.459167,21.773611,VER,HGOVC,"El Higo, Ver.",0.0
-98.2875,21.194444,VER,HLSVC,"Los Hules, Ver.",0.0
-96.950833,19.181667,VER,HTSVC,"Huatusco, Ver.",416.5
-96.554167,19.404167,VER,IDOVC,"Ídolos, Ver.",29.0
-97.2175,21.471667,VER,ISLALOBOSmar,"Isla Lobos, Ver. SEMAR*",58.0
-95.033333,17.433333,VER,JCRVC,"Jesús Carranza, Ver.",123.0
-94.088889,17.873611,VER,JDCVC,"San José del Carmen, Ver.",393.7
-97.021111,19.603611,VER,JOYVC,"La Joya, Ver.",343.5
-95.35,18.25,VER,LAUVC,"Lauchapan, Ver.",60.9
-94.330833,18.109444,VER,LCAVC,"La Cangrejera, Ver.",399.1
-95.118333,18.415833,VER,LDCVC,"Canseco, Ver.",56.3
-97.231944,18.922778,VER,LGRVC,"Loma Grande, Ver.",142.0
-96.411111,19.261389,VER,LOFVC,"Loma Fina, Ver.",66.0
-94.916667,17.416667,VER,LPEVC,"Las Perlas, Ver.",145.0
-97.1,19.65,VER,LVRVC,"Las Vigas de Ramírez, Ver.",35.2
-97.048333,20.0675,VER,MDTVC,"Martínez de la Torre, Ver.",86.6
-96.333333,19.15,VER,MFAVC,"Manlio Fabio Altamirano, Ver.",90.0
-98.045,20.8325,VER,MILVC,"Milcahual, Ver.",4.0
-94.771111,18.135278,VER,MNZVC,"Minzapan, Ver.",264.8
-98.5125,21.840278,VER,OLVVC,"El Olivo, Ver.",1.0
-97.1,18.85,VER,ORZVC,"Observatorio de Orizaba, Ver.",537.5
-96.97,19.55,VER,OTIVC,"Otilpan, Ver.",124.5
-94.3775,18.103611,VER,PB3VC,"Planta de Bombeo 3 de La Cangrejera, Ver.",336.5
-94.193611,17.872778,VER,PCNVC,"Planta de Bombeo 1 de La Cangrejera, Ver.",238.0
-97.268333,19.545,VER,PEROTESMN,"Perote, Ver. SMN*",2.0
-96.979722,19.588611,VER,PILVC,"Piletas, Ver.",266.6
-98.176667,22.06,VER,PNCVC,"Pánuco, Ver.",13.6
-97.475,20.543333,VER,POZARICA,"Poza Rica, Ver. SGT*",16.5
-97.316667,20.45,VER,PPNVC,"Papantla, Ver.",2.0
-97.478333,20.540833,VER,PRCVC,"Poza Rica, Ver.",15.0
-98.356667,21.297778,VER,PSNVC,"Platón Sánchez, Ver.",0.0
-96.665,19.043333,VER,PTE4CAMINOS,"Puente Cuatro Caminos, Ver. SGT*",40.1
-96.795278,18.888056,VER,PTNVC,"Potrero Nuevo, Ver.",183.0
-97.809722,20.887222,VER,SBTVC,"Sombrerete, Ver.",37.7
-96.921389,19.578611,VER,SEDVC,"Sedeño, Ver.",123.6
-95.133333,17.883333,VER,SJEVC,"San Juan Evangelista, Ver.",120.4
-97.293056,19.696944,VER,SNTVC,"Santa Ana Protección Civil, Ver.",13.6
-95.033333,18.516667,VER,SONVC,"Sontecomapan, Ver.",210.0
-95.212778,18.450833,VER,STXVC,"San Andrés Tuxtla AC, Ver.",50.4
-96.488889,19.338889,VER,TAMVC,"Tamarindo, Ver.",45.0
-96.966667,19.45,VER,TAPVC,"Tapachapan, Ver.",214.7
-97.125278,18.579722,VER,TLQVC,"Tlaquilpa, Ver.",62.4
-94.163333,17.571944,VER,TMOVC,"Tierra Morada, Ver.",187.0
-98.409444,21.499722,VER,TMPVC,"Tempoal, Ver.",0.0
-96.916667,19.811111,VER,TNCVC,"Tenochtitlán, Ver.",82.5
-97.2225,19.921944,VER,TOMVC,"Tomata, Ver.",122.7
-96.950278,19.233611,VER,TOTVC,"Totutla, Ver.",376.0
-98.153056,21.039722,VER,TRRVC,"Terrerillos, Ver.",12.9
-97.4,20.955556,VER,TXPVC,"Observatorio de Tuxpan, Ver.",1.0
-95.416667,18.466667,VER,TZAVC,"Tres Zapotes, Ver.",84.7
-96.111111,19.154167,VER,VERVC,"Observatorio de Veracruz, Ver.",145.2
-96.613889,19.022222,VER,VTEVC,"Villa Tejeda, Ver.",0.7
-96.927778,19.542222,VER,XBMVC,"Xalapa Bomberos Protección Civil, Ver.",228.2
-96.929167,19.511944,VER,XBSVC,"Xalapa Base Protección Civil, Ver.",237.9
-96.85,19.55,VER,XCFVC,"Xalapa CFE, Ver.",202.8
-96.916111,19.536944,VER,XCNVC,"Xalapa Constituyentes Protección Civil, Ver.",155.6
-96.903889,19.542222,VER,XCRVC,"Xalapa Cristal, Ver.",172.0
-96.901111,19.534722,VER,XDAVC,"Xalapa Dos de Abril, Ver.",132.9
-96.935278,19.529167,VER,XIMVC,"Xalapa IMAC Protección Civil, Ver.",213.8
-96.898056,19.556667,VER,XMNVC,"Xalapa Minas Protección Civil, Ver.",185.4
-96.916667,19.533333,VER,XOBVC,"Observatorio de Xalapa, Ver.",163.2
-96.871667,19.511667,VER,XOLVC,Xalapa Olmos,77.6
-96.923889,19.527222,VER,XPMVC,"Xalapa Palacio Protección Civil, Ver.",215.0
-96.929444,19.563333,VER,XSPVC,"Xalapa Sefiplan Protección Civil, Ver.",207.8
-96.894444,19.555833,VER,XSUVC,"Xalapa Sumidero, Ver.",168.4
-96.777778,19.863889,VER,YECVC,"Yecuatla, Ver.",90.5
-97.388889,19.413889,VER,ZALVC,"Zalayeta, Ver.",3.0
-89.681111,20.649444,YUC,ABAYC,"Abalá, Yuc.",103.0
-89.081667,20.463056,YUC,CANYC,"Cantamayec, Yuc.",230.0
-90.3825,20.858056,YUC,CELYC,"Celestún, Yuc. SMN*",36.4
-89.829444,20.752778,YUC,CHOYC,"Chocholá, Yuc.",111.0
-89.638056,21.03,YUC,CICYC,"Centro de Investigación Científica, Yuc.",127.2
-87.676667,21.5125,YUC,CYOYC,"El Cuyo, Yuc.",22.4
-89.642778,21.048889,YUC,FIYYC,"Facultad de Ingeniería Universidad Autónoma de Yucatán, Yuc.",113.7
-89.612778,20.986111,YUC,GEEYC,"Gerencia, Yuc.",84.1
-89.651111,20.946389,YUC,MEOYC,"Observatorio de Mérida, Yuc.",96.4
-89.4375,21.105556,YUC,MOCYC,"Mocochá, Yuc.",115.9
-89.291667,21.094167,YUC,MTOYC,"Motul, Yuc.",138.5
-89.711667,20.493333,YUC,MUNYC,"Muna, Yuc.",312.6
-89.394722,20.290556,YUC,OXKYC,"Oxkutzcab, Yuc.",294.0
-88.930833,20.1325,YUC,PETYC,"Peto, Yuc.",222.0
-89.653889,21.275833,YUC,PROYC,"Observatorio de Progreso, Yuc.",54.6
-89.558056,20.397778,YUC,TICYC,"Ticul, Yuc.",204.7
-88.1725,21.158611,YUC,TIZYC,"Tizimín, Yuc.",137.5
-88.204167,20.69,YUC,VALYC,"Observatorio de Valladolid, Yuc.",136.1
-103.459167,21.811389,ZAC,ATGZC,"Atolinga, Zac.",59.5
-102.896111,21.997222,ZAC,CHIZC,"El Chique, Zac.",12.8
-101.389167,24.621389,ZAC,CORZC,"Concepción del Oro, Zac.",14.0
-103.098333,23.693333,ZAC,ELCZC,"El Cazadero, Zac.",27.9
-102.040833,22.673056,ZAC,ELSZC,"El Saladillo, Zac.",8.8
-103.35,21.645833,ZAC,EXCZC,"Miguel Alemán, Zac.",51.3
-103.093333,22.933333,ZAC,GJAZC,"General Joaquín Amaro, Zac.",75.0
-102.506667,22.746667,ZAC,GPEZC,"Guadalupe, Zac.",1.6
-103.397778,24.281667,ZAC,JALZC,"Juan Aldama, Zac.",24.3
-102.566944,22.778889,ZAC,LBUZC,"Observatorio de Zacatecas, Zac.",14.9
-102.660556,22.996944,ZAC,LLBZC,"Llano Blanco, Zac.",15.5
-103.382778,22.845278,ZAC,LOBZC,"Manuel Felgueres, Zac.",38.5
-103.216944,23.18,ZAC,LREZC,"Gobernador Leobardo Reynoso, Zac.",18.6
-102.845556,21.3575,ZAC,NCTZC,"Nochistlán, Zac.",46.8
-102.798056,22.347778,ZAC,PALZC,"Palomas, Zac.",14.2
-101.399167,22.1175,ZAC,PINZC,"Pino Suárez, Zac.",0.0
-102.903611,21.711111,ZAC,PMOZC,"Los Moraleños, Zac.",62.5
-103.025833,23.816944,ZAC,RGRZC,"Río Grande, Zac.",21.2
-102.884444,24.322222,ZAC,SFOZC,"San Francisco, Zac.",3.3
-103.506111,24.288611,ZAC,SGOZC,"Santiago, Zac.",40.5
-103.636667,23.638889,ZAC,SOMZC,"Observatorio de Sombrerete, Zac.",51.7
-103.495833,22.326667,ZAC,STEZC,"Independencia Nacional, Zac.",38.5
-103.108889,22.923611,ZAC,STRZC,"Santa Rosa, Zac.",42.4
-102.864167,22.120556,ZAC,TAYZC,"Ing. Julián Adame Alatorre, Zac.",10.5
-103.879722,23.471944,ZAC,TCHZC,"Chalchihuites, Zac.",77.5
-103.309444,21.773611,ZAC,TLLZC,"Tlaltenango, Zac.",34.0
-103.3375,21.588889,ZAC,VILZC,"José María Morelos, Zac.",66.2
-102.506111,22.746667,ZAC,ZA2ZC,"Zacatecas, Zac. SMN*",0.8
-102.576667,22.761389,ZAC,ZACZC,"Zacatecas, Zac.",13.1
